SURVEY_STATIC_ID,REGISTRANT_CODE,RESPONSE_ID,STARTED_ON,PT_NAME,LLT_NAME,MEDDRA_VERSION,ACTIVE,NEWCODE,DATEUPDATED,DATECODED,REG_CODE_PREFIX
vsafe-1-6-daily-dose1,J7N-43124-84063,s244203361479242453537372478154207814904,12/30/2020,Trigeminal neuralgia,Facial neuralgia,25.1,YES,NO,,10/31/2022,J7
vsafe-0-day-dose1,J7V-14516-07173,s245558362550606523440534316756912208846,01/12/2021,Feeling hot,Feeling hot,25.1,YES,NO,,11/11/2022,J7
vsafe-0-day-dose1,J7V-14516-07173,s245558362550606523440534316756912208846,01/12/2021,Feeling jittery,Feeling jittery,25.1,YES,NO,,11/11/2022,J7
vsafe-0-day-dose1,J7V-14516-07173,s245558362550606523440534316756912208846,01/12/2021,Palpitations,Heart racing,25.1,YES,NO,,11/11/2022,J7
vsafe-0-day-dose1,J7Z-29550-38923,s245894253502477846267513018697455932897,01/15/2021,Musculoskeletal stiffness,Muscle stiffness,25.1,YES,NO,,11/15/2022,J7
vsafe-0-day-dose1,J7Z-29550-38923,s245894253502477846267513018697455932897,01/15/2021,Muscle swelling,Muscle swelling,25.1,YES,NO,,11/15/2022,J7
vsafe-0-day-dose1,J7Z-29550-38923,s245894253502477846267513018697455932897,01/15/2021,Mobility decreased,Mobility decreased,25.1,YES,NO,,11/15/2022,J7
vsafe-1-6-daily-dose1,J7Z-29550-38923,s245981850820870613104280754947527188791,01/16/2021,Myalgia,Pain muscle,25.1,YES,NO,,11/16/2022,J7
vsafe-1-6-daily-dose1,J7Z-29550-38923,s245981850820870613104280754947527188791,01/16/2021,Musculoskeletal stiffness,Stiffness shoulder,25.1,YES,NO,,11/16/2022,J7
vsafe-1-6-daily-dose1,J7G-14676-45925,s246089649820065945086985084455013235312,01/17/2021,Contusion,Bruise,25.1,YES,NO,,11/17/2022,J7
vsafe-1-6-daily-dose1,J7Z-29550-38923,s246082658624360200860265486528620984621,01/17/2021,Dysgeusia,Taste peculiar,25.1,YES,NO,,11/17/2022,J7
vsafe-1-6-daily-dose1,J7Z-29550-38923,s246082658624360200860265486528620984621,01/17/2021,Arthralgia,Shoulder pain,25.1,YES,NO,,11/17/2022,J7
vsafe-1-6-daily-dose1,J7G-14676-45925,s246193967023043633435880106635618347202,01/18/2021,Contusion,Bruise,25.1,YES,NO,,11/18/2022,J7
vsafe-1-6-daily-dose1,J7Z-29550-38923,s246187152870576015617122436112288711740,01/18/2021,Pain,Throbbing pain,25.1,YES,NO,,11/18/2022,J7
vsafe-1-6-daily-dose1,J7Z-29550-38923,s246187152870576015617122436112288711740,01/18/2021,Myalgia,Muscle pain,25.1,YES,NO,,11/18/2022,J7
vsafe-1-6-daily-dose1,J7Z-29550-38923,s246287826691904883249529613671633440511,01/19/2021,Pain in extremity,Pain in arm,25.1,YES,NO,,11/18/2022,J7
vsafe-1-6-daily-dose1,J7Z-29550-38923,s246287826691904883249529613671633440511,01/19/2021,Hyperaesthesia,Touch sensitivity increased,25.1,YES,NO,,11/18/2022,J7
vsafe-1-6-daily-dose1,J7Z-29550-38923,s246513695706072711823218015257437574756,01/21/2021,Pain,Pain,25.1,YES,NO,,11/21/2022,J7
vsafe-1-6-daily-dose1,J7Z-29550-38923,s246513695706072711823218015257437574756,01/21/2021,Sensitive skin,Hypersensitive skin,25.1,YES,NO,,11/21/2022,J7
vsafe-7-day-dose1,J7Z-29550-38923,s246601167580463952626904681943608756760,01/22/2021,Injection site pain,Injection site pain,25.1,YES,NO,,11/22/2022,J7
vsafe-1-6-daily-dose1,J72-27579-61812,s246616917182326627956853956645535544435,01/22/2021,Joint swelling,Swollen wrists,25.1,YES,NO,,11/22/2022,J7
vsafe-1-6-daily-dose1,J72-27579-61812,s246616917182326627956853956645535544435,01/22/2021,Arthralgia,Wrist pain,25.1,YES,NO,,11/22/2022,J7
vsafe-1-6-daily-dose1,J72-27579-61812,s246616917182326627956853956645535544435,01/22/2021,Erythema,Redness,25.1,YES,NO,,11/22/2022,J7
vsafe-1-6-daily-dose1,J72-27579-61812,s246804898642492393246962899157651218232,01/24/2021,Tinnitus,Tinnitus,25.1,YES,NO,,11/23/2022,J7
vsafe-0-day-dose1,J7U-16286-43051,s246795510557832130194777642202611498237,01/24/2021,Dizziness,Dizzy,25.1,YES,NO,,11/23/2022,J7
vsafe-1-6-daily-dose1,J7U-16286-43051,s246907335758493172690129967254484988835,01/25/2021,Dizziness,Dizzy,25.1,YES,NO,,11/23/2022,J7
vsafe-1-6-daily-dose1,J7A-26701-00500,s247025082113401556735134227163161185777,01/26/2021,Paraesthesia oral,Tongue abnormal feeling of,25.1,YES,NO,,11/25/2022,J7
vsafe-1-6-daily-dose1,J7U-16286-43051,s247014527205722192165920719640581563025,01/26/2021,Dizziness,Dizzy,25.1,YES,NO,,11/25/2022,J7
vsafe-1-6-daily-dose1,J7A-26701-00500,s247117020562701101945055925611340161282,01/27/2021,Ageusia,Loss of taste,25.1,YES,NO,,11/28/2022,J7
vsafe-1-6-daily-dose1,J7A-26701-00500,s247117020562701101945055925611340161282,01/27/2021,Anosmia,Loss of smell,25.1,YES,NO,,11/28/2022,J7
vsafe-1-6-daily-dose1,J7A-26701-00500,s247117020562701101945055925611340161282,01/27/2021,Hypoaesthesia,Numbness facial,25.1,YES,NO,,11/28/2022,J7
vsafe-1-6-daily-dose1,J7A-26701-00500,s247117020562701101945055925611340161282,01/27/2021,Decreased appetite,Appetite absent,25.1,YES,NO,,11/28/2022,J7
vsafe-1-6-daily-dose1,J7A-26701-00500,s247117020562701101945055925611340161282,01/27/2021,Nausea,Nauseated,25.1,YES,NO,,11/28/2022,J7
vsafe-1-6-daily-dose1,J7A-26701-00500,s247221606297084772062092733440424844932,01/28/2021,SARS-CoV-2 test negative,COVID-19 virus test negative,25.1,YES,NO,,11/29/2022,J7
vsafe-1-6-daily-dose1,J7A-26701-00500,s247221606297084772062092733440424844932,01/28/2021,Anosmia,Loss of smell,25.1,YES,NO,,11/29/2022,J7
vsafe-1-6-daily-dose1,J7A-26701-00500,s247221606297084772062092733440424844932,01/28/2021,Ageusia,Loss of taste,25.1,YES,NO,,11/29/2022,J7
vsafe-1-6-daily-dose1,J7A-26701-00500,s247221606297084772062092733440424844932,01/28/2021,Hypoaesthesia,Numbness in face,25.1,YES,NO,,11/29/2022,J7
vsafe-1-6-daily-dose1,J7A-26701-00500,s247221606297084772062092733440424844932,01/28/2021,Hypoaesthesia oral,Numbness of tongue,25.1,YES,NO,,11/29/2022,J7
vsafe-1-6-daily-dose1,J7A-26701-00500,s247221606297084772062092733440424844932,01/28/2021,Nausea,Nausea,25.1,YES,NO,,11/29/2022,J7
vsafe-1-6-daily-dose1,J7A-26701-00500,s247221606297084772062092733440424844932,01/28/2021,Decreased appetite,Appetite lost,25.1,YES,NO,,11/29/2022,J7
vsafe-1-6-daily-dose1,J7A-26701-00500,s247322279901166976777350009278104739745,01/29/2021,Pain in extremity,Pain in arm,25.1,NO,NO,02/17/2023,11/29/2022,J7
vsafe-1-6-daily-dose1,J7A-26701-00500,s247322279901166976777350009278104739745,01/29/2021,Ageusia,Loss of taste,25.1,YES,NO,,11/29/2022,J7
vsafe-1-6-daily-dose1,J7A-26701-00500,s247322279901166976777350009278104739745,01/29/2021,Anosmia,Loss of smell,25.1,YES,NO,,11/29/2022,J7
vsafe-1-6-daily-dose1,J7A-26701-00500,s247322279901166976777350009278104739745,01/29/2021,Nausea,Nauseated,25.1,YES,NO,,11/29/2022,J7
vsafe-1-6-daily-dose1,J7A-26701-00500,s247322279901166976777350009278104739745,01/29/2021,Vomiting,Vomiting,25.1,NO,NO,02/17/2023,11/29/2022,J7
vsafe-1-6-daily-dose1,J7A-26701-00500,s247322279901166976777350009278104739745,01/29/2021,Pain in extremity,Painful L arm,25.1,YES,YES,02/17/2023,11/29/2022,J7
vsafe-1-6-daily-dose1,J7A-26701-00500,s247322279901166976777350009278104739745,01/29/2021,Immediate post-injection reaction,Immediate post-injection reaction,25.1,YES,YES,02/17/2023,11/29/2022,J7
vsafe-1-6-daily-dose1,J7A-26701-00500,s247322279901166976777350009278104739745,01/29/2021,Malaise,Ill feeling,25.1,YES,YES,02/17/2023,11/29/2022,J7
vsafe-1-6-daily-dose1,J7A-26701-00500,s247322279901166976777350009278104739745,01/29/2021,COVID-19,COVID-19,25.1,NO,NO,02/17/2023,11/29/2022,J7
vsafe-1-6-daily-dose1,J7A-26701-00500,s247322279901166976777350009278104739745,01/29/2021,SARS-CoV-2 test negative,COVID-19 virus test negative,25.1,YES,NO,,11/29/2022,J7
vsafe-1-6-daily-dose2,J78-23546-08348,s247437498171821064932708149827484695600,01/30/2021,Injection site discolouration,Injection site discoloration,25.1,YES,NO,,12/01/2022,J7
vsafe-1-6-daily-dose1,J7A-26701-00500,s247430029174857351002003601594400820714,01/30/2021,Injection site pruritus,Injection site itching,25.1,YES,NO,,11/30/2022,J7
vsafe-1-6-daily-dose1,J7A-26701-00500,s247430029174857351002003601594400820714,01/30/2021,Fatigue,Tiredness,25.1,YES,NO,,11/30/2022,J7
vsafe-1-6-daily-dose1,J7A-26701-00500,s247430029174857351002003601594400820714,01/30/2021,Nausea,Nauseated,25.1,YES,NO,,11/30/2022,J7
vsafe-1-6-daily-dose1,J7A-26701-00500,s247430029174857351002003601594400820714,01/30/2021,Insomnia,Difficulty sleeping,25.1,YES,NO,,11/30/2022,J7
vsafe-1-6-daily-dose1,J7A-26701-00500,s247533354809923971718963868391434778962,01/31/2021,Hypoaesthesia,Numbness in face,25.1,YES,NO,,12/01/2022,J7
vsafe-1-6-daily-dose1,J7A-26701-00500,s247533354809923971718963868391434778962,01/31/2021,Paraesthesia,Facial paraesthesia,25.1,YES,NO,,12/01/2022,J7
vsafe-7-day-dose1,J7A-26701-00500,s247640211112756697506173479038986387727,02/01/2021,Pain in extremity,Pain in arm,25.1,NO,NO,12/04/2022,12/02/2022,J7
vsafe-7-day-dose1,J7A-26701-00500,s247640211112756697506173479038986387727,02/01/2021,Muscular weakness,Weakness of arms,25.1,YES,YES,12/04/2022,12/02/2022,J7
vsafe-7-day-dose1,J7A-26701-00500,s247640211112756697506173479038986387727,02/01/2021,Limb discomfort,Pressure in limbs,25.1,YES,YES,12/04/2022,12/02/2022,J7
vsafe-7-day-dose1,J7A-26701-00500,s247640211112756697506173479038986387727,02/01/2021,Hypoaesthesia,Numbness facial,25.1,YES,YES,12/04/2022,12/02/2022,J7
vsafe-7-day-dose1,J7A-26701-00500,s247640211112756697506173479038986387727,02/01/2021,Paraesthesia,Localized tingling,25.1,YES,YES,12/04/2022,12/02/2022,J7
vsafe-1-6-daily-dose1,J7E-18231-83770,s247855635417972486674159722775815311689,02/03/2021,Headache,Headache,25.1,YES,NO,,12/05/2022,J7
vsafe-0-day-dose2,J7Z-29550-38923,s248810777886764185881614184615665890916,02/12/2021,Injection site swelling,Injection site swelling,25.1,YES,NO,,12/20/2022,J7
vsafe-0-day-dose2,J7Z-29550-38923,s248810777886764185881614184615665890916,02/12/2021,Injection site pain,Injection site pain,25.1,YES,NO,,12/20/2022,J7
vsafe-1-6-daily-dose2,J7Z-29550-38923,s248904533355314272095891282421598573091,02/13/2021,Pain in extremity,Painful R arm,25.1,YES,NO,,12/21/2022,J7
vsafe-1-6-daily-dose2,J7Z-29550-38923,s248904533355314272095891282421598573091,02/13/2021,Myalgia,Muscle soreness,25.1,YES,NO,,12/21/2022,J7
vsafe-1-6-daily-dose2,J7Z-29550-38923,s248904533355314272095891282421598573091,02/13/2021,Muscle swelling,Muscle swelling,25.1,YES,NO,,12/21/2022,J7
vsafe-1-6-daily-dose2,J7Z-29550-38923,s249013396908225585265959117803861200550,02/14/2021,Pyrexia,Fever,25.1,YES,NO,,12/22/2022,J7
vsafe-1-6-daily-dose2,J7Z-29550-38923,s249013396908225585265959117803861200550,02/14/2021,Fatigue,Tiredness,25.1,YES,NO,,12/22/2022,J7
vsafe-1-6-daily-dose2,J7Z-29550-38923,s249013396908225585265959117803861200550,02/14/2021,Pain,Ache,25.1,YES,NO,,12/22/2022,J7
vsafe-1-6-daily-dose2,J7Z-29550-38923,s249013396908225585265959117803861200550,02/14/2021,Swelling,Swelling,25.1,YES,NO,,12/22/2022,J7
vsafe-1-6-daily-dose2,J7Z-29550-38923,s249013396908225585265959117803861200550,02/14/2021,Tenderness,Tenderness,25.1,YES,NO,,12/22/2022,J7
vsafe-1-6-daily-dose2,J7Z-29550-38923,s249112714911932519058030062861975995444,02/15/2021,Swelling,Swelling,25.1,YES,NO,,12/22/2022,J7
vsafe-1-6-daily-dose2,J7Z-29550-38923,s249112714911932519058030062861975995444,02/15/2021,Tenderness,Tenderness,25.1,YES,NO,,12/22/2022,J7
vsafe-1-6-daily-dose2,J7Z-29550-38923,s249112714911932519058030062861975995444,02/15/2021,Fatigue,Tiredness,25.1,YES,NO,,12/22/2022,J7
vsafe-1-6-daily-dose2,J7Z-29550-38923,s249214432078591300428348592902594279446,02/16/2021,Injection site swelling,Injection site swelling,25.1,YES,NO,,12/23/2022,J7
vsafe-1-6-daily-dose2,J7Z-29550-38923,s249214432078591300428348592902594279446,02/16/2021,Injection site pain,Injection site tenderness,25.1,YES,NO,,12/23/2022,J7
vsafe-1-6-daily-dose2,J7Z-29550-38923,s249322080423858183726069345821280365459,02/17/2021,Injection site swelling,Injection site swelling,25.1,YES,NO,,12/24/2022,J7
vsafe-7-day-dose2,J7A-26701-00500,s249828015121617803507498341987609346919,02/22/2021,Immediate post-injection reaction,Immediate post-injection reaction,25.1,YES,NO,,12/29/2022,J7
vsafe-7-day-dose2,J7A-26701-00500,s249828015121617803507498341987609346919,02/22/2021,Hypoaesthesia,Numbness,25.1,YES,NO,,12/29/2022,J7
vsafe-7-day-dose2,J7A-26701-00500,s249828015121617803507498341987609346919,02/22/2021,Paraesthesia,Tingling,25.1,YES,NO,,12/29/2022,J7
vsafe-7-day-dose2,J7A-26701-00500,s249828015121617803507498341987609346919,02/22/2021,Emergency care,Emergency care,25.1,YES,NO,,12/29/2022,J7
vsafe-7-day-dose2,J7A-26701-00500,s249828015121617803507498341987609346919,02/22/2021,Vaccine positive rechallenge,Vaccine positive rechallenge,25.1,YES,NO,,12/29/2022,J7
vsafe-1-6-daily-dose2,J7E-18231-83770,s250566431997601865373557588148993298002,03/01/2021,Pain in extremity,Pain in fingers,25.1,YES,NO,,01/05/2023,J7
vsafe-1-6-daily-dose2,J7U-16286-43051,s250558837128222930835469594120778559611,03/01/2021,Chest pain,Chest pain,25.1,YES,NO,,01/05/2023,J7
vsafe-1-6-daily-dose2,J7U-16286-43051,s250558837128222930835469594120778559611,03/01/2021,Pulmonary pain,Lung pain,25.1,YES,NO,,01/05/2023,J7
vsafe-7-day-dose2,J7E-18231-83770,s250675424831550995255804917033468614521,03/02/2021,Pain in extremity,Pain in fingers,25.1,YES,NO,,01/06/2023,J7
vsafe-1-6-daily-dose2,J7Z-49962-00890,s250874309339649907945921338172435529430,03/04/2021,Photophobia,Photophobia,25.1,YES,NO,,01/09/2023,J7
vsafe-1-6-daily-dose1,J7M-24681-00155,s251091224280553400910321054176628061820,03/06/2021,Pain in extremity,Unilateral leg pain,25.1,YES,NO,,01/10/2023,J7
vsafe-1-6-daily-dose1,J7M-24681-00155,s251091224280553400910321054176628061820,03/06/2021,Muscle spasms,Leg cramps,25.1,YES,NO,,01/10/2023,J7
vsafe-1-6-daily-dose1,J7M-24681-00155,s251091224280553400910321054176628061820,03/06/2021,Chest pain,Chest pain,25.1,YES,NO,,01/10/2023,J7
vsafe-1-6-daily-dose1,J78-19141-77024,s251196092830470504151493415967058958785,03/07/2021,Muscle rigidity,Muscle rigidity,25.1,YES,NO,,01/11/2023,J7
vsafe-7-day-dose1,J73-28520-57876,s251310720240537138775569650678013542683,03/08/2021,Dizziness,Dizziness,25.1,YES,NO,,01/12/2023,J7
vsafe-1-6-daily-dose1,J7J-15640-92834,s251517775232210739410506482241069791283,03/10/2021,Daydreaming,Absent-minded,25.1,YES,NO,,01/13/2023,J7
vsafe-1-6-daily-dose1,J7J-15640-92834,s251517775232210739410506482241069791283,03/10/2021,Aphasia,Word finding difficulty,25.1,YES,NO,,01/13/2023,J7
vsafe-1-6-daily-dose1,J7J-15640-92834,s251517775232210739410506482241069791283,03/10/2021,Thinking abnormal,Thought disorder,25.1,YES,NO,,01/13/2023,J7
vsafe-1-6-daily-dose1,J78-11646-73075,s252233799933156882223464974709020065361,03/17/2021,Chest pain,Chest pain,25.1,YES,NO,,01/27/2023,J7
vsafe-1-6-daily-dose1,J7M-21519-96911,s252235974263718352056852661817878122719,03/17/2021,Hospitalisation,Hospitalization,25.1,YES,NO,,01/27/2023,J7
vsafe-1-6-daily-dose1,J7M-21519-96911,s252235974263718352056852661817878122719,03/17/2021,Adverse reaction,Adverse reaction,25.1,YES,NO,,01/27/2023,J7
vsafe-1-6-daily-dose1,J7M-21519-96911,s252337718681580035729990188335402494552,03/18/2021,Hospitalisation,Hospitalization,25.1,YES,NO,,01/30/2023,J7
vsafe-1-6-daily-dose1,J7R-28920-80355,s252657362766962299914610041605434552460,03/21/2021,Fatigue,Fatigue,25.1,YES,NO,,02/01/2023,J7
vsafe-1-6-daily-dose1,J7R-28920-80355,s252657362766962299914610041605434552460,03/21/2021,Influenza like illness,Flu like symptoms,25.1,YES,NO,,02/01/2023,J7
vsafe-1-6-daily-dose2,J7N-14856-82936,s253488247530156801394837511856561204478,03/29/2021,Lymphadenopathy,Swollen glands,25.1,YES,NO,,02/09/2023,J7
vsafe-1-6-daily-dose2,J7B-92732-83413,s253584202012358698803901260165437629427,03/30/2021,Oedema peripheral,Edema arms,25.1,YES,NO,,02/09/2023,J7
vsafe-1-6-daily-dose2,J7N-14856-82936,s253593325736916599607730748956389044500,03/30/2021,Lymphadenopathy,Axillary lymph nodes enlarged,25.1,YES,NO,,02/09/2023,J7
vsafe-0-day-dose2,J7N-21482-59647,s253705743517189960736190106461371295710,03/31/2021,Dizziness,Light-headed,25.1,YES,NO,,02/10/2023,J7
vsafe-0-day-dose2,J7N-21482-59647,s253705743517189960736190106461371295710,03/31/2021,Dizziness,Dizziness,25.1,YES,NO,,02/10/2023,J7
vsafe-1-6-daily-dose2,J73-28520-57876,s253722283696104397009610305627027554346,03/31/2021,Dizziness,Dizziness,25.1,YES,NO,,02/10/2023,J7
vsafe-1-6-daily-dose2,J7B-92732-83413,s253690363582586308334029836575316810040,03/31/2021,Lymphadenopathy,Axillary lymph nodes enlarged,25.1,YES,NO,,02/10/2023,J7
vsafe-1-6-daily-dose2,J7N-14856-82936,s253698824887558495808045073720834448697,03/31/2021,Irritability,Irritability,25.1,YES,NO,,02/10/2023,J7
vsafe-1-6-daily-dose2,J73-28520-57876,s253812351515114113266210280424734345031,04/01/2021,Dizziness,Dizziness,25.1,YES,NO,,02/13/2023,J7
vsafe-1-6-daily-dose2,J7N-21482-59647,s253813900494040554011122408973931285167,04/01/2021,Dizziness,Light-headed,25.1,YES,NO,,02/13/2023,J7
vsafe-1-6-daily-dose2,J7N-21482-59647,s253813900494040554011122408973931285167,04/01/2021,Dizziness,Dizziness,25.1,YES,NO,,02/13/2023,J7
vsafe-1-6-daily-dose2,J7J-15640-92834,s253914267264585118321286516089698303255,04/02/2021,Self-medication,Self-medication,25.1,YES,NO,,02/14/2023,J7
vsafe-1-6-daily-dose2,J7J-15640-92834,s253914267264585118321286516089698303255,04/02/2021,Pain,Pain,25.1,YES,NO,,02/14/2023,J7
vsafe-1-6-daily-dose2,J7J-15640-92834,s253914267264585118321286516089698303255,04/02/2021,Pyrexia,Fever,25.1,YES,NO,,02/14/2023,J7
vsafe-1-6-daily-dose2,J7J-15640-92834,s254045533703788535616903565612075860502,04/03/2021,Headache,Headache,25.1,YES,NO,,02/15/2023,J7
vsafe-7-day-dose2,J73-28520-57876,s254028648828137352270995559811943940127,04/03/2021,Dizziness,Dizziness,25.1,YES,NO,,02/15/2023,J7
vsafe-1-6-daily-dose2,J7J-15640-92834,s254130831342285182677945896616854181441,04/04/2021,Headache,Headache,25.1,YES,NO,,02/15/2023,J7
vsafe-1-6-daily-dose2,J7J-15640-92834,s254253815531710335084596190634870187128,04/05/2021,Headache,Headache,25.1,YES,NO,,02/16/2023,J7
vsafe-1-6-daily-dose1,J7C-28040-07343,s254426556845941964152024650435258913062,04/07/2021,Insomnia,Difficulty sleeping,25.1,YES,NO,,02/17/2023,J7
vsafe-1-6-daily-dose2,J7G-14468-28117,s254435319384392880157687216374429657559,04/07/2021,Dizziness,Light headedness,25.1,YES,NO,,02/17/2023,J7
vsafe-1-6-daily-dose2,J7G-14468-28117,s254645099718725681159965469724669293292,04/09/2021,Dizziness,Lightheadedness,25.1,YES,NO,,02/21/2023,J7
vsafe-1-6-daily-dose2,J7G-14468-28117,s254645099718725681159965469724669293292,04/09/2021,Diarrhoea,Diarrhea,25.1,YES,NO,,02/21/2023,J7
vsafe-1-6-daily-dose2,J7G-14468-28117,s254645099718725681159965469724669293292,04/09/2021,Nausea,Nausea,25.1,YES,NO,,02/21/2023,J7
vsafe-1-6-daily-dose2,J7M-24681-00155,s254639154465568395146678604956921639827,04/09/2021,Pain in extremity,Hand pain,25.1,YES,NO,,02/21/2023,J7
vsafe-7-day-dose2,J7J-15640-92834,s254645099718625340316937455503168680684,04/09/2021,Headache,Headache,25.1,YES,NO,,02/22/2023,J7
vsafe-7-day-dose2,J7J-15640-92834,s254645099718625340316937455503168680684,04/09/2021,Pain,Shooting pain,25.1,YES,NO,,02/22/2023,J7
vsafe-1-6-daily-dose1,J7B-95025-23896,s254752874136401449219896863600602138238,04/10/2021,Eye allergy,Eye allergy,25.1,YES,NO,,02/22/2023,J7
vsafe-1-6-daily-dose1,J7P-13542-19059,s254851824743867059666329095214474100742,04/11/2021,Abdominal discomfort,Upset stomach,25.1,YES,NO,,02/23/2023,J7
vsafe-1-6-daily-dose2,J7M-24681-00155,s254847962785016429821018229259117426667,04/11/2021,Muscle spasms,Foot cramps,25.1,YES,NO,,02/23/2023,J7
vsafe-1-6-daily-dose1,J7P-13542-19059,s255276356480800286764994262554842367768,04/15/2021,Muscle spasms,Muscle spasms,25.1,YES,NO,,02/28/2023,J7
vsafe-1-6-daily-dose2,J7S-16886-01548,s255672214167042305581106326956017354382,04/19/2021,Cough,Persistent cough,25.1,YES,NO,,03/03/2023,J7
vsafe-1-6-daily-dose2,J79-11695-97481,s255988715566032206744503775897898905507,04/22/2021,Lymphadenopathy,Lymph nodes cervical swollen,25.1,YES,NO,,03/07/2023,J7
vsafe-7-day-dose2,J7S-16886-01548,s255983911743968500490382853715111079581,04/22/2021,Cough,Cough,25.1,YES,NO,,03/07/2023,J7
vsafe-7-day-dose2,J7S-16886-01548,s255983911743968500490382853715111079581,04/22/2021,Fatigue,Fatigue,25.1,YES,NO,,03/07/2023,J7
vsafe-1-6-daily-dose2,J79-11695-97481,s256092177811717089951846788629428568644,04/23/2021,Lymphadenopathy,Swollen lymph nodes,25.1,YES,NO,,03/07/2023,J7
vsafe-1-6-daily-dose2,J79-11695-97481,s256211856630540581796691036094706915159,04/24/2021,Lymphadenopathy,Lymph nodes cervical swollen,25.1,YES,NO,,03/08/2023,J7
vsafe-7-day-dose2,J7K-20741-83893,s256330603441790032398800829374362419446,04/25/2021,Dizziness,Dizziness,25.1,YES,NO,,03/09/2023,J7
vsafe-7-day-dose2,J7K-20741-83893,s256330603441790032398800829374362419446,04/25/2021,Visual acuity reduced,Visual acuity decreased,26.0,YES,NO,,03/09/2023,J7
vsafe-1-6-daily-dose2,J79-11695-97481,s256510091980973958935310926335085025630,04/27/2021,Lymphadenopathy,Swollen lymph nodes,26.0,YES,NO,,03/24/2023,J7
vsafe-7-day-dose2,J79-11695-97481,s256742173544430169399248851931815905568,04/29/2021,Lymphadenopathy,Swollen lymph nodes,25.1,YES,NO,,03/10/2023,J7
vsafe-1-6-daily-dose1,J7Z-11649-77119,s263923233475044407481418582226247520170,07/07/2021,Oropharyngeal pain,Sore throat,26.0,YES,NO,,04/07/2023,J7
vsafe-1-6-daily-dose1,J7Z-11649-77119,s263923233475044407481418582226247520170,07/07/2021,Oral pain,Sore mouth,26.0,YES,NO,,04/07/2023,J7
vsafe-1-6-daily-dose1,J7Z-11649-77119,s263923233475044407481418582226247520170,07/07/2021,Pain in jaw,Pain jaw,26.0,YES,NO,,04/07/2023,J7
vsafe-7-day-dose1,J7Z-11649-77119,s264030131481450451523085848434063374176,07/08/2021,Pain in jaw,Pain jaw,26.0,YES,NO,,04/08/2023,J7
vsafe-7-day-dose1,J7Z-11649-77119,s264030131481450451523085848434063374176,07/08/2021,Oropharyngeal pain,Sore throat,26.0,YES,NO,,04/08/2023,J7
vsafe-7-day-dose1,J7Z-11649-77119,s264030131481450451523085848434063374176,07/08/2021,Palatal swelling,Palatal swelling,26.0,YES,NO,,04/08/2023,J7
vsafe-1-6-daily-dose2,J7Z-11649-77119,s265804098593061041048384885448426266226,07/25/2021,Oropharyngeal pain,Sore throat,26.0,YES,NO,,04/13/2023,J7
vsafe-1-6-daily-dose2,J7Z-11649-77119,s265804098593061041048384885448426266226,07/25/2021,Oral pain,Sore mouth,26.0,YES,NO,,04/13/2023,J7
vsafe-1-6-daily-dose2,J7Z-11649-77119,s265912934590541370741585016736442908707,07/26/2021,Oral pain,Sore mouth,26.0,YES,NO,,04/14/2023,J7
vsafe-1-6-daily-dose2,J7Z-11649-77119,s265912934590541370741585016736442908707,07/26/2021,Oropharyngeal pain,Throat sore,26.0,YES,NO,,04/14/2023,J7
vsafe-0-day-dose1,J75-28801-23432,s267090299377126009769285580474527929877,08/06/2021,Dysgeusia,Taste peculiar,26.0,YES,NO,,05/18/2023,J7
vsafe-1-6-daily-dose1,J75-28801-23432,s267268964618320374719512894717980968423,08/08/2021,Flushing,Flushed face,26.0,YES,NO,,05/26/2023,J7
vsafe-1-6-daily-dose2,J7U-20617-16837,s269158407770031349978506661048156307737,08/26/2021,Pre-existing disease,Pre-existing disease,26.0,YES,NO,,08/01/2023,J7
vsafe-0-day-dose1,J7L-32583-19906,s244424810695263066733224401654147339470,01/01/2021,Taste disorder,Taste alteration,25.1,NO,NO,01/17/2023,11/02/2022,J7
vsafe-0-day-dose1,J7L-32583-19906,s244424810695263066733224401654147339470,01/01/2021,Dysgeusia,Taste peculiar,25.1,YES,YES,01/17/2023,11/02/2022,J7
vsafe-1-6-daily-dose1,J7N-20823-79361,s247560741000542925785239180819649157273,01/31/2021,No adverse event,No adverse reaction,25.1,YES,NO,,12/01/2022,J7
vsafe-0-day-dose2,J7J-25598-14222,s247650043203076801916141425829738081778,02/01/2021,Paraesthesia oral,Tingling lips,25.1,YES,NO,,12/02/2022,J7
vsafe-0-day-dose2,J7J-25598-14222,s247650043203076801916141425829738081778,02/01/2021,Paraesthesia,Tingling,25.1,YES,NO,,12/02/2022,J7
vsafe-0-day-dose2,J7J-25598-14222,s247650043203076801916141425829738081778,02/01/2021,Paraesthesia oral,Tingling tongue,25.1,YES,NO,,12/02/2022,J7
vsafe-0-day-dose2,J7J-25598-14222,s247650043203076801916141425829738081778,02/01/2021,Immediate post-injection reaction,Immediate post-injection reaction,25.1,YES,NO,,12/02/2022,J7
vsafe-0-day-dose2,J7J-25598-14222,s247650043203076801916141425829738081778,02/01/2021,Office visit,Office visit,25.1,YES,NO,,12/02/2022,J7
vsafe-1-6-daily-dose1,J7N-20823-79361,s247749531485140365240128527997256505364,02/02/2021,Headache,Headache,25.1,YES,NO,,12/03/2022,J7
vsafe-1-6-daily-dose1,J7N-20823-79361,s247860612341227031972831383668617036626,02/03/2021,Dizziness,Dizziness,25.1,YES,NO,,12/05/2022,J7
vsafe-0-day-dose2,J7Z-29018-44334,s247877586367789248945443281895823126914,02/03/2021,Neck pain,Neck pain,25.1,YES,NO,,12/05/2022,J7
vsafe-1-6-daily-dose1,J7F-10143-46505,s248062624481697403793925926975865252826,02/05/2021,Pain,Pain,25.1,YES,NO,,12/08/2022,J7
vsafe-1-6-daily-dose1,J7F-10143-46505,s248062624481697403793925926975865252826,02/05/2021,Mobility decreased,Mobility decreased,25.1,YES,NO,,12/08/2022,J7
vsafe-1-6-daily-dose1,J7F-10143-46505,s248062624481697403793925926975865252826,02/05/2021,Insomnia,Difficulty sleeping,25.1,YES,NO,,12/08/2022,J7
vsafe-1-6-daily-dose2,J77-23154-03737,s248898096353397672922146243448136148828,02/13/2021,Peripheral coldness,Cold feet,25.1,YES,NO,,12/21/2022,J7
vsafe-1-6-daily-dose2,J77-23154-03737,s248898096353397672922146243448136148828,02/13/2021,Peripheral coldness,Cold hands,25.1,YES,NO,,12/21/2022,J7
vsafe-1-6-daily-dose2,J77-23154-03737,s248898096353397672922146243448136148828,02/13/2021,Constipation,Constipation,25.1,YES,NO,,12/21/2022,J7
vsafe-1-6-daily-dose2,J77-23154-03737,s249103461417060721616906989453833846221,02/15/2021,Constipation,Constipation,25.1,YES,NO,,12/22/2022,J7
vsafe-1-6-daily-dose2,J7V-13202-73541,s249307910751768194644796891183199208801,02/17/2021,Dizziness,Light-headed,25.1,YES,NO,,12/24/2022,J7
vsafe-1-6-daily-dose2,J7H-95793-00715,s250251625279215835740729801958287391140,02/26/2021,Dizziness,Dizziness,25.1,YES,NO,,01/03/2023,J7
vsafe-1-6-daily-dose2,J7H-95793-00715,s250251625279215835740729801958287391140,02/26/2021,Vertigo,Vertigo,25.1,YES,NO,,01/03/2023,J7
vsafe-1-6-daily-dose2,J7C-61924-77815,s250677661294681539313812603687672648811,03/02/2021,Epistaxis,Nose bleed,25.1,YES,NO,,01/06/2023,J7
vsafe-1-6-daily-dose1,J7S-11307-43077,s250888602883780498159262948457871765371,03/04/2021,Rhinorrhoea,Runny nose,25.1,YES,NO,,01/09/2023,J7
vsafe-7-day-dose2,J7N-20823-79361,s251718577251446312081268001099521638920,03/12/2021,Unevaluable event,Reaction unevaluable,25.1,YES,NO,,01/24/2023,J7
vsafe-7-day-dose2,J7C-26116-24637,s251820727301158861760545413771217760045,03/13/2021,No adverse event,No adverse reaction,25.1,YES,NO,,01/25/2023,J7
vsafe-0-day-dose1,J7S-28204-37103,s251924840195780418346048993434935159201,03/14/2021,Headache,Headache,25.1,YES,NO,,01/25/2023,J7
vsafe-1-6-daily-dose1,J7A-30978-87700,s252228661526752980460291625711475286369,03/17/2021,Pain,Shooting pain,25.1,YES,NO,,01/27/2023,J7
vsafe-1-6-daily-dose1,J7A-30978-87700,s252228661526752980460291625711475286369,03/17/2021,Headache,Pain head,25.1,YES,NO,,01/27/2023,J7
vsafe-1-6-daily-dose1,J7A-30978-87700,s252344616352133095303054912778737970692,03/18/2021,Oropharyngeal pain,Sore throat,25.1,YES,NO,,01/30/2023,J7
vsafe-1-6-daily-dose1,J7A-30978-87700,s252449468569438296646612829736815735173,03/19/2021,Oropharyngeal pain,Sore throat,25.1,YES,NO,,01/30/2023,J7
vsafe-1-6-daily-dose1,J7G-21776-32575,s252480053353690958124985308708141141778,03/19/2021,Dyspnoea,Difficulty breathing,25.1,YES,NO,,01/30/2023,J7
vsafe-1-6-daily-dose1,J7G-21776-32575,s252480053353690958124985308708141141778,03/19/2021,Oropharyngeal pain,Sore throat,25.1,YES,NO,,01/30/2023,J7
vsafe-0-day-dose1,J7K-81168-56055,s252647806009597535262649287756753818007,03/21/2021,Injection site pain,Pain injection site,25.1,YES,NO,,02/01/2023,J7
vsafe-1-6-daily-dose1,J7K-81168-56055,s252756240815653574782240892686449639878,03/22/2021,Headache,Headache,25.1,YES,NO,,02/02/2023,J7
vsafe-1-6-daily-dose2,J7S-10846-54387,s253402333597313863588343488007639813981,03/28/2021,Oesophageal pain,Esophageal pain,25.1,YES,NO,,02/08/2023,J7
vsafe-1-6-daily-dose2,J7S-10846-54387,s253402333597313863588343488007639813981,03/28/2021,Gastrooesophageal reflux disease,Gastroesophageal reflux,25.1,YES,NO,,02/08/2023,J7
vsafe-1-6-daily-dose2,J7S-10846-54387,s253402333597313863588343488007639813981,03/28/2021,Oropharyngeal pain,Pain throat,25.1,YES,NO,,02/08/2023,J7
vsafe-1-6-daily-dose2,J7S-10846-54387,s253402333597313863588343488007639813981,03/28/2021,Ear pain,Pain in ear,25.1,YES,NO,,02/08/2023,J7
vsafe-0-day-dose2,J7S-28204-37103,s254149958005276320146641206064209088839,04/04/2021,No adverse event,No adverse reaction,25.1,YES,NO,,02/15/2023,J7
vsafe-1-6-daily-dose2,J7S-28204-37103,s254222308826353607469731809800592477021,04/05/2021,No adverse event,No adverse reaction,25.1,YES,NO,,02/16/2023,J7
vsafe-1-6-daily-dose2,J7S-28204-37103,s254329686461330214602101234988143499214,04/06/2021,Thinking abnormal,Thinking abnormal,25.1,YES,NO,,02/16/2023,J7
vsafe-1-6-daily-dose2,J7S-28204-37103,s254434330503281848705302441024966758157,04/07/2021,No adverse event,No adverse reaction,25.1,YES,NO,,02/17/2023,J7
vsafe-0-day-dose2,J7X-28210-38735,s254553029099892511227600969060783417645,04/08/2021,Limb discomfort,Heaviness in arm,25.1,YES,NO,,02/20/2023,J7
vsafe-1-6-daily-dose2,J7S-28204-37103,s254540412930757123797345404667294287048,04/08/2021,No adverse event,No adverse reaction,25.1,YES,NO,,02/20/2023,J7
vsafe-1-6-daily-dose2,J7S-28204-37103,s254640446841517680208382222646685348325,04/09/2021,No adverse event,No adverse reaction,25.1,YES,NO,,02/21/2023,J7
vsafe-1-6-daily-dose2,J7X-28210-38735,s255057879830120087761143100739741683237,04/13/2021,Asthenia,Weakness,25.1,YES,NO,,02/25/2023,J7
vsafe-1-6-daily-dose2,J7A-30978-87700,s255266667054550806017234897522590940705,04/15/2021,Chest pain,Pain chest,25.1,YES,NO,,02/28/2023,J7
vsafe-1-6-daily-dose2,J7A-30978-87700,s255266667054550806017234897522590940705,04/15/2021,Hypoaesthesia,Numbness in feet,25.1,YES,NO,,02/28/2023,J7
vsafe-1-6-daily-dose2,J7A-30978-87700,s255266667054550806017234897522590940705,04/15/2021,Paraesthesia,Tingling of extremity,25.1,YES,NO,,02/28/2023,J7
vsafe-1-6-daily-dose2,J7G-12737-72325,s255258222311012746254366042660648169747,04/15/2021,Heart rate increased,Heart rate increased,25.1,YES,NO,,02/28/2023,J7
vsafe-1-6-daily-dose2,J7S-20071-83308,s255481059625260601086988859377938226210,04/17/2021,Pain in extremity,Calf pain,25.1,YES,NO,,03/02/2023,J7
vsafe-1-6-daily-dose1,J79-13877-14277,s255684354378089537142736867580797653234,04/19/2021,Neck pain,Neck pain,25.1,YES,NO,,03/02/2023,J7
vsafe-1-6-daily-dose1,J79-13877-14277,s255684354378089537142736867580797653234,04/19/2021,Ear pain,Ear pain,25.1,YES,NO,,03/02/2023,J7
vsafe-1-6-daily-dose1,J7U-27375-67740,s255796841224965775772033829323246589192,04/20/2021,Dry throat,Dry throat,25.1,YES,NO,,03/03/2023,J7
vsafe-7-day-dose2,J7A-30978-87700,s255892959302029057791909276069602699209,04/21/2021,Chest pain,Chest pain,25.1,YES,NO,,03/06/2023,J7
vsafe-7-day-dose2,J7A-30978-87700,s255892959302029057791909276069602699209,04/21/2021,Chest discomfort,Chest tightness,25.1,YES,NO,,03/06/2023,J7
vsafe-1-6-daily-dose2,J79-13877-14277,s257566086771700619688406551761825461357,05/07/2021,Feeling cold,Feeling cold,26.0,YES,NO,,03/16/2023,J7
vsafe-1-6-daily-dose2,J79-13877-14277,s257566086771700619688406551761825461357,05/07/2021,Neck pain,Neck pain,26.0,YES,NO,,03/16/2023,J7
vsafe-7-day-dose2,J7C-16985-29721,s257954552100920872053115339443247147891,05/11/2021,Lip swelling,Swelling lips,26.0,YES,NO,,03/20/2023,J7
vsafe-7-day-dose2,J7C-16985-29721,s257954552100920872053115339443247147891,05/11/2021,Rash,Rash,26.0,YES,NO,,03/20/2023,J7
vsafe-7-day-dose1,J7Y-26792-74471,s244209739546148033136448344715701142546,12/30/2020,Vision blurred,Blurred vision,25.1,YES,NO,,11/01/2022,J7
vsafe-1-6-daily-dose1,J7S-10407-33605,s245779881675534216485803509380436103234,01/14/2021,Injection site pain,Injection site pain,25.1,YES,NO,,11/15/2022,J7
vsafe-1-6-daily-dose1,J7K-21354-98337,s245978635170594618059020149145897439090,01/16/2021,Swelling,Swelling,25.1,NO,NO,09/20/2023,11/16/2022,J7
vsafe-1-6-daily-dose1,J7K-21354-98337,s245978635170594618059020149145897439090,01/16/2021,Paraesthesia,Tingling,25.1,NO,NO,09/20/2023,11/16/2022,J7
vsafe-1-6-daily-dose1,J7K-21354-98337,s245978635170594618059020149145897439090,01/16/2021,Paraesthesia,Tingling of extremity,26.1,YES,YES,09/20/2023,11/16/2022,J7
vsafe-1-6-daily-dose1,J7K-21354-98337,s245978635170594618059020149145897439090,01/16/2021,Peripheral swelling,Swelling arm,26.1,YES,YES,09/20/2023,11/16/2022,J7
vsafe-1-6-daily-dose1,J7K-21354-98337,s246096843029919590745168942928528851037,01/17/2021,Oropharyngeal pain,Sore throat,25.1,YES,NO,,11/17/2022,J7
vsafe-1-6-daily-dose1,J77-13977-81930,s248478012063884935020358775672574496015,02/09/2021,Night sweats,Night sweats,25.1,YES,NO,,12/14/2022,J7
vsafe-0-day-dose2,J7S-10407-33605,s248599598109904956197316762350748620625,02/10/2021,Pain in extremity,Pain in arm,25.1,YES,NO,,12/16/2022,J7
vsafe-1-6-daily-dose2,J7S-10407-33605,s248679503344647108322642221280606712516,02/11/2021,Injection site pain,Pain injection site,25.1,YES,NO,,12/19/2022,J7
vsafe-1-6-daily-dose2,J7S-10407-33605,s248679503344647108322642221280606712516,02/11/2021,Injection site swelling,Injection site swelling,25.1,YES,NO,,12/19/2022,J7
vsafe-1-6-daily-dose2,J7K-21354-98337,s248810708934733276222559138253258807265,02/12/2021,Urticaria,Hives,25.1,YES,NO,,12/20/2022,J7
vsafe-1-6-daily-dose2,J7S-10407-33605,s248908997539503778477715583622756047522,02/13/2021,Fatigue,Tiredness,25.1,YES,NO,,12/21/2022,J7
vsafe-1-6-daily-dose2,J7S-10407-33605,s248908997539503778477715583622756047522,02/13/2021,Headache,Headache,25.1,YES,NO,,12/21/2022,J7
vsafe-0-day-dose1,J78-14003-54645,s249012730234172611604519851880688047113,02/14/2021,Vertigo,Vertigo,25.1,YES,NO,,12/21/2022,J7
vsafe-0-day-dose1,J78-14003-54645,s249012730234172611604519851880688047113,02/14/2021,Paranasal sinus discomfort,Sinus pressure,25.1,YES,NO,,12/21/2022,J7
vsafe-1-6-daily-dose2,J7S-10407-33605,s249031798659085286466008101482595529852,02/14/2021,Constipation,Constipation,25.1,YES,NO,,12/22/2022,J7
vsafe-1-6-daily-dose2,J7S-10407-33605,s249031798659085286466008101482595529852,02/14/2021,Erythema,Redness facial,25.1,YES,NO,,12/22/2022,J7
vsafe-1-6-daily-dose1,J78-14003-54645,s249311280691501928012854500780975755988,02/17/2021,Dyspepsia,Heartburn,25.1,YES,NO,,12/23/2022,J7
vsafe-1-6-daily-dose1,J78-14003-54645,s249311280691501928012854500780975755988,02/17/2021,Burning sensation,Burning sensation,25.1,YES,NO,,12/23/2022,J7
vsafe-1-6-daily-dose1,J72-10200-50301,s249427255819154658578764139042160923077,02/18/2021,Contusion,Bruising,25.1,YES,NO,,12/27/2022,J7
vsafe-1-6-daily-dose1,J72-10200-50301,s249427255819154658578764139042160923077,02/18/2021,Skin discolouration,Skin discoloration,26.0,YES,NO,,12/27/2022,J7
vsafe-1-6-daily-dose1,J78-14003-54645,s249420461228754227895774023773170855399,02/18/2021,Dyspepsia,Heartburn,25.1,YES,NO,,12/27/2022,J7
vsafe-1-6-daily-dose1,J78-14003-54645,s249420461228754227895774023773170855399,02/18/2021,Gastric disorder,Gastric disorder,26.0,YES,NO,,12/27/2022,J7
vsafe-1-6-daily-dose1,J78-14003-54645,s249527020608776844829356345632353850539,02/19/2021,Sinus congestion,Sinus congestion,25.1,YES,NO,,12/27/2022,J7
vsafe-1-6-daily-dose2,J77-13977-81930,s250457878540962227194088398625446725928,02/28/2021,Unevaluable event,Reaction unevaluable,25.1,YES,NO,,01/05/2023,J7
vsafe-1-6-daily-dose2,J77-13977-81930,s250788683306838086221030537168601929851,03/03/2021,Sinusitis,Sinus infection,25.1,YES,NO,,01/06/2023,J7
vsafe-1-6-daily-dose2,J77-13977-81930,s250788683306838086221030537168601929851,03/03/2021,SARS-CoV-2 test,COVID-19 virus test,25.1,YES,NO,,01/06/2023,J7
vsafe-1-6-daily-dose2,J77-13977-81930,s250896016669511886579830168770883268121,03/04/2021,Nasal congestion,Nasal stuffiness,25.1,YES,NO,,01/09/2023,J7
vsafe-1-6-daily-dose2,J77-13977-81930,s250896016669511886579830168770883268121,03/04/2021,Sinusitis,Sinus infection,25.1,YES,NO,,01/09/2023,J7
vsafe-1-6-daily-dose2,J77-13977-81930,s250980581338604169396429548250647395076,03/05/2021,Paranasal sinus haemorrhage,Paranasal sinus bleeding,25.1,YES,NO,,01/09/2023,J7
vsafe-0-day-dose2,J78-14003-54645,s251096659646368605019501040095046848052,03/06/2021,Hot flush,Hot flashes,25.1,YES,NO,,01/10/2023,J7
vsafe-0-day-dose2,J78-14003-54645,s251096659646368605019501040095046848052,03/06/2021,Dyspepsia,Stomach burning sensation of,25.1,YES,NO,,01/10/2023,J7
vsafe-1-6-daily-dose1,J7R-93862-66592,s251309549078101420914413664340529567234,03/08/2021,No adverse event,No adverse reaction,25.1,YES,NO,,01/11/2023,J7
vsafe-7-day-dose2,J77-13977-81930,s251308581173288963318708114799123367808,03/08/2021,Nasal congestion,Nasal stuffiness,25.1,YES,NO,,01/12/2023,J7
vsafe-7-day-dose2,J77-13977-81930,s251308581173288963318708114799123367808,03/08/2021,Epistaxis,Nose bleed,25.1,YES,NO,,01/12/2023,J7
vsafe-1-6-daily-dose2,J78-14003-54645,s251607461785717396193519890809683094720,03/11/2021,Gastric disorder,Gastric disorder,25.1,YES,NO,,01/23/2023,J7
vsafe-1-6-daily-dose2,J78-14003-54645,s251607461785717396193519890809683094720,03/11/2021,Muscle spasms,Leg spasm,25.1,YES,NO,,01/23/2023,J7
vsafe-1-6-daily-dose1,J74-75057-67844,s251620149250006384299173109386879600354,03/11/2021,Therapeutic response unexpected,Unexpected beneficial therapeutic response,25.1,YES,NO,,01/14/2023,J7
vsafe-1-6-daily-dose2,J78-14003-54645,s251715904270958109355069290475059607440,03/12/2021,Dyspepsia,Epigastric burning,25.1,YES,NO,,01/23/2023,J7
vsafe-7-day-dose2,J78-14003-54645,s251813256942223054862334332376741226008,03/13/2021,Dyspepsia,Stomach burning sensation of,25.1,YES,NO,,01/25/2023,J7
vsafe-7-day-dose2,J78-14003-54645,s251813256942223054862334332376741226008,03/13/2021,Dyspepsia,Epigastric burning,25.1,YES,NO,,01/25/2023,J7
vsafe-1-6-daily-dose1,J72-40414-52315,s253390419413732511206544648902489574555,03/28/2021,Hypoaesthesia,Numbness in face,25.1,YES,NO,,02/08/2023,J7
vsafe-1-6-daily-dose1,J72-40414-52315,s253390419413732511206544648902489574555,03/28/2021,Hypoaesthesia oral,Numbness lips,25.1,YES,NO,,02/08/2023,J7
vsafe-1-6-daily-dose1,J72-40414-52315,s253390419413732511206544648902489574555,03/28/2021,Pruritus,Itching all over,25.1,YES,NO,,02/08/2023,J7
vsafe-1-6-daily-dose1,J72-40414-52315,s253496935814291360626774517878455182730,03/29/2021,Hypoaesthesia oral,Numbness lips,25.1,YES,NO,,02/09/2023,J7
vsafe-1-6-daily-dose1,J72-40414-52315,s253496935814291360626774517878455182730,03/29/2021,Intranasal hypoaesthesia,Intranasal numbness,25.1,YES,NO,,02/09/2023,J7
vsafe-0-day-dose2,J7K-16382-06835,s253583179087745079946878317868303922309,03/30/2021,No adverse event,No adverse reaction,25.1,YES,NO,,02/09/2023,J7
vsafe-1-6-daily-dose2,J7K-16382-06835,s253688310339065377367691125210397416211,03/31/2021,No adverse event,No adverse reaction,25.1,YES,NO,,02/10/2023,J7
vsafe-7-day-dose1,J72-40414-52315,s254237594354586982626875979637602308467,04/05/2021,Adverse reaction,Adverse reaction,25.1,YES,NO,,02/16/2023,J7
vsafe-1-6-daily-dose1,J7N-20249-72653,s254333860072113193363242328233110836799,04/06/2021,Rash,Rash,26.0,YES,NO,,02/16/2023,J7
vsafe-0-day-dose1,J7W-31874-86389,s254436711749019392048497257424634938250,04/07/2021,Injection site pain,Pain injection site,25.1,YES,NO,,02/17/2023,J7
vsafe-1-6-daily-dose2,J7K-39028-20235,s254846168136682473531658961178344435311,04/11/2021,Musculoskeletal chest pain,Rib pain,25.1,YES,NO,,02/23/2023,J7
vsafe-1-6-daily-dose2,J7K-39028-20235,s254846168136682473531658961178344435311,04/11/2021,Dyspnoea,Difficulty breathing,25.1,YES,NO,,02/23/2023,J7
vsafe-1-6-daily-dose2,J7K-39028-20235,s254951827929703000778852322376462038414,04/12/2021,Gastrointestinal inflammation,Intestinal inflammation,25.1,YES,NO,,02/24/2023,J7
vsafe-0-day-dose2,J72-40414-52315,s255508448560687756706455163249592269465,04/17/2021,Hypoaesthesia oral,Numb lips,25.1,YES,NO,,03/02/2023,J7
vsafe-0-day-dose2,J72-40414-52315,s255508448560687756706455163249592269465,04/17/2021,Hypoaesthesia,Numbness in face,25.1,YES,NO,,03/02/2023,J7
vsafe-1-6-daily-dose2,J72-40414-52315,s255816178431181525043416893901419184499,04/20/2021,Dizziness,Dizziness,25.1,YES,NO,,03/03/2023,J7
vsafe-1-6-daily-dose2,J72-40414-52315,s255816178431181525043416893901419184499,04/20/2021,Influenza like illness,Flu like symptoms,25.1,YES,NO,,03/03/2023,J7
vsafe-1-6-daily-dose1,J7X-22764-62246,s256295773088263334604171489794375467744,04/25/2021,Dizziness,Dizziness,25.1,YES,NO,,03/08/2023,J7
vsafe-1-6-daily-dose1,J7X-22764-62246,s256295773088263334604171489794375467744,04/25/2021,Paraesthesia,Tingling of extremity,25.1,YES,NO,,03/08/2023,J7
vsafe-1-6-daily-dose1,J7X-22764-62246,s256295773088263334604171489794375467744,04/25/2021,Insomnia,Insomnia,26.0,YES,NO,,03/08/2023,J7
vsafe-1-6-daily-dose1,J7X-22764-62246,s256295773088263334604171489794375467744,04/25/2021,Cold sweat,Clammy,26.0,YES,NO,,03/08/2023,J7
vsafe-1-6-daily-dose1,J7X-22764-62246,s256295773088263334604171489794375467744,04/25/2021,Muscle twitching,Muscle twitching,26.0,YES,NO,,03/08/2023,J7
vsafe-1-6-daily-dose1,J7X-22764-62246,s256295773088263334604171489794375467744,04/25/2021,Asthenia,Weakness,26.0,YES,NO,,03/08/2023,J7
vsafe-1-6-daily-dose1,J7X-22764-62246,s256410624340115732007387864453700316133,04/26/2021,Muscle twitching,Muscle twitching,26.0,YES,NO,,03/09/2023,J7
vsafe-1-6-daily-dose1,J7X-22764-62246,s256513978984501796437699024381620671398,04/27/2021,Chest discomfort,Tight chest,26.0,YES,NO,,03/24/2023,J7
vsafe-1-6-daily-dose1,J7X-22764-62246,s256513978984501796437699024381620671398,04/27/2021,Abdominal pain,Pain abdominal,26.0,YES,NO,,03/24/2023,J7
vsafe-1-6-daily-dose1,J7X-22764-62246,s256513978984501796437699024381620671398,04/27/2021,Abdominal distension,Distended abdomen,26.0,YES,NO,,03/24/2023,J7
vsafe-1-6-daily-dose1,J7X-22764-62246,s256513978984501796437699024381620671398,04/27/2021,Dyspnoea,Shortness of breath,26.0,YES,NO,,03/24/2023,J7
vsafe-1-6-daily-dose1,J7X-22764-62246,s256513978984501796437699024381620671398,04/27/2021,Dizziness,Lightheadedness,26.0,YES,NO,,03/24/2023,J7
vsafe-1-6-daily-dose1,J7X-22764-62246,s256513978984501796437699024381620671398,04/27/2021,Chest pain,Chest ache,26.0,YES,NO,,03/24/2023,J7
vsafe-1-6-daily-dose1,J7X-22764-62246,s256618401847706898776215801601672793842,04/28/2021,Muscle twitching,Muscle twitching,26.0,YES,NO,,03/24/2023,J7
vsafe-1-6-daily-dose1,J7X-22764-62246,s256722874071410721269721354971904626313,04/29/2021,Muscle twitching,Muscle twitching,26.0,YES,NO,,03/10/2023,J7
vsafe-1-6-daily-dose1,J7X-22764-62246,s256722874071410721269721354971904626313,04/29/2021,Muscle spasms,Muscle spasms,26.0,YES,NO,,03/10/2023,J7
vsafe-1-6-daily-dose1,J7X-22764-62246,s256832397685208432292820735250085320986,04/30/2021,Lymph node pain,Lymph node pain,26.0,YES,NO,,03/11/2023,J7
vsafe-1-6-daily-dose1,J7X-22764-62246,s256832397685208432292820735250085320986,04/30/2021,Electric shock sensation,Electric shock sensation,26.0,YES,NO,,03/11/2023,J7
vsafe-1-6-daily-dose1,J7X-22764-62246,s256832397685208432292820735250085320986,04/30/2021,Pain,Pain,26.0,YES,NO,,03/11/2023,J7
vsafe-7-day-dose1,J76-21321-75513,s257155740552946534189934871782449937853,05/03/2021,Dizziness,Light-headed,25.1,YES,NO,,03/14/2023,J7
vsafe-1-6-daily-dose2,J7X-22764-62246,s261102927670979155482578862366614276520,06/10/2021,Electric shock sensation,Electric shock sensation,26.0,YES,NO,,04/04/2023,J7
vsafe-1-6-daily-dose2,J7X-22764-62246,s261102927670979155482578862366614276520,06/10/2021,Vaccine positive rechallenge,Vaccine positive rechallenge,26.0,YES,NO,,04/04/2023,J7
vsafe-1-6-daily-dose1,J7X-30052-14061,s244096728698542364963707858470700761519,12/29/2020,Fatigue,Fatigue,25.1,YES,NO,,10/30/2022,J7
vsafe-1-6-daily-dose1,J7X-30052-14061,s244096728698542364963707858470700761519,12/29/2020,Hypersomnia,Sleep excessive,25.1,YES,YES,01/17/2023,10/30/2022,J7
vsafe-1-6-daily-dose1,J77-22987-84069,s244310825283155058249167061946565557215,12/31/2020,Wheezing,Wheezing,25.1,YES,NO,,11/02/2022,J7
vsafe-1-6-daily-dose1,J77-22987-84069,s244415872502405688867967986995221412711,01/01/2021,Wheezing,Wheezing,25.1,YES,NO,,11/02/2022,J7
vsafe-1-6-daily-dose1,J77-22987-84069,s244415872502405688867967986995221412711,01/01/2021,Cough,Painful cough,25.1,YES,NO,,11/02/2022,J7
vsafe-1-6-daily-dose1,J77-22987-84069,s244415872502405688867967986995221412711,01/01/2021,Chest pain,Chest pain,25.1,YES,YES,01/17/2023,11/02/2022,J7
vsafe-1-6-daily-dose1,J77-22987-84069,s244515571673116682841657374939988794856,01/02/2021,Wheezing,Wheezing,25.1,YES,NO,,11/03/2022,J7
vsafe-1-6-daily-dose1,J77-22987-84069,s244628063446681857552582734074176246206,01/03/2021,Wheezing,Wheezing,25.1,YES,NO,,11/03/2022,J7
vsafe-1-6-daily-dose1,J77-22987-84069,s244850247264479151774655836929145880989,01/05/2021,Wheezing,Wheezing,25.1,YES,NO,,11/04/2022,J7
vsafe-7-day-dose1,J77-22987-84069,s244946447406951695709273072161977424477,01/06/2021,Wheezing,Wheezing,25.1,YES,NO,,11/07/2022,J7
vsafe-1-6-daily-dose1,J7R-19422-39366,s245339361008163958051456989637905123836,01/10/2021,Oropharyngeal pain,Sore throat,25.1,YES,NO,,11/10/2022,J7
vsafe-1-6-daily-dose1,J7R-19422-39366,s245339361008163958051456989637905123836,01/10/2021,Nasal congestion,Nasal congestion,25.1,YES,NO,,11/10/2022,J7
vsafe-0-day-dose1,J7V-23983-68654,s246100059029248512268548849612352057252,01/17/2021,Injection site pain,Pain injection site,25.1,YES,NO,,11/17/2022,J7
vsafe-1-6-daily-dose1,J7V-10258-04815,s246187798865912942784244523119095185497,01/18/2021,Therapeutic response unexpected,Unexpected beneficial therapeutic response,25.1,YES,NO,,11/18/2022,J7
vsafe-1-6-daily-dose1,J7V-23983-68654,s246199228389604796572164265226309099288,01/18/2021,Injection site pain,Pain injection site,25.1,YES,NO,,11/18/2022,J7
vsafe-1-6-daily-dose1,J7V-23983-68654,s246199228389604796572164265226309099288,01/18/2021,Self-medication,Self-medication,25.1,YES,NO,,11/18/2022,J7
vsafe-1-6-daily-dose1,J7V-23983-68654,s246617346468317275981259577465703675805,01/22/2021,Injection site pain,Injection site pain,25.1,YES,NO,,11/22/2022,J7
vsafe-1-6-daily-dose1,J7X-19698-77853,s246810462457184459168499353146951920144,01/24/2021,No adverse event,No adverse reaction,25.1,YES,NO,,11/23/2022,J7
vsafe-7-day-dose1,J7V-23983-68654,s246802924220117944259802409789490356309,01/24/2021,Monoplegia,Paralysis leg,25.1,NO,NO,07/26/2023,11/23/2022,J7
vsafe-7-day-dose1,J7V-23983-68654,s246802924220117944259802409789490356309,01/24/2021,Monoplegia,Transient paralysis of limb,26.0,YES,YES,07/26/2023,11/23/2022,J7
vsafe-1-6-daily-dose1,J7X-19698-77853,s246918591501668075079811340965549622368,01/25/2021,No adverse event,No adverse reaction,25.1,YES,NO,,11/23/2022,J7
vsafe-1-6-daily-dose1,J7X-19698-77853,s247043725969211334881693184534675880521,01/26/2021,No adverse event,No adverse reaction,25.1,YES,NO,,11/25/2022,J7
vsafe-1-6-daily-dose1,J75-20923-02615,s247228254101959443242198920114805070503,01/28/2021,Sinusitis,Sinus infection,25.1,YES,NO,,11/29/2022,J7
vsafe-1-6-daily-dose1,J75-20923-02615,s247228254101959443242198920114805070503,01/28/2021,Oropharyngeal pain,Sore throat,25.1,YES,NO,,11/29/2022,J7
vsafe-1-6-daily-dose1,J75-20923-02615,s247228254101959443242198920114805070503,01/28/2021,Ear pain,Ear pain,25.1,YES,NO,,11/29/2022,J7
vsafe-7-day-dose1,J7X-19698-77853,s247261713790316160934646327617627283578,01/28/2021,No adverse event,No adverse reaction,25.1,YES,NO,,11/29/2022,J7
vsafe-1-6-daily-dose1,J75-20923-02615,s247326987087376503684868117396814745564,01/29/2021,Oropharyngeal pain,Sore throat,25.1,YES,NO,,11/29/2022,J7
vsafe-1-6-daily-dose1,J75-20923-02615,s247326987087376503684868117396814745564,01/29/2021,Ear pain,Ear pain,25.1,YES,NO,,11/29/2022,J7
vsafe-1-6-daily-dose1,J75-20923-02615,s247451018501999676472834301982967208713,01/30/2021,Cough,Coughing,25.1,YES,NO,,11/30/2022,J7
vsafe-1-6-daily-dose1,J75-20923-02615,s247451018501999676472834301982967208713,01/30/2021,Oropharyngeal pain,Throat pain,25.1,YES,NO,,11/30/2022,J7
vsafe-1-6-daily-dose1,J75-20923-02615,s247543765278002093786762105455507015124,01/31/2021,Cough,Coughing,25.1,YES,NO,,12/01/2022,J7
vsafe-1-6-daily-dose1,J75-20923-02615,s247543765278002093786762105455507015124,01/31/2021,Ear pain,Ear pain,25.1,YES,NO,,12/01/2022,J7
vsafe-1-6-daily-dose1,J75-20923-02615,s247543765278002093786762105455507015124,01/31/2021,Productive cough,Productive cough,25.1,YES,NO,,12/01/2022,J7
vsafe-1-6-daily-dose1,J75-20923-02615,s247543765278002093786762105455507015124,01/31/2021,Dysphonia,Voice disturbance,25.1,YES,NO,,12/01/2022,J7
vsafe-1-6-daily-dose1,J75-20923-02615,s247645794981155166465460556750167625947,02/01/2021,Cough,Coughing,25.1,YES,NO,,12/02/2022,J7
vsafe-7-day-dose1,J72-13596-94421,s247729935288236158780456055911465278122,02/02/2021,Injection site erythema,Injection site redness,25.1,YES,NO,,12/05/2022,J7
vsafe-0-day-dose2,J7U-31286-87279,s248905096097530860374556567375805287629,02/13/2021,Dizziness,Dizzy,25.1,YES,NO,,12/20/2022,J7
vsafe-1-6-daily-dose1,J7M-23466-35314,s248900680788627638450417151093009709550,02/13/2021,Injection site pain,Injection site burning,25.1,YES,NO,,12/21/2022,J7
vsafe-1-6-daily-dose2,J7U-31286-87279,s249012914517319423627061262097182240076,02/14/2021,Dizziness,Dizzy,25.1,YES,NO,,12/22/2022,J7
vsafe-7-day-dose1,J78-19568-32750,s249273561351498698750572042730148105651,02/17/2021,Injection site hypoaesthesia,Injection site numbness,25.1,YES,NO,,12/27/2022,J7
vsafe-7-day-dose1,J78-19568-32750,s249273561351498698750572042730148105651,02/17/2021,Hypoaesthesia,Numbness in fingers,25.1,YES,NO,,12/27/2022,J7
vsafe-1-6-daily-dose1,J7M-23466-35314,s249317489879952881246579873861635580825,02/17/2021,Headache,Headache,25.1,YES,NO,,12/23/2022,J7
vsafe-1-6-daily-dose1,J77-14053-96517,s249622367873042670244460256162172553201,02/20/2021,Cough,Cough,25.1,YES,NO,,12/28/2022,J7
vsafe-1-6-daily-dose1,J77-14053-96517,s249728659200222583797850201112485469157,02/21/2021,Cough,Cough,25.1,YES,NO,,12/28/2022,J7
vsafe-1-6-daily-dose1,J77-14053-96517,s249728659200222583797850201112485469157,02/21/2021,Rhinorrhoea,Runny nose,25.1,YES,NO,,12/28/2022,J7
vsafe-1-6-daily-dose1,J77-14053-96517,s249728659200222583797850201112485469157,02/21/2021,Respiratory tract congestion,Respiratory tract congestion,25.1,YES,NO,,12/28/2022,J7
vsafe-1-6-daily-dose1,J77-14053-96517,s249830498121634035178064004845142730818,02/22/2021,Cough,Cough,25.1,YES,NO,,12/29/2022,J7
vsafe-1-6-daily-dose1,J77-14053-96517,s249830498121634035178064004845142730818,02/22/2021,Respiratory tract congestion,Respiratory tract congestion,25.1,YES,NO,,12/29/2022,J7
vsafe-1-6-daily-dose2,J77-31776-09097,s249940060721327561665527460416417595096,02/23/2021,Unevaluable event,Reaction unevaluable,25.1,YES,NO,,12/29/2022,J7
vsafe-1-6-daily-dose1,J77-14053-96517,s249935272147224455657324067173670996142,02/23/2021,Cough,Cough,25.1,YES,NO,,12/29/2022,J7
vsafe-1-6-daily-dose1,J77-14053-96517,s249935272147224455657324067173670996142,02/23/2021,Wheezing,Wheezing,25.1,YES,NO,,12/29/2022,J7
vsafe-1-6-daily-dose1,J7J-32304-81857,s250490660610405191969784771582959992602,02/28/2021,Swelling of eyelid,Swollen eyelid,25.1,YES,NO,,01/04/2023,J7
vsafe-1-6-daily-dose2,J72-13596-94421,s250890247518668320577746019773915522971,03/04/2021,Erythema,Erythema of extremities,25.1,YES,NO,,01/09/2023,J7
vsafe-1-6-daily-dose1,J7B-54348-98910,s251301163984057457940631605098396124078,03/08/2021,Immediate post-injection reaction,Immediate post-injection reaction,25.1,YES,NO,,01/11/2023,J7
vsafe-1-6-daily-dose1,J7B-54348-98910,s251301163984057457940631605098396124078,03/08/2021,Dizziness,Dizziness,25.1,YES,NO,,01/11/2023,J7
vsafe-1-6-daily-dose1,J7B-54348-98910,s251301163984057457940631605098396124078,03/08/2021,Muscular weakness,Weakness in extremity,25.1,YES,NO,,01/11/2023,J7
vsafe-1-6-daily-dose1,J7B-54348-98910,s251301163984057457940631605098396124078,03/08/2021,Muscular weakness,Weakness of arms,25.1,YES,NO,,01/11/2023,J7
vsafe-1-6-daily-dose2,J77-14053-96517,s251614341526468190276379068943211061666,03/11/2021,Cough,Cough,25.1,YES,NO,,01/23/2023,J7
vsafe-1-6-daily-dose2,J77-14053-96517,s251614341526468190276379068943211061666,03/11/2021,Paranasal sinus hypersecretion,Nasal sinus discharge,25.1,YES,NO,,01/23/2023,J7
vsafe-1-6-daily-dose2,J77-14053-96517,s251714583392892908257277576689794865551,03/12/2021,Cough,Cough,25.1,YES,NO,,01/23/2023,J7
vsafe-7-day-dose2,J77-14053-96517,s252228503558449331179566752160381832005,03/17/2021,Cough,Cough,25.1,YES,NO,,01/28/2023,J7
vsafe-1-6-daily-dose2,J75-23013-62469,s252749200533702463774970127162811228041,03/22/2021,Oropharyngeal pain,Sore throat,25.1,YES,NO,,02/02/2023,J7
vsafe-1-6-daily-dose2,J75-31298-09438,s253689052151812420496306169268797089302,03/31/2021,Pyrexia,Fever,25.1,YES,NO,,02/10/2023,J7
vsafe-1-6-daily-dose2,J75-31298-09438,s253689052151812420496306169268797089302,03/31/2021,Chills,Chills,25.1,YES,NO,,02/10/2023,J7
vsafe-1-6-daily-dose2,J75-31298-09438,s253689052151812420496306169268797089302,03/31/2021,Pain in extremity,Pain in arm,25.1,YES,NO,,02/10/2023,J7
vsafe-1-6-daily-dose2,J75-31298-09438,s253689052151812420496306169268797089302,03/31/2021,Peripheral swelling,Swelling arm,25.1,YES,NO,,02/10/2023,J7
vsafe-1-6-daily-dose2,J75-31298-09438,s253689052151812420496306169268797089302,03/31/2021,Fatigue,Fatigue,25.1,YES,NO,,02/10/2023,J7
vsafe-1-6-daily-dose1,J7S-22523-68531,s254433442856784559688905105309145115853,04/07/2021,Neuropathy peripheral,Neuropathy,25.1,YES,NO,,02/17/2023,J7
vsafe-7-day-dose1,J7S-22523-68531,s254550709042763712299150918399734468543,04/08/2021,Hypoaesthesia,Numbness in feet,25.1,YES,NO,,02/21/2023,J7
vsafe-7-day-dose1,J7S-22523-68531,s254550709042763712299150918399734468543,04/08/2021,Hypoaesthesia,Numbness in hand,25.1,YES,NO,,02/21/2023,J7
vsafe-1-6-daily-dose1,J7C-13405-98620,s265699732342615215966005489860170387695,07/24/2021,Pyrexia,Feverish,26.0,YES,NO,,04/12/2023,J7
vsafe-1-6-daily-dose1,J7C-13405-98620,s265699732342615215966005489860170387695,07/24/2021,Hyperhidrosis,Sweating,26.0,YES,NO,,04/12/2023,J7
vsafe-1-6-daily-dose1,J7C-13405-98620,s265801866415906884408220761499774886628,07/25/2021,Hyperhidrosis,Sweaty,26.0,YES,NO,,04/13/2023,J7
vsafe-1-6-daily-dose1,J7C-13405-98620,s265801866415906884408220761499774886628,07/25/2021,Palpitations,Palpitations,26.0,YES,NO,,04/13/2023,J7
vsafe-1-6-daily-dose1,J7C-13405-98620,s266030221526477914071579066357816925041,07/27/2021,Palpitations,Palpitations,26.0,YES,NO,,04/17/2023,J7
vsafe-1-6-daily-dose1,J7C-13405-98620,s266129643171395497607425551139678646269,07/28/2021,Cardiac disorder,Heart disorder,26.0,YES,NO,,04/19/2023,J7
vsafe-1-6-daily-dose1,J7C-13405-98620,s266229063772205940936324216744160444103,07/29/2021,Cardiac disorder,Heart disorder,26.0,YES,NO,,04/20/2023,J7
vsafe-7-day-dose1,J7C-13405-98620,s266533899135034246098310727859444529158,08/01/2021,Palpitations,Palpitations,26.0,YES,NO,,05/01/2023,J7
vsafe-1-6-daily-dose2,J7C-13405-98620,s268935655443757807853644805227533753966,08/24/2021,Palpitations,Palpitations,26.0,YES,NO,,07/24/2023,J7
vsafe-1-6-daily-dose2,J7C-13405-98620,s269041554459159638683462942138661778198,08/25/2021,Palpitations,Palpitations,26.0,YES,NO,,07/27/2023,J7
vsafe-7-day-dose2,J7C-13405-98620,s269253844063808897655477891765715492748,08/27/2021,Palpitations,Palpitations,26.0,YES,NO,,08/09/2023,J7
vsafe-1-6-daily-dose1,J7D-27752-11448,s245249486022291073639035468094387185874,01/09/2021,Lymphadenopathy,Lymph nodes cervical swollen,25.1,NO,NO,01/19/2023,11/09/2022,J7
vsafe-1-6-daily-dose1,J7D-27752-11448,s245249486022291073639035468094387185874,01/09/2021,Lymphadenopathy,Lymph nodes enlarged,25.1,YES,YES,01/19/2023,11/09/2022,J7
vsafe-1-6-daily-dose1,J74-36523-11816,s245342252356074770240614863142782693734,01/10/2021,Breast tenderness,Breast tenderness,25.1,YES,NO,,11/10/2022,J7
vsafe-1-6-daily-dose2,J74-14357-12877,s245450106942813667956003523828982104733,01/11/2021,Pyrexia,Fever,25.1,YES,NO,,11/10/2022,J7
vsafe-1-6-daily-dose2,J74-14357-12877,s245450106942813667956003523828982104733,01/11/2021,Chills,Chills,25.1,YES,NO,,11/10/2022,J7
vsafe-1-6-daily-dose2,J74-14357-12877,s245450106942813667956003523828982104733,01/11/2021,Myalgia,Muscle ache,25.1,YES,NO,,11/10/2022,J7
vsafe-1-6-daily-dose2,J74-14357-12877,s245450106942813667956003523828982104733,01/11/2021,Arthralgia,Joint ache,25.1,YES,NO,,11/10/2022,J7
vsafe-1-6-daily-dose2,J74-14357-12877,s245450106942813667956003523828982104733,01/11/2021,Headache,Headache,25.1,YES,NO,,11/10/2022,J7
vsafe-1-6-daily-dose1,J7D-27752-11448,s245478883024950037098537792168671190783,01/11/2021,Lymphadenopathy,Lymph nodes enlarged,25.1,NO,NO,01/20/2023,11/10/2022,J7
vsafe-1-6-daily-dose1,J7D-27752-11448,s245478883024950037098537792168671190783,01/11/2021,Lymphadenopathy,Lymph nodes cervical swollen,25.1,YES,YES,01/20/2023,11/10/2022,J7
vsafe-1-6-daily-dose1,J7D-27752-11448,s245558871659224372995542072852067581825,01/12/2021,Lymphadenopathy,Lymph nodes enlarged,25.1,NO,NO,01/20/2023,11/11/2022,J7
vsafe-1-6-daily-dose1,J7D-27752-11448,s245558871659224372995542072852067581825,01/12/2021,Lymphadenopathy,Lymph nodes cervical swollen,25.1,YES,YES,01/20/2023,11/11/2022,J7
vsafe-7-day-dose1,J7D-27752-11448,s245667465059091553360184008290664611619,01/13/2021,Lymphadenopathy,Lymph nodes enlarged,25.1,YES,NO,,11/14/2022,J7
vsafe-1-6-daily-dose2,J74-14357-12877,s245685007625205859397902991504989360384,01/13/2021,Paraesthesia,Tingling feet/hands,25.1,YES,NO,,11/14/2022,J7
vsafe-1-6-daily-dose2,J74-14357-12877,s245685007625205859397902991504989360384,01/13/2021,Paraesthesia,Tingling of extremity,25.1,YES,NO,,11/14/2022,J7
vsafe-1-6-daily-dose2,J74-14357-12877,s245685007625205859397902991504989360384,01/13/2021,Restless legs syndrome,Restless legs,25.1,YES,NO,,11/14/2022,J7
vsafe-7-day-dose2,J74-14357-12877,s245772139721322841850314867553679879556,01/14/2021,Neuralgia,Nerve pain,25.1,YES,NO,,11/15/2022,J7
vsafe-7-day-dose2,J74-14357-12877,s245772139721322841850314867553679879556,01/14/2021,Paraesthesia,Tingling feet/hands,25.1,YES,NO,,11/15/2022,J7
vsafe-1-6-daily-dose1,J7K-21995-67914,s246809745937199725761812950586724369424,01/24/2021,Adverse reaction,Adverse reaction,25.1,YES,NO,,11/23/2022,J7
vsafe-1-6-daily-dose1,J7K-21995-67914,s246809745937199725761812950586724369424,01/24/2021,Immunisation,Vaccination second dose,25.1,YES,NO,,11/23/2022,J7
vsafe-1-6-daily-dose1,J7K-21995-67914,s247021521285168063210917324959299319657,01/26/2021,Pain in extremity,Pain in toe,25.1,YES,NO,,11/25/2022,J7
vsafe-1-6-daily-dose1,J7K-21995-67914,s247235734412871773452771777506412481383,01/28/2021,Insomnia,Insomnia,25.1,YES,NO,,11/29/2022,J7
vsafe-0-day-dose2,J74-36523-11816,s247874908657659011888642049777454463749,02/03/2021,Dizziness,Lightheadedness,25.1,YES,NO,,12/05/2022,J7
vsafe-1-6-daily-dose1,J7Q-26243-72089,s248088369195645782369232643380652700697,02/05/2021,Lethargy,Lethargic,25.1,YES,NO,,12/08/2022,J7
vsafe-1-6-daily-dose2,J7P-53157-28190,s248053737758372721636378957449978845348,02/05/2021,Insomnia,Insomnia,25.1,YES,NO,,12/08/2022,J7
vsafe-1-6-daily-dose2,J7W-31788-92000,s249622398414309414203795892685389840846,02/20/2021,Neck pain,Neck pain,25.1,YES,NO,,12/28/2022,J7
vsafe-1-6-daily-dose1,J7C-18243-73337,s250365100562531363655757866730982607978,02/27/2021,Pre-existing disease,Pre-existing disease,25.1,YES,NO,,01/04/2023,J7
vsafe-1-6-daily-dose2,J7Q-26243-72089,s250371015493296217366903924487705233858,02/27/2021,Abdominal discomfort,Upset stomach,25.1,YES,NO,,01/04/2023,J7
vsafe-0-day-dose2,J75-88565-98648,s251710970061792271491785924621149837630,03/12/2021,Oropharyngeal pain,Sore throat,25.1,YES,NO,,01/23/2023,J7
vsafe-7-day-dose2,J78-83739-55051,s251730464495176782333877612545856684337,03/12/2021,Pyrexia,Fever,25.1,YES,NO,,01/24/2023,J7
vsafe-7-day-dose2,J78-83739-55051,s251730464495176782333877612545856684337,03/12/2021,Chills,Chills,25.1,YES,NO,,01/24/2023,J7
vsafe-7-day-dose2,J78-83739-55051,s251730464495176782333877612545856684337,03/12/2021,Headache,Headache,25.1,YES,NO,,01/24/2023,J7
vsafe-7-day-dose2,J78-83739-55051,s251730464495176782333877612545856684337,03/12/2021,Abdominal pain,Abdominal pain,25.1,YES,NO,,01/24/2023,J7
vsafe-1-6-daily-dose2,J7D-85176-97667,s251827773469333300276712256408065324587,03/13/2021,No adverse event,No adverse reaction,25.1,YES,NO,,01/24/2023,J7
vsafe-1-6-daily-dose2,J7D-85176-97667,s252031319932293435233632745515811262255,03/15/2021,No adverse event,No adverse reaction,25.1,YES,NO,,01/26/2023,J7
vsafe-1-6-daily-dose2,J7D-85176-97667,s252143246034573540111583347342144314124,03/16/2021,No adverse event,No adverse reaction,25.1,YES,NO,,01/26/2023,J7
vsafe-7-day-dose2,J7D-85176-97667,s252245484502703837391966043540787229413,03/17/2021,No adverse event,No adverse reaction,25.1,YES,NO,,01/28/2023,J7
vsafe-1-6-daily-dose1,J7Y-51197-01379,s252647352041569823474861385117569056604,03/21/2021,Paraesthesia,Tingling of extremity,25.1,YES,NO,,02/01/2023,J7
vsafe-1-6-daily-dose1,J7Y-51197-01379,s252753730181848201722948292066723636823,03/22/2021,Tinnitus,Tinnitus,25.1,YES,NO,,02/02/2023,J7
vsafe-1-6-daily-dose1,J7Y-51197-01379,s252753730181848201722948292066723636823,03/22/2021,Paraesthesia,Tingling,25.1,YES,NO,,02/02/2023,J7
vsafe-1-6-daily-dose2,J7D-31462-49683,s255273755300649149163784061948181226338,04/15/2021,Cough,Dry cough,25.1,YES,NO,,02/28/2023,J7
vsafe-1-6-daily-dose2,J7D-31462-49683,s255273755300649149163784061948181226338,04/15/2021,Cough,Irritant cough,25.1,YES,NO,,02/28/2023,J7
vsafe-7-day-dose1,J77-33780-08129,s258200561565155375831905362509220687729,05/13/2021,Menstruation delayed,Menstruation delayed,26.0,YES,NO,,03/21/2023,J7
vsafe-1-6-daily-dose1,J7T-16162-25531,s260480443973869332993719443481799869747,06/04/2021,Injection site pain,Pain injection site,26.0,YES,NO,,04/03/2023,J7
vsafe-1-6-daily-dose2,J77-33780-08129,s260604438673887246685325548955821059499,06/05/2021,Injection site bruising,Injection site bruising,26.0,YES,NO,,04/03/2023,J7
vsafe-1-6-daily-dose2,J77-33780-08129,s261010365183395219687018364841346347806,06/09/2021,Mastitis,Mastitis,26.0,YES,NO,,04/04/2023,J7
vsafe-1-6-daily-dose2,J77-33780-08129,s261115360480673357991302756558147598122,06/10/2021,Mastitis,Mastitis,26.0,YES,NO,,04/04/2023,J7
vsafe-1-6-daily-dose1,J7P-24398-08396,s244215183005787297201867315190531022025,12/30/2020,Injection site discomfort,Injection site discomfort,25.1,NO,NO,01/17/2023,10/31/2022,J7
vsafe-1-6-daily-dose1,J7P-24398-08396,s244215183005787297201867315190531022025,12/30/2020,Injection site pain,Injection site pain,25.1,YES,YES,01/17/2023,10/31/2022,J7
vsafe-1-6-daily-dose1,J7Q-27965-33664,s244415740307477706581306130627044207451,01/01/2021,Cough,Cough,25.1,YES,NO,,11/02/2022,J7
vsafe-1-6-daily-dose1,J7P-24398-08396,s244522950156489492847064973843939091346,01/02/2021,Unevaluable event,Reaction unevaluable,25.1,NO,NO,01/18/2023,11/03/2022,J7
vsafe-1-6-daily-dose1,J7P-24398-08396,s244522950156489492847064973843939091346,01/02/2021,No adverse event,No adverse reaction,25.1,YES,YES,01/18/2023,11/03/2022,J7
vsafe-1-6-daily-dose1,J7P-24398-08396,s244620214302007232822669072823623527463,01/03/2021,Injection site pain,Injection site pain,25.1,YES,NO,,11/03/2022,J7
vsafe-7-day-dose1,J7P-24398-08396,s244722910358301604375831764355695379524,01/04/2021,Injection site pain,Injection site pain,25.1,YES,NO,,11/04/2022,J7
vsafe-1-6-daily-dose2,J76-12853-32801,s245029540704700539045390862075470442897,01/07/2021,Chest pain,Chest pain,25.1,YES,NO,,11/08/2022,J7
vsafe-1-6-daily-dose2,J7V-60175-19520,s245339461612909766175469700775508874010,01/10/2021,Lymphadenopathy,Supraclavicular lymph nodes enlarged,25.1,YES,NO,,11/10/2022,J7
vsafe-1-6-daily-dose2,J7V-60175-19520,s245339461612909766175469700775508874010,01/10/2021,Injection site reaction,Injection site reaction,25.1,NO,NO,01/20/2023,11/10/2022,J7
vsafe-1-6-daily-dose2,J7V-60175-19520,s245454067257157711725200017031749580499,01/11/2021,Lymphadenopathy,Lymph nodes cervical swollen,25.1,YES,NO,,11/10/2022,J7
vsafe-1-6-daily-dose2,J7V-60175-19520,s245454067257157711725200017031749580499,01/11/2021,Lymph node pain,Lymph node pain,25.1,NO,NO,01/20/2023,11/10/2022,J7
vsafe-1-6-daily-dose2,J7V-60175-19520,s245454067257157711725200017031749580499,01/11/2021,Lymph node pain,Lymph node tenderness,25.1,YES,YES,01/20/2023,11/10/2022,J7
vsafe-1-6-daily-dose2,J7B-79288-50532,s245546070868541508638243341979420875810,01/12/2021,Dizziness,Dizziness,25.1,YES,NO,,11/11/2022,J7
vsafe-1-6-daily-dose2,J7V-60175-19520,s245560368967005010434104063359770614488,01/12/2021,Lymphadenopathy,Supraclavicular lymph nodes enlarged,25.1,YES,NO,,11/11/2022,J7
vsafe-1-6-daily-dose2,J7V-60175-19520,s245653155848458789755288144377602005227,01/13/2021,Lymphadenopathy,Supraclavicular lymph nodes enlarged,25.1,YES,NO,,11/14/2022,J7
vsafe-1-6-daily-dose2,J7B-79288-50532,s245753133108725851825737883552290886393,01/14/2021,Pain in extremity,Foot pain,25.1,YES,NO,,11/15/2022,J7
vsafe-1-6-daily-dose2,J7V-60175-19520,s245759247596657412388040041619088144422,01/14/2021,Lymphadenopathy,Supraclavicular lymph nodes enlarged,25.1,YES,NO,,11/15/2022,J7
vsafe-7-day-dose2,J7V-60175-19520,s245867146948658044523074320240007061432,01/15/2021,Lymphadenopathy,Supraclavicular lymph nodes enlarged,25.1,YES,NO,,11/16/2022,J7
vsafe-7-day-dose2,J7V-60175-19520,s245867146948658044523074320240007061432,01/15/2021,Lymph node pain,Lymph node pain,25.1,YES,NO,,11/16/2022,J7
vsafe-7-day-dose2,J76-25799-99217,s248056275473337957592512174709717785514,02/05/2021,Heart rate increased,Heart rate high,25.1,YES,NO,,12/08/2022,J7
vsafe-1-6-daily-dose1,J7D-16699-32392,s248275720850194181098135135421626746143,02/07/2021,Rhinorrhoea,Runny nose,25.1,YES,NO,,12/11/2022,J7
vsafe-1-6-daily-dose2,J7Y-20363-08563,s248577952742974469197352026739493718316,02/10/2021,Heart rate increased,High pulse rate,25.1,YES,NO,,12/16/2022,J7
vsafe-1-6-daily-dose2,J7C-10101-38666,s248805217906098140301386698821422721138,02/12/2021,Decreased appetite,Appetite absent,25.1,YES,NO,,12/20/2022,J7
vsafe-7-day-dose1,J7Z-11829-30504,s249000382123607526500107207597479319614,02/14/2021,Paranasal sinus discomfort,Sinus pressure,25.1,YES,NO,,12/22/2022,J7
vsafe-1-6-daily-dose1,J7R-41916-62459,s249631574111742833695424583907282703964,02/20/2021,Dysgeusia,Taste metallic,25.1,YES,NO,,12/28/2022,J7
vsafe-1-6-daily-dose1,J7R-25846-70990,s249837738315580985594001449084525352461,02/22/2021,Chest pain,Chest pain,25.1,YES,NO,,12/29/2022,J7
vsafe-1-6-daily-dose1,J7N-92522-33908,s250147884160398987487057861348170563496,02/25/2021,Urticaria,Welts,25.1,YES,NO,,12/31/2022,J7
vsafe-1-6-daily-dose1,J7N-92522-33908,s250147884160398987487057861348170563496,02/25/2021,Eye irritation,Eye irritation,25.1,YES,NO,,12/31/2022,J7
vsafe-1-6-daily-dose1,J7N-92522-33908,s250147884160398987487057861348170563496,02/25/2021,Eye pain,Eye pain,25.1,YES,NO,,12/31/2022,J7
vsafe-1-6-daily-dose1,J7N-92522-33908,s250147884160398987487057861348170563496,02/25/2021,Eye pruritus,Eye itching,25.1,YES,NO,,12/31/2022,J7
vsafe-1-6-daily-dose1,J7N-92522-33908,s250147884160398987487057861348170563496,02/25/2021,Rash,Rash face,25.1,YES,NO,,12/31/2022,J7
vsafe-1-6-daily-dose2,J7V-13278-45306,s250149584841353765791869836870202082827,02/25/2021,Diarrhoea,Diarrhea,25.1,YES,NO,,01/03/2023,J7
vsafe-1-6-daily-dose1,J7F-16964-31328,s250258464980165604908745823304918154537,02/26/2021,No adverse event,No adverse reaction,25.1,YES,NO,,01/03/2023,J7
vsafe-1-6-daily-dose1,J7N-92522-33908,s250253584867348965519474182767092886985,02/26/2021,Eye pain,Eye pain,25.1,YES,NO,,01/03/2023,J7
vsafe-1-6-daily-dose1,J7F-16964-31328,s250359675535540034122301536964188997742,02/27/2021,No adverse event,No adverse reaction,25.1,YES,NO,,01/04/2023,J7
vsafe-1-6-daily-dose1,J7N-92522-33908,s250355321608676736905809219292846811754,02/27/2021,Eye pain,Eye pain,25.1,YES,NO,,01/04/2023,J7
vsafe-1-6-daily-dose2,J7D-13090-40911,s250354580394756937197683023060600022266,02/27/2021,Cough,Coughing,25.1,YES,NO,,01/04/2023,J7
vsafe-1-6-daily-dose1,J7N-92522-33908,s250457256619519692623716735541620415933,02/28/2021,Eye pain,Eye pain,25.1,YES,NO,,01/04/2023,J7
vsafe-1-6-daily-dose2,J7D-13090-40911,s250565411334750160623735457509777507566,03/01/2021,Cough,Coughing,25.1,YES,NO,,01/05/2023,J7
vsafe-1-6-daily-dose2,J7C-75497-37242,s250665084592226532282897984131523330487,03/02/2021,Insomnia,Insomnia,25.1,YES,NO,,01/06/2023,J7
vsafe-1-6-daily-dose1,J7N-92522-33908,s250666848843146211669369267403686039114,03/02/2021,Eye pain,Eye pain,25.1,YES,NO,,01/05/2023,J7
vsafe-7-day-dose1,J7N-92522-33908,s250772043546683770884845932868495099672,03/03/2021,Unevaluable event,Reaction unevaluable,25.1,YES,NO,,01/06/2023,J7
vsafe-1-6-daily-dose2,J7D-16699-32392,s251089131806781057042792367145966250145,03/06/2021,Respiratory tract congestion,Respiratory tract congestion,25.1,YES,NO,,01/10/2023,J7
vsafe-0-day-dose2,J7S-33564-97410,s252127840849892949972965851746322260938,03/16/2021,No adverse event,No adverse reaction,25.1,YES,NO,,01/26/2023,J7
vsafe-1-6-daily-dose2,J75-20050-65610,s252139375218252536890504276749381664883,03/16/2021,Unevaluable event,Reaction unevaluable,25.1,YES,NO,,01/26/2023,J7
vsafe-7-day-dose2,J7S-33564-97410,s252863994702831247923808534625929274604,03/23/2021,Feeling abnormal,Foggy feeling in head,25.1,YES,NO,,02/03/2023,J7
vsafe-0-day-dose1,J7P-26505-64496,s255177725797206050517895311919044774130,04/14/2021,Throat tightness,Throat tightness,25.1,YES,NO,,02/27/2023,J7
vsafe-1-6-daily-dose1,J7P-26505-64496,s255264513080422832442201207687162244588,04/15/2021,Pharyngeal swelling,Throat swelling,25.1,YES,NO,,02/28/2023,J7
vsafe-1-6-daily-dose1,J7P-26505-64496,s255368229396811694065432015821584613590,04/16/2021,Pharyngeal swelling,Throat swelling,25.1,YES,NO,,02/28/2023,J7
vsafe-0-day-dose2,J7P-70406-59721,s255470187919188327438659842561947641336,04/17/2021,Dizziness,Dizziness,25.1,YES,NO,,03/02/2023,J7
vsafe-1-6-daily-dose1,J7P-26505-64496,s255469087371052043001295704483739350951,04/17/2021,Pharyngeal swelling,Throat swelling,25.1,YES,NO,,03/02/2023,J7
vsafe-1-6-daily-dose1,J7P-26505-64496,s255469087371052043001295704483739350951,04/17/2021,Obstructive airways disorder,Airways obstruction,25.1,YES,NO,,03/02/2023,J7
vsafe-1-6-daily-dose1,J7P-26505-64496,s255469087371052043001295704483739350951,04/17/2021,Oral herpes,Fever blister,25.1,YES,NO,,03/02/2023,J7
vsafe-1-6-daily-dose1,J7P-26505-64496,s255598691742750227408616540064038139108,04/18/2021,Oral herpes,Cold sores,26.0,YES,NO,,03/23/2023,J7
vsafe-1-6-daily-dose1,J7P-26505-64496,s255598691742750227408616540064038139108,04/18/2021,Pharyngeal swelling,Throat swelling,26.0,YES,NO,,03/23/2023,J7
vsafe-1-6-daily-dose2,J7U-59926-45887,s255597188567305453182821618689841482361,04/18/2021,Tinnitus,Ringing in ears,26.0,YES,NO,,03/23/2023,J7
vsafe-1-6-daily-dose1,J7P-26505-64496,s255676010305547586640369488820943095475,04/19/2021,Oropharyngeal pain,Throat sore,25.1,YES,NO,,03/02/2023,J7
vsafe-1-6-daily-dose1,J7P-26505-64496,s255676010305547586640369488820943095475,04/19/2021,Throat tightness,Throat tightness,25.1,YES,NO,,03/02/2023,J7
vsafe-1-6-daily-dose1,J7P-26505-64496,s255676010305547586640369488820943095475,04/19/2021,Pharyngeal swelling,Throat swelling,25.1,YES,NO,,03/02/2023,J7
vsafe-1-6-daily-dose1,J7P-26505-64496,s255797364760352195474989868261095152576,04/20/2021,Odynophagia,Swallowing painful,25.1,YES,NO,,03/03/2023,J7
vsafe-1-6-daily-dose1,J7P-26505-64496,s255797364760352195474989868261095152576,04/20/2021,Swelling,Feeling swollen,25.1,YES,NO,,03/03/2023,J7
vsafe-1-6-daily-dose1,J7P-26505-64496,s255797364760352195474989868261095152576,04/20/2021,Oropharyngeal pain,Throat pain,25.1,YES,NO,,03/03/2023,J7
vsafe-7-day-dose1,J7P-26505-64496,s255894383568640266768757782217744883570,04/21/2021,Lacrimation increased,Watering eyes,25.1,YES,NO,,03/06/2023,J7
vsafe-7-day-dose1,J7P-26505-64496,s255894383568640266768757782217744883570,04/21/2021,Pharyngeal swelling,Throat swelling,25.1,YES,NO,,03/06/2023,J7
vsafe-7-day-dose1,J7P-26505-64496,s255894383568640266768757782217744883570,04/21/2021,Throat tightness,Throat tightness,25.1,YES,NO,,03/06/2023,J7
vsafe-7-day-dose1,J7P-26505-64496,s255894383568640266768757782217744883570,04/21/2021,Oral herpes,Fever blister,25.1,YES,NO,,03/06/2023,J7
vsafe-7-day-dose1,J7P-26505-64496,s255894383568640266768757782217744883570,04/21/2021,Swelling of eyelid,Swelling of eyelid,25.1,YES,NO,,03/06/2023,J7
vsafe-7-day-dose1,J7P-26505-64496,s255894383568640266768757782217744883570,04/21/2021,Hordeolum,Stye,25.1,YES,NO,,03/06/2023,J7
vsafe-1-6-daily-dose1,J7T-18634-02463,s257144488974246761719222945690770131732,05/03/2021,Bone pain,Tibia pain,26.0,YES,NO,,03/14/2023,J7
vsafe-1-6-daily-dose1,J7T-28516-19242,s258090586094701180761853027411703797990,05/12/2021,Contusion,Bruise,26.0,YES,NO,,03/20/2023,J7
vsafe-1-6-daily-dose1,J7T-28516-19242,s258090586094701180761853027411703797990,05/12/2021,Menstrual disorder,Menstrual cycle abnormal,26.0,YES,NO,,03/20/2023,J7
vsafe-1-6-daily-dose1,J7T-28516-19242,s258090586094701180761853027411703797990,05/12/2021,Heavy menstrual bleeding,Heavy periods,26.0,YES,NO,,03/20/2023,J7
vsafe-1-6-daily-dose1,J76-12853-32801,s243060321495053379435952584510875037937,12/19/2020,Headache,Headache,25.1,YES,NO,,10/19/2022,J7
vsafe-1-6-daily-dose1,J7G-10203-48692,s245238121761867035158899575226855259381,01/09/2021,Myalgia,Muscle ache,25.1,YES,NO,,11/09/2022,J7
vsafe-1-6-daily-dose1,J7G-10203-48692,s245238121761867035158899575226855259381,01/09/2021,Body temperature decreased,Temperature body decrease,25.1,YES,NO,,11/09/2022,J7
vsafe-1-6-daily-dose1,J7G-10203-48692,s245238121761867035158899575226855259381,01/09/2021,Arthralgia,Pain in ankle,25.1,YES,NO,,11/09/2022,J7
vsafe-1-6-daily-dose2,J7Y-15290-43109,s245236189692527779590825521632166686566,01/09/2021,Oedema peripheral,Edema arms,25.1,YES,NO,,11/09/2022,J7
vsafe-1-6-daily-dose2,J7Y-15290-43109,s245236189692527779590825521632166686566,01/09/2021,Tenderness,Tenderness,25.1,YES,NO,,11/09/2022,J7
vsafe-1-6-daily-dose1,J7V-73374-09518,s245556441969967310434434755818601237563,01/12/2021,Palpitations,Heart racing,25.1,YES,NO,,11/11/2022,J7
vsafe-1-6-daily-dose1,J7V-73374-09518,s245556441969967310434434755818601237563,01/12/2021,Emergency care,Emergency care,25.1,YES,NO,,11/11/2022,J7
vsafe-1-6-daily-dose1,J7V-73374-09518,s245867448798061734216822791480105682763,01/15/2021,Heart rate increased,Heart rate high,25.1,YES,NO,,11/16/2022,J7
vsafe-1-6-daily-dose1,J7V-73374-09518,s245867448798061734216822791480105682763,01/15/2021,Swollen tongue,Swollen tongue,25.1,YES,NO,,11/16/2022,J7
vsafe-1-6-daily-dose1,J7V-73374-09518,s245867448798061734216822791480105682763,01/15/2021,Flushing,Flushing,25.1,YES,NO,,11/16/2022,J7
vsafe-7-day-dose1,J7V-73374-09518,s245969423221076916928955171481343156986,01/16/2021,Paraesthesia,Facial paresthesia,25.1,YES,NO,,11/17/2022,J7
vsafe-7-day-dose1,J7V-73374-09518,s245969423221076916928955171481343156986,01/16/2021,Paraesthesia oral,Tingling lips,25.1,YES,NO,,11/17/2022,J7
vsafe-7-day-dose1,J7V-73374-09518,s245969423221076916928955171481343156986,01/16/2021,Paraesthesia,Tingling of extremity,25.1,YES,NO,,11/17/2022,J7
vsafe-7-day-dose1,J7V-73374-09518,s245969423221076916928955171481343156986,01/16/2021,Swollen tongue,Swelling of tongue,25.1,YES,NO,,11/17/2022,J7
vsafe-1-6-daily-dose2,J7G-10203-48692,s248087960166301583163514992295712311974,02/05/2021,Ear pain,Ear pain,25.1,YES,NO,,12/08/2022,J7
vsafe-1-6-daily-dose1,J7F-28824-75938,s248581963070479720780831033374211226485,02/10/2021,Arthritis,Arthritis,25.1,YES,NO,,12/16/2022,J7
vsafe-1-6-daily-dose1,J7R-24247-65087,s249631118432978738371384273200271231724,02/20/2021,No adverse event,No adverse reaction,25.1,YES,NO,,12/28/2022,J7
vsafe-7-day-dose2,J7Z-13898-91424,s249615011233532630820836521303295527764,02/20/2021,Emergency care,Emergency care,25.1,YES,NO,,12/28/2022,J7
vsafe-7-day-dose2,J7Z-13898-91424,s249615011233532630820836521303295527764,02/20/2021,Hypertension,Blood pressure high,25.1,YES,NO,,12/28/2022,J7
vsafe-7-day-dose2,J7Z-13898-91424,s249615011233532630820836521303295527764,02/20/2021,Visual acuity reduced,Visual acuity decreased,25.1,YES,NO,,12/28/2022,J7
vsafe-7-day-dose2,J7Z-13898-91424,s249615011233532630820836521303295527764,02/20/2021,Cognitive disorder,Cognitive function abnormal,25.1,YES,NO,,12/28/2022,J7
vsafe-1-6-daily-dose1,J7R-24247-65087,s249735533791376280578594974062825067317,02/21/2021,Fatigue,Exhaustion,25.1,YES,NO,,12/28/2022,J7
vsafe-1-6-daily-dose2,J7X-11779-66358,s249838661436500282019004882615515382311,02/22/2021,Rash,Rash,25.1,YES,NO,,12/29/2022,J7
vsafe-1-6-daily-dose2,J7X-11779-66358,s249838661436500282019004882615515382311,02/22/2021,Pyrexia,Low grade fever,25.1,YES,NO,,12/29/2022,J7
vsafe-1-6-daily-dose2,J7X-11779-66358,s249838661436500282019004882615515382311,02/22/2021,Pain,Generalized aching,25.1,YES,NO,,12/29/2022,J7
vsafe-1-6-daily-dose2,J7X-11779-66358,s249838661436500282019004882615515382311,02/22/2021,Pain in extremity,Pain in arm,25.1,YES,NO,,12/29/2022,J7
vsafe-1-6-daily-dose2,J7N-10874-08029,s250351733704055263230697011984810540790,02/27/2021,Headache,Headache,25.1,YES,NO,,01/04/2023,J7
vsafe-1-6-daily-dose2,J7B-32704-69642,s250561840368771316153957378845286519789,03/01/2021,Lymphadenopathy,Swollen lymph nodes,25.1,YES,NO,,01/05/2023,J7
vsafe-1-6-daily-dose1,J7W-56710-61920,s250878680078429958284118223131098356168,03/04/2021,Disorientation,Disorientated,25.1,YES,NO,,01/09/2023,J7
vsafe-1-6-daily-dose2,J75-75026-39442,s251434612914775437495115349071627979734,03/09/2021,Decreased appetite,Appetite lost,25.1,YES,NO,,01/12/2023,J7
vsafe-7-day-dose2,J75-75026-39442,s251728576675720151513474496625470231324,03/12/2021,Decreased appetite,Appetite lost,25.1,YES,NO,,01/24/2023,J7
vsafe-7-day-dose2,J7F-28824-75938,s251841458639478851865972666306220672268,03/13/2021,Fatigue,Tiredness,25.1,YES,NO,,01/25/2023,J7
vsafe-1-6-daily-dose2,J7R-24247-65087,s252038023540288995169288646266276441095,03/15/2021,No adverse event,No adverse reaction,25.1,YES,NO,,01/26/2023,J7
vsafe-1-6-daily-dose2,J7D-18540-17454,s252229726277361029195005542340517093200,03/17/2021,No adverse event,No adverse reaction,25.1,YES,NO,,01/27/2023,J7
vsafe-1-6-daily-dose2,J78-27068-04872,s253814708697750236778217408795194839442,04/01/2021,Malaise,Feeling sick,25.1,YES,NO,,02/13/2023,J7
vsafe-1-6-daily-dose2,J78-27068-04872,s253814708697750236778217408795194839442,04/01/2021,Pyrexia,Fever,25.1,YES,NO,,02/13/2023,J7
vsafe-1-6-daily-dose2,J78-27068-04872,s253814708697750236778217408795194839442,04/01/2021,Chills,Chills,25.1,YES,NO,,02/13/2023,J7
vsafe-1-6-daily-dose2,J78-27068-04872,s253814708697750236778217408795194839442,04/01/2021,Musculoskeletal discomfort,Discomfort in joints,25.1,YES,NO,,02/13/2023,J7
vsafe-1-6-daily-dose2,J78-27068-04872,s253814708697750236778217408795194839442,04/01/2021,Pain,Generalized aching,25.1,YES,NO,,02/13/2023,J7
vsafe-1-6-daily-dose2,J7W-56710-61920,s253912572540703961750387043509283209029,04/02/2021,Pain in extremity,Pain in arm,25.1,YES,NO,,02/14/2023,J7
vsafe-1-6-daily-dose2,J7W-56710-61920,s253912572540703961750387043509283209029,04/02/2021,Pain,Pain upon movement,25.1,YES,NO,,02/14/2023,J7
vsafe-1-6-daily-dose2,J7S-27693-20915,s254002800063496691442146616955179280066,04/03/2021,Energy increased,Energy increased,25.1,YES,NO,,02/15/2023,J7
vsafe-1-6-daily-dose2,J7W-56710-61920,s254005684862424885212015897365812259072,04/03/2021,Erythema,Redness,25.1,YES,NO,,02/15/2023,J7
vsafe-1-6-daily-dose2,J7S-27693-20915,s254210888095744606508747085452797475397,04/05/2021,Lymphadenopathy,Axillary lymph nodes enlarged,25.1,YES,NO,,02/16/2023,J7
vsafe-1-6-daily-dose2,J7S-27693-20915,s254210888095744606508747085452797475397,04/05/2021,Lymph node pain,Lymph node pain,25.1,YES,NO,,02/16/2023,J7
vsafe-0-day-dose1,J7J-14049-53700,s254354757888255518834991916704818930841,04/06/2021,Injection site pain,Pain injection site,25.1,YES,NO,,02/16/2023,J7
vsafe-1-6-daily-dose1,J7J-14049-53700,s254436033982149025899498975683410579635,04/07/2021,Injection site pain,Pain injection site,25.1,YES,NO,,02/17/2023,J7
vsafe-0-day-dose1,J7R-22106-98778,s254520428995722559108305285345413068098,04/08/2021,Feeling abnormal,Foggy feeling in head,25.1,YES,NO,,02/20/2023,J7
vsafe-1-6-daily-dose1,J7J-14049-53700,s254540233464499639645822935744111055302,04/08/2021,Injection site pain,Pain injection site,25.1,YES,NO,,02/20/2023,J7
vsafe-1-6-daily-dose1,J7R-22106-98778,s254738432237607982447446711195679782654,04/10/2021,Syncope,Faint,25.1,YES,NO,,02/22/2023,J7
vsafe-1-6-daily-dose1,J7R-22106-98778,s255158994765798305153963309062557418246,04/14/2021,Hypertension,Blood pressure high,25.1,YES,NO,,02/27/2023,J7
vsafe-1-6-daily-dose2,J7C-32258-32141,s255465148814371720935617244681508368584,04/17/2021,Hordeolum,Stye,25.1,YES,NO,,03/02/2023,J7
vsafe-1-6-daily-dose2,J7C-32258-32141,s255465148814371720935617244681508368584,04/17/2021,Pain,Pain,25.1,YES,NO,,03/02/2023,J7
vsafe-1-6-daily-dose2,J7J-25804-22565,s255677936170917116599053053062483173657,04/19/2021,Pre-existing disease,Pre-existing disease,25.1,YES,NO,,03/03/2023,J7
vsafe-1-6-daily-dose2,J7D-29099-03560,s255886106370328230253562213991287785532,04/21/2021,Oropharyngeal pain,Sore throat,25.1,YES,NO,,03/06/2023,J7
vsafe-1-6-daily-dose2,J7D-29099-03560,s255886106370328230253562213991287785532,04/21/2021,Glossodynia,Sore tongue,25.1,YES,NO,,03/06/2023,J7
vsafe-1-6-daily-dose2,J7D-29099-03560,s256095074828701179046079696178428652047,04/23/2021,Arthralgia,Shoulder pain,25.1,YES,NO,,03/07/2023,J7
vsafe-7-day-dose1,J7V-16077-90903,s259547571304177378177657529892013277041,05/26/2021,Adverse reaction,Adverse reaction,26.0,YES,NO,,03/30/2023,J7
vsafe-7-day-dose2,J7V-16077-90903,s261399392896023730618065533038844638906,06/13/2021,Photophobia,Light sensitivity to eye,26.0,YES,NO,,04/04/2023,J7
vsafe-1-6-daily-dose1,J76-18967-33095,s243586206607311671818547159473645601284,12/24/2020,Loss of consciousness,Blacked out,25.1,YES,NO,,10/25/2022,J7
vsafe-0-day-dose1,J74-23727-72177,s243998662698530566055257693602968119416,12/28/2020,Chest pain,Chest pain,25.1,YES,NO,,10/27/2022,J7
vsafe-1-6-daily-dose1,J7W-19337-47708,s245250163277825119949205804509282576627,01/09/2021,Bladder discomfort,Bladder discomfort,25.1,YES,NO,,11/09/2022,J7
vsafe-1-6-daily-dose1,J7W-19337-47708,s245250163277825119949205804509282576627,01/09/2021,Urethral disorder,Urethral disorder,25.1,YES,NO,,11/09/2022,J7
vsafe-1-6-daily-dose1,J7W-19337-47708,s245445075914174012423854461914305958025,01/11/2021,Renal pain,Pain kidney,25.1,YES,NO,,11/10/2022,J7
vsafe-1-6-daily-dose1,J7W-19337-47708,s245679123978926273431861292440706776991,01/13/2021,Urinary tract infection,UTI,25.1,YES,NO,,11/14/2022,J7
vsafe-7-day-dose1,J7W-19337-47708,s245762748314073266288554453253514471944,01/14/2021,Hospitalisation,Hospitalization,25.1,YES,NO,,11/15/2022,J7
vsafe-7-day-dose1,J7W-19337-47708,s245762748314073266288554453253514471944,01/14/2021,Bacteraemia,Bacteremia,25.1,YES,NO,,11/15/2022,J7
vsafe-0-day-dose2,J76-18967-33095,s246412601020579833340090776705506625994,01/20/2021,Gastrooesophageal reflux disease,Acid reflux (esophageal),25.1,YES,NO,,11/21/2022,J7
vsafe-1-6-daily-dose1,J76-31499-74141,s246812161655168520716611140904347655907,01/24/2021,Decreased appetite,Appetite lost,25.1,YES,NO,,11/23/2022,J7
vsafe-1-6-daily-dose1,J75-18794-90971,s247336197333825786950563853693639867537,01/29/2021,Lymphadenopathy,Swollen lymph nodes,25.1,YES,NO,,11/29/2022,J7
vsafe-1-6-daily-dose1,J7S-61011-40782,s249520046609060837018024354046020311041,02/19/2021,Myalgia,Muscle ache,25.1,YES,NO,,12/27/2022,J7
vsafe-1-6-daily-dose2,J76-31499-74141,s249530014069883981037306552270033923714,02/19/2021,Dizziness,Dizziness,25.1,YES,NO,,12/28/2022,J7
vsafe-1-6-daily-dose2,J76-31499-74141,s249530014069883981037306552270033923714,02/19/2021,Syncope,Faint,25.1,YES,NO,,12/28/2022,J7
vsafe-1-6-daily-dose2,J76-31499-74141,s249733335246679383608348642774811819403,02/21/2021,Dizziness,Dizziness,25.1,YES,NO,,12/29/2022,J7
vsafe-1-6-daily-dose2,J76-31499-74141,s249838712506227802437051826071101161737,02/22/2021,Dizziness,Light-headed,25.1,YES,NO,,12/29/2022,J7
vsafe-1-6-daily-dose1,J7X-12480-31953,s250039304557322599496512824543239896723,02/24/2021,Dizziness,Wooziness,25.1,YES,NO,,12/30/2022,J7
vsafe-1-6-daily-dose1,J7X-12480-31953,s250039304557322599496512824543239896723,02/24/2021,Hypersomnia,Sleep excessive,25.1,YES,NO,,12/30/2022,J7
vsafe-1-6-daily-dose1,J7K-28743-31421,s250360530777892147724270874353705044645,02/27/2021,Pruritus,Itching,25.1,YES,NO,,01/04/2023,J7
vsafe-1-6-daily-dose2,J7Z-18641-80114,s250567335525510247900939419296417359993,03/01/2021,Oropharyngeal pain,Sore throat,25.1,YES,NO,,01/05/2023,J7
vsafe-7-day-dose1,J7X-12480-31953,s250679080871627960067799156265511969686,03/02/2021,Insomnia,Sleep loss,25.1,YES,NO,,01/06/2023,J7
vsafe-7-day-dose1,J7M-50841-48035,s252418267818843074063677755546894263049,03/19/2021,Pre-existing disease,Pre-existing disease,25.1,YES,NO,,01/31/2023,J7
vsafe-7-day-dose1,J7M-50841-48035,s252418267818843074063677755546894263049,03/19/2021,Condition aggravated,Condition aggravated,25.1,YES,NO,,01/31/2023,J7
vsafe-7-day-dose2,J78-30765-14689,s252442158276509940992692050825627437792,03/19/2021,Erythema,Redness,25.1,YES,NO,,01/31/2023,J7
vsafe-7-day-dose2,J78-30765-14689,s252442158276509940992692050825627437792,03/19/2021,Swelling,Swelling,25.1,YES,NO,,01/31/2023,J7
vsafe-7-day-dose2,J78-30765-14689,s252442158276509940992692050825627437792,03/19/2021,Fatigue,Fatigue,25.1,YES,NO,,01/31/2023,J7
vsafe-1-6-daily-dose1,J7H-64394-47607,s253383223753827620336052494378216329067,03/28/2021,Paraesthesia,Localized tingling,25.1,YES,NO,,02/08/2023,J7
vsafe-1-6-daily-dose2,J7X-12480-31953,s253698253956692360621467548160088504598,03/31/2021,Tinnitus,Ringing in ears,25.1,YES,NO,,02/10/2023,J7
vsafe-1-6-daily-dose2,J7X-12480-31953,s253801485672088819027054309898076186535,04/01/2021,Tinnitus,Tinnitus,25.1,YES,NO,,02/13/2023,J7
vsafe-1-6-daily-dose1,J7V-22078-41024,s254014800697447782234654129322401121369,04/03/2021,Dizziness,Dizziness,25.1,YES,NO,,02/14/2023,J7
vsafe-1-6-daily-dose2,J7X-12480-31953,s254116199230863085208632138969482189177,04/04/2021,Tinnitus,Tinnitus,25.1,YES,NO,,02/15/2023,J7
vsafe-1-6-daily-dose2,J79-10605-62859,s254232086847855592919734177678601392084,04/05/2021,Unevaluable event,Reaction unevaluable,25.1,YES,NO,,02/16/2023,J7
vsafe-1-6-daily-dose2,J7X-12480-31953,s254217109820042906037763342098552740361,04/05/2021,Tinnitus,Tinnitus,25.1,YES,NO,,02/16/2023,J7
vsafe-1-6-daily-dose2,J7U-17731-66792,s257459068235216412842512196536808136465,05/06/2021,Muscle spasms,Cramps,26.0,YES,NO,,03/15/2023,J7
vsafe-1-6-daily-dose2,J7M-13639-66819,s261834144032767184047912815179952975609,06/17/2021,Cough,Cough,26.0,YES,NO,,04/05/2023,J7
vsafe-7-day-dose2,J7M-13639-66819,s261945263392336345377931901788148620333,06/18/2021,Cough,Cough,26.0,YES,NO,,04/05/2023,J7
vsafe-1-6-daily-dose1,J7R-16415-81786,s266154697901845804708704364262788344461,07/28/2021,Palpitations,Heart pounding,26.0,YES,NO,,04/19/2023,J7
vsafe-7-day-dose1,J7R-16415-81786,s266637960646931998129897806506616291683,08/02/2021,Dysmenorrhoea,Menstrual cramps,26.0,YES,NO,,05/03/2023,J7
vsafe-7-day-dose1,J7R-16415-81786,s266637960646931998129897806506616291683,08/02/2021,Heavy menstrual bleeding,Heavy menstrual bleeding,26.0,YES,NO,,05/03/2023,J7
vsafe-1-6-daily-dose2,J7R-16415-81786,s268415837034642468599836519486735430498,08/19/2021,Hunger,Hunger,26.0,YES,NO,,07/07/2023,J7
vsafe-1-6-daily-dose2,J7R-16415-81786,s268415837034642468599836519486735430498,08/19/2021,Decreased appetite,Decreased appetite,26.0,YES,NO,,07/07/2023,J7
vsafe-1-6-daily-dose2,J7R-16415-81786,s268624665421229553828776042066692714814,08/21/2021,Decreased appetite,Appetite absent,26.0,YES,NO,,07/17/2023,J7
vsafe-1-6-daily-dose1,J7L-52301-37936,s270088473825092827190109068967115644354,09/04/2021,Injection site pain,Pain injection site,26.0,YES,NO,,09/04/2023,J7
vsafe-1-6-daily-dose1,J7L-52301-37936,s270193048757539026298637823416172462820,09/05/2021,Back pain,Back pain,26.0,YES,NO,,09/06/2023,J7
vsafe-1-6-daily-dose1,J7L-52301-37936,s270193048757539026298637823416172462820,09/05/2021,Headache,Headache,26.0,YES,NO,,09/06/2023,J7
vsafe-1-6-daily-dose1,J7T-18862-82900,s245242593094490512497022247403065596397,01/09/2021,Dizziness,Light-headed,25.1,NO,NO,01/19/2023,11/09/2022,J7
vsafe-1-6-daily-dose1,J7T-18862-82900,s245242593094490512497022247403065596397,01/09/2021,Dizziness,Lightheadedness,25.1,YES,YES,01/19/2023,11/09/2022,J7
vsafe-1-6-daily-dose1,J75-11272-54921,s246705338578083104010380164767486191330,01/23/2021,Brain stem haemorrhage,Brain stem bleeding,25.1,NO,NO,07/25/2023,11/22/2022,J7
vsafe-1-6-daily-dose1,J75-11272-54921,s246705338578083104010380164767486191330,01/23/2021,Pain in extremity,Leg pain,25.1,YES,NO,,11/22/2022,J7
vsafe-1-6-daily-dose1,J75-11272-54921,s246705338578083104010380164767486191330,01/23/2021,Cerebral haemorrhage,Hemorrhage brain,26.0,YES,YES,07/25/2023,11/22/2022,J7
vsafe-1-6-daily-dose2,J7G-23988-48344,s247216340753703669431963510568680836078,01/28/2021,Back pain,Low back pain,25.1,YES,NO,,11/29/2022,J7
vsafe-7-day-dose1,J7R-67173-97819,s247461094941221687221654963055537856066,01/30/2021,Lymphadenopathy,Lymph nodes cervical swollen,25.1,YES,NO,,12/01/2022,J7
vsafe-7-day-dose1,J7R-67173-97819,s247461094941221687221654963055537856066,01/30/2021,Lymph node pain,Lymph node pain,25.1,YES,NO,,12/01/2022,J7
vsafe-7-day-dose1,J7V-29820-38585,s247755693725625125553743937939786311173,02/02/2021,Skin warm,Skin warm,25.1,YES,NO,,12/05/2022,J7
vsafe-7-day-dose1,J7V-29820-38585,s247755693725625125553743937939786311173,02/02/2021,Feeling jittery,Feeling jittery,25.1,YES,NO,,12/05/2022,J7
vsafe-7-day-dose1,J7V-29820-38585,s247755693725625125553743937939786311173,02/02/2021,Feeling abnormal,Feeling abnormal,25.1,YES,NO,,12/05/2022,J7
vsafe-0-day-dose1,J7P-25397-08882,s247753128783420922674516644286473874690,02/02/2021,Hypoaesthesia,Numbness in hand,25.1,YES,NO,,12/02/2022,J7
vsafe-1-6-daily-dose2,J7M-33706-09095,s248487521966426379975284717785623187635,02/09/2021,Pre-existing disease,Pre-existing disease,25.1,YES,NO,,12/15/2022,J7
vsafe-1-6-daily-dose2,J7M-33706-09095,s248487521966426379975284717785623187635,02/09/2021,Rheumatoid arthritis,Rheumatoid arthritis aggravated,25.1,YES,NO,,12/15/2022,J7
vsafe-7-day-dose2,J7M-33706-09095,s248808701386520279628007854488658000841,02/12/2021,Pre-existing disease,Pre-existing disease,25.1,YES,NO,,12/20/2022,J7
vsafe-1-6-daily-dose2,J77-33581-80533,s248995109200014878235042131930522490980,02/14/2021,Injection site erythema,Injection site redness,25.1,YES,NO,,12/22/2022,J7
vsafe-1-6-daily-dose2,J77-33581-80533,s248995109200014878235042131930522490980,02/14/2021,Injection site warmth,Injection site warmth,25.1,YES,NO,,12/22/2022,J7
vsafe-1-6-daily-dose2,J77-33581-80533,s248995109200014878235042131930522490980,02/14/2021,Injection site swelling,Swelling of injection site,25.1,YES,NO,,12/22/2022,J7
vsafe-1-6-daily-dose2,J77-33581-80533,s248995109200014878235042131930522490980,02/14/2021,Pain,Pain upon movement,25.1,YES,NO,,12/22/2022,J7
vsafe-1-6-daily-dose1,J76-21048-78029,s249318773873445256075973055060579622275,02/17/2021,Rash,Rash,25.1,YES,NO,,12/23/2022,J7
vsafe-0-day-dose1,J7Q-19918-17459,s250258858260033746974117198673167966832,02/26/2021,Paraesthesia oral,Tingling tongue,25.1,YES,NO,,01/03/2023,J7
vsafe-1-6-daily-dose1,J7S-26730-30949,s250563502081348203272733484150399066066,03/01/2021,Dyspnoea,Breathlessness,25.1,YES,NO,,01/05/2023,J7
vsafe-1-6-daily-dose1,J7S-26730-30949,s250563502081348203272733484150399066066,03/01/2021,Chest pain,Chest pain,25.1,YES,NO,,01/05/2023,J7
vsafe-1-6-daily-dose1,J7F-12968-28739,s251410549737264461930843824127837105807,03/09/2021,Myalgia,Muscle ache,25.1,YES,NO,,01/12/2023,J7
vsafe-1-6-daily-dose1,J7F-12968-28739,s251410549737264461930843824127837105807,03/09/2021,Arthralgia,Joint pain,25.1,YES,NO,,01/12/2023,J7
vsafe-1-6-daily-dose1,J7F-12968-28739,s251410549737264461930843824127837105807,03/09/2021,Fatigue,Fatigue,25.1,YES,NO,,01/12/2023,J7
vsafe-1-6-daily-dose1,J7F-12968-28739,s251410549737264461930843824127837105807,03/09/2021,Headache,Headache,25.1,YES,NO,,01/12/2023,J7
vsafe-1-6-daily-dose1,J7F-12968-28739,s251410549737264461930843824127837105807,03/09/2021,Nausea,Nausea,25.1,YES,NO,,01/12/2023,J7
vsafe-1-6-daily-dose1,J7F-12968-28739,s251410549737264461930843824127837105807,03/09/2021,Thirst,Thirst,25.1,YES,NO,,01/12/2023,J7
vsafe-1-6-daily-dose1,J7V-93577-82989,s251400594788432897269302122249183705645,03/09/2021,Nasopharyngitis,Cold symptoms,25.1,YES,NO,,01/12/2023,J7
vsafe-1-6-daily-dose2,J7K-16192-77952,s252338632322352006165919290636951493544,03/18/2021,Pain in extremity,Leg pain,25.1,YES,NO,,01/30/2023,J7
vsafe-1-6-daily-dose2,J7Z-19848-66934,s252436221622857611039299716846333913341,03/19/2021,Joint swelling,Knee swelling,25.1,YES,NO,,01/31/2023,J7
vsafe-1-6-daily-dose1,J7E-11695-40771,s252960973795225436321206989831625431324,03/24/2021,Oropharyngeal pain,Sore throat,25.1,YES,NO,,02/03/2023,J7
vsafe-1-6-daily-dose2,J75-18297-88543,s253795394363276585008985258376601165215,04/01/2021,Lymph node pain,Lymph node pain,25.1,YES,NO,,02/13/2023,J7
vsafe-1-6-daily-dose2,J7E-11695-40771,s254837343887088448490639847284424705963,04/11/2021,Lymphadenopathy,Swollen lymph nodes,25.1,YES,NO,,02/23/2023,J7
vsafe-1-6-daily-dose2,J7E-11695-40771,s254837343887088448490639847284424705963,04/11/2021,Lymph node pain,Lymph node pain,25.1,YES,NO,,02/23/2023,J7
vsafe-1-6-daily-dose2,J7E-11695-40771,s254944243825135385613067130175895530985,04/12/2021,Lymphadenopathy,Swollen lymph nodes,25.1,YES,NO,,02/24/2023,J7
vsafe-1-6-daily-dose1,J77-38805-06103,s255265609344670525518070549486594873919,04/15/2021,Axillary pain,Armpit pain,25.1,YES,NO,,02/28/2023,J7
vsafe-1-6-daily-dose1,J77-38805-06103,s255265609344670525518070549486594873919,04/15/2021,Chest discomfort,Chest discomfort,25.1,YES,NO,,02/28/2023,J7
vsafe-1-6-daily-dose1,J77-38805-06103,s255368253222989646190291767163861206617,04/16/2021,Lymphadenopathy,Swollen lymph nodes,25.1,YES,NO,,02/28/2023,J7
vsafe-1-6-daily-dose1,J77-38805-06103,s255368253222989646190291767163861206617,04/16/2021,Dysgeusia,Taste metallic,25.1,YES,NO,,02/28/2023,J7
vsafe-1-6-daily-dose1,J7W-13313-54371,s255374749741702237508877895698140018379,04/16/2021,Nasopharyngitis,Cold,25.1,YES,NO,,02/28/2023,J7
vsafe-1-6-daily-dose1,J77-38805-06103,s255469402952223008727734229710922193845,04/17/2021,Lymphadenopathy,Axillary lymph nodes enlarged,25.1,YES,NO,,03/02/2023,J7
vsafe-1-6-daily-dose1,J77-38805-06103,s255469402952223008727734229710922193845,04/17/2021,Dysgeusia,Taste metallic,25.1,YES,NO,,03/02/2023,J7
vsafe-1-6-daily-dose1,J77-38805-06103,s255595635465934974114644499995923475532,04/18/2021,Lymphadenopathy,Swollen lymph nodes,26.0,YES,NO,,03/23/2023,J7
vsafe-1-6-daily-dose1,J77-38805-06103,s255595635465934974114644499995923475532,04/18/2021,Dysgeusia,Taste metallic,26.0,YES,NO,,03/23/2023,J7
vsafe-1-6-daily-dose1,J77-38805-06103,s255677238235252634468555863101438358452,04/19/2021,Dysgeusia,Taste metallic,25.1,YES,NO,,03/02/2023,J7
vsafe-1-6-daily-dose1,J77-38805-06103,s255677238235252634468555863101438358452,04/19/2021,Lymphadenopathy,Swollen lymph nodes,25.1,YES,NO,,03/02/2023,J7
vsafe-1-6-daily-dose1,J7W-13313-54371,s255682977663783160841638761303468841827,04/19/2021,Back pain,Low back pain,25.1,YES,NO,,03/02/2023,J7
vsafe-1-6-daily-dose1,J77-38805-06103,s255791388770102863664726382724910868796,04/20/2021,Dysgeusia,Taste metallic,25.1,YES,NO,,03/03/2023,J7
vsafe-1-6-daily-dose1,J77-38805-06103,s255791388770102863664726382724910868796,04/20/2021,Lymphadenopathy,Swollen lymph nodes,25.1,YES,NO,,03/03/2023,J7
vsafe-1-6-daily-dose1,J7W-13313-54371,s255798858481511790672474720539706567073,04/20/2021,Nasopharyngitis,Head cold,25.1,YES,NO,,03/03/2023,J7
vsafe-7-day-dose1,J77-38805-06103,s255886845992662646763177127997776463994,04/21/2021,Lymphadenopathy,Swollen lymph nodes,25.1,YES,NO,,03/06/2023,J7
vsafe-7-day-dose1,J77-38805-06103,s255886845992662646763177127997776463994,04/21/2021,Dysgeusia,Taste metallic,25.1,YES,NO,,03/06/2023,J7
vsafe-1-6-daily-dose2,J75-29180-98815,s256735138928903506367466743100865136397,04/29/2021,Injection site bruising,Injection site bruising,25.1,YES,NO,,03/10/2023,J7
vsafe-1-6-daily-dose2,J75-29180-98815,s256735138928903506367466743100865136397,04/29/2021,Insomnia,Difficulty sleeping,26.0,YES,NO,,03/10/2023,J7
vsafe-1-6-daily-dose2,J75-29180-98815,s257280602423136695170708311747488048116,05/04/2021,Injection site bruising,Injection site bruising,25.1,YES,NO,,03/14/2023,J7
vsafe-7-day-dose2,J75-29180-98815,s257362958462540088025839356689747959577,05/05/2021,Injection site bruising,Injection site bruising,25.1,YES,NO,,03/15/2023,J7
vsafe-1-6-daily-dose2,J7W-13313-54371,s258291408312999050398079113908556805751,05/14/2021,Peripheral coldness,Cold feet,26.0,YES,NO,,03/21/2023,J7
vsafe-1-6-daily-dose2,J72-28864-23207,s259029819149591426349079559604278044251,05/21/2021,Brain fog,Brain fog,26.0,YES,NO,,03/28/2023,J7
vsafe-1-6-daily-dose2,J72-28864-23207,s259132198160659496332781043958718064358,05/22/2021,Menstrual disorder,Menstrual cycle abnormal,26.0,YES,NO,,03/29/2023,J7
vsafe-1-6-daily-dose1,J7G-11656-15714,s243564436702004151373508540204294237558,12/24/2020,Dysgeusia,Taste metallic,25.1,YES,NO,,10/25/2022,J7
vsafe-1-6-daily-dose1,J77-19619-13027,s244205541013584878435606938796811804803,12/30/2020,Fatigue,Tiredness,25.1,YES,NO,,10/31/2022,J7
vsafe-1-6-daily-dose1,J7E-29924-96054,s244606881115545410646155912324340922113,01/03/2021,Dizziness,Dizziness,25.1,YES,NO,,11/03/2022,J7
vsafe-0-day-dose1,J7B-22985-47555,s244725947695111646921578621136330721513,01/04/2021,Vertigo,Head spinning,25.1,NO,NO,01/18/2023,11/04/2022,J7
vsafe-0-day-dose1,J7B-22985-47555,s244725947695111646921578621136330721513,01/04/2021,Headache,Headache,25.1,YES,YES,01/18/2023,11/04/2022,J7
vsafe-1-6-daily-dose1,J7E-29924-96054,s244718404081978700198081817891400465476,01/04/2021,Dizziness,Dizziness,25.1,YES,NO,,11/04/2022,J7
vsafe-1-6-daily-dose1,J73-31433-83953,s245651742289593486531284674348564783139,01/13/2021,Blood pressure increased,Elevated BP,25.1,YES,NO,,11/14/2022,J7
vsafe-1-6-daily-dose1,J73-31433-83953,s245775335791938435851859376710989003186,01/14/2021,Blood pressure increased,Blood pressure increased,25.1,YES,NO,,11/15/2022,J7
vsafe-7-day-dose1,J77-90002-36238,s246597892973828721145410321223923715828,01/22/2021,Swelling face,Facial swelling,25.1,YES,NO,,11/22/2022,J7
vsafe-7-day-dose1,J77-90002-36238,s246597892973828721145410321223923715828,01/22/2021,Hypoaesthesia,Numbness facial,25.1,YES,NO,,11/22/2022,J7
vsafe-7-day-dose1,J77-90002-36238,s246597892973828721145410321223923715828,01/22/2021,Paresis,Paresis,25.1,NO,NO,07/25/2023,11/22/2022,J7
vsafe-7-day-dose1,J77-90002-36238,s246597892973828721145410321223923715828,01/22/2021,Facial paralysis,Facial paralysis,26.0,YES,YES,07/25/2023,11/22/2022,J7
vsafe-7-day-dose2,J7G-11656-15714,s247213762152452568066655554028389956595,01/28/2021,Paranasal sinus discomfort,Sinus pressure,25.1,YES,NO,,11/29/2022,J7
vsafe-1-6-daily-dose2,J7U-15837-23490,s247328367109564902577974654789921469931,01/29/2021,Myalgia,Muscle pain,25.1,YES,NO,,11/30/2022,J7
vsafe-1-6-daily-dose2,J7U-15837-23490,s247328367109564902577974654789921469931,01/29/2021,Arthralgia,Joint pain,25.1,YES,NO,,11/30/2022,J7
vsafe-1-6-daily-dose2,J7U-15837-23490,s247328367109564902577974654789921469931,01/29/2021,Fatigue,Fatigue,25.1,YES,NO,,11/30/2022,J7
vsafe-1-6-daily-dose1,J7U-90496-02432,s247648115225287658067945277062197692691,02/01/2021,Oropharyngeal pain,Sore throat,25.1,YES,NO,,12/02/2022,J7
vsafe-1-6-daily-dose1,J7U-90496-02432,s247749065355195528870768296627784017473,02/02/2021,Oropharyngeal pain,Sore throat,25.1,YES,NO,,12/03/2022,J7
vsafe-1-6-daily-dose1,J7U-90496-02432,s247859681760457290627109297706788065531,02/03/2021,Oropharyngeal pain,Sore throat,25.1,YES,NO,,12/05/2022,J7
vsafe-1-6-daily-dose2,J7Z-30537-80073,s248376807665930242252918033941457986193,02/08/2021,Lymphadenopathy,Lymph nodes cervical swollen,25.1,YES,NO,,12/13/2022,J7
vsafe-1-6-daily-dose2,J7Z-30537-80073,s248376807665930242252918033941457986193,02/08/2021,Lymph node pain,Lymph node pain,25.1,YES,NO,,12/13/2022,J7
vsafe-1-6-daily-dose2,J7Z-30537-80073,s248488989588755581878831287439924568916,02/09/2021,Lymphadenopathy,Supraclavicular lymph nodes enlarged,25.1,YES,NO,,12/15/2022,J7
vsafe-1-6-daily-dose2,J7Z-30537-80073,s248488989588755581878831287439924568916,02/09/2021,Lymph node pain,Lymph node pain,25.1,YES,NO,,12/15/2022,J7
vsafe-7-day-dose2,J7Z-30537-80073,s248586537683151942954966069381180315396,02/10/2021,Lymphadenopathy,Supraclavicular lymph nodes enlarged,25.1,YES,NO,,12/19/2022,J7
vsafe-7-day-dose2,J7Z-30537-80073,s248586537683151942954966069381180315396,02/10/2021,Lymph node pain,Lymph node pain,25.1,YES,NO,,12/19/2022,J7
vsafe-1-6-daily-dose2,J7W-49595-02583,s248819912640234964555433675898634271301,02/12/2021,Disorientation,Disorientation,25.1,YES,NO,,12/20/2022,J7
vsafe-1-6-daily-dose2,J7B-22985-47555,s249108658480047638565156781195589763563,02/15/2021,No adverse event,No adverse reaction,25.1,YES,NO,,12/22/2022,J7
vsafe-1-6-daily-dose2,J7L-21829-08272,s249103520010323812730425775412470259440,02/15/2021,Back pain,Backache,25.1,YES,NO,,12/22/2022,J7
vsafe-1-6-daily-dose2,J7B-22985-47555,s249312993227781837085055385769651871904,02/17/2021,Feeling abnormal,Foggy feeling in head,25.1,YES,NO,,12/24/2022,J7
vsafe-1-6-daily-dose2,J7L-21829-08272,s249313922973191139017796105124715352146,02/17/2021,Gait disturbance,Difficulty in walking,25.1,YES,NO,,12/24/2022,J7
vsafe-1-6-daily-dose2,J7L-21829-08272,s249313922973191139017796105124715352146,02/17/2021,Arthralgia,Joint pain,25.1,YES,NO,,12/24/2022,J7
vsafe-7-day-dose2,J7B-22985-47555,s249418235616076840070750605350745595008,02/18/2021,Feeling abnormal,Foggy feeling in head,25.1,YES,NO,,12/27/2022,J7
vsafe-7-day-dose2,J7W-49595-02583,s249437676848425600496856916164415738454,02/18/2021,No adverse event,No adverse reaction,25.1,YES,NO,,12/27/2022,J7
vsafe-1-6-daily-dose1,J72-27714-68481,s250175521760394192756446496630707465950,02/25/2021,No adverse event,No adverse reaction,25.1,YES,NO,,12/31/2022,J7
vsafe-1-6-daily-dose1,J7V-12024-18356,s250264975790320330030252866553753808699,02/26/2021,Feeling abnormal,Foggy feeling in head,25.1,YES,NO,,01/03/2023,J7
vsafe-1-6-daily-dose1,J72-27714-68481,s250368292268327895589549027275875952206,02/27/2021,Back pain,Back pain,25.1,YES,NO,,01/04/2023,J7
vsafe-1-6-daily-dose1,J72-27714-68481,s250368292268327895589549027275875952206,02/27/2021,Arthralgia,Pain in hip,25.1,YES,NO,,01/04/2023,J7
vsafe-1-6-daily-dose1,J72-27714-68481,s250368292268327895589549027275875952206,02/27/2021,Arthritis,Arthritis,25.1,YES,NO,,01/04/2023,J7
vsafe-1-6-daily-dose1,J72-27714-68481,s250672665218730077594205453397265131427,03/02/2021,Pre-existing disease,Pre-existing disease,25.1,YES,NO,,01/05/2023,J7
vsafe-7-day-dose1,J72-27714-68481,s250793652144080970685097741987007329909,03/03/2021,Arthritis,Arthritis,25.1,YES,NO,,01/06/2023,J7
vsafe-7-day-dose1,J72-27714-68481,s250793652144080970685097741987007329909,03/03/2021,Chronic obstructive pulmonary disease,COPD,25.1,YES,NO,,01/06/2023,J7
vsafe-7-day-dose1,J72-27714-68481,s250793652144080970685097741987007329909,03/03/2021,Myalgia,Muscle pain,25.1,YES,NO,,01/06/2023,J7
vsafe-7-day-dose1,J72-27714-68481,s250793652144080970685097741987007329909,03/03/2021,Pre-existing disease,Pre-existing disease,25.1,YES,NO,,01/06/2023,J7
vsafe-1-6-daily-dose1,J7W-32515-25793,s251514282541193372934483178566439325794,03/10/2021,Unevaluable event,Reaction unevaluable,25.1,YES,NO,,01/13/2023,J7
vsafe-0-day-dose2,J72-27714-68481,s252237973914310278412789858858093424212,03/17/2021,No adverse event,No adverse reaction,25.1,YES,NO,,01/27/2023,J7
vsafe-1-6-daily-dose2,J72-27714-68481,s252343592330180236982456228058021658325,03/18/2021,No adverse event,No adverse reaction,25.1,YES,NO,,01/30/2023,J7
vsafe-1-6-daily-dose2,J72-27714-68481,s252446930365995089238083574531401346523,03/19/2021,No adverse event,No adverse reaction,25.1,YES,NO,,01/31/2023,J7
vsafe-1-6-daily-dose2,J72-27714-68481,s252548219273345186435975701364399053176,03/20/2021,No adverse event,No adverse reaction,25.1,YES,NO,,01/31/2023,J7
vsafe-1-6-daily-dose2,J72-27714-68481,s252650372588650137782698225660160823851,03/21/2021,No adverse event,No adverse reaction,25.1,YES,NO,,02/01/2023,J7
vsafe-1-6-daily-dose2,J72-27714-68481,s252756611201667736886269430957427300998,03/22/2021,No adverse event,No adverse reaction,25.1,YES,NO,,02/02/2023,J7
vsafe-1-6-daily-dose2,J72-27714-68481,s252862292285870767559619450433107015738,03/23/2021,No adverse event,No adverse reaction,25.1,YES,NO,,02/02/2023,J7
vsafe-7-day-dose2,J72-27714-68481,s252966663755774971245883264425261690305,03/24/2021,No adverse event,No adverse reaction,25.1,YES,NO,,02/05/2023,J7
vsafe-7-day-dose1,J7J-21095-37034,s253706133712870976009296141640236937891,03/31/2021,Dyspnoea,Difficulty breathing,25.1,YES,NO,,02/12/2023,J7
vsafe-7-day-dose2,J7V-12024-18356,s253707580631500176592183256833757732153,03/31/2021,Feeling abnormal,Foggy feeling in head,25.1,YES,NO,,02/13/2023,J7
vsafe-1-6-daily-dose1,J7V-73876-23783,s253794733660446218860404718583203683738,04/01/2021,No adverse event,No adverse reaction,25.1,YES,NO,,02/13/2023,J7
vsafe-7-day-dose2,J7G-16612-05083,s253795706601904650427361496268406404013,04/01/2021,Catheterisation cardiac,Cardiac catheterization,25.1,YES,NO,,02/13/2023,J7
vsafe-7-day-dose2,J7G-16612-05083,s253795706601904650427361496268406404013,04/01/2021,Stent placement,Stent placement,25.1,YES,NO,,02/13/2023,J7
vsafe-0-day-dose2,J7P-41359-83248,s253907605521706007934949847207883995300,04/02/2021,No adverse event,No adverse reaction,25.1,YES,NO,,02/13/2023,J7
vsafe-1-6-daily-dose1,J7V-73876-23783,s253911920415486679460792550272180866313,04/02/2021,Oropharyngeal pain,Sore throat,25.1,YES,NO,,02/14/2023,J7
vsafe-1-6-daily-dose1,J7V-73876-23783,s254012888507903743778791574720972754295,04/03/2021,No adverse event,No adverse reaction,25.1,YES,NO,,02/14/2023,J7
vsafe-1-6-daily-dose2,J7P-41359-83248,s254023616148622252413973248524956612599,04/03/2021,No adverse event,No adverse reaction,25.1,YES,NO,,02/15/2023,J7
vsafe-0-day-dose2,J7R-66032-04409,s255591626921084421561332386733406991706,04/18/2021,No adverse event,No adverse reaction,26.0,YES,NO,,03/23/2023,J7
vsafe-0-day-dose1,J72-28399-70114,s263825780599534142706895524961530314588,07/06/2021,Anaphylactic reaction,Anaphylaxis,26.0,YES,NO,,04/07/2023,J7
vsafe-1-6-daily-dose1,J72-28399-70114,s264027757855736776957424365057346240658,07/08/2021,Chest pain,Chest pain,26.0,YES,NO,,04/08/2023,J7
vsafe-1-6-daily-dose1,J72-28399-70114,s264027757855736776957424365057346240658,07/08/2021,Emergency care,Emergency care,26.0,YES,NO,,04/08/2023,J7
vsafe-1-6-daily-dose1,J72-28399-70114,s264027757855736776957424365057346240658,07/08/2021,Anaphylactic reaction,Anaphylaxis,26.0,YES,NO,,04/08/2023,J7
vsafe-0-day-dose1,J7B-28504-47126,s243991969450689819561627347346904456322,12/28/2020,Eye irritation,Irritation eye,25.1,YES,NO,,10/27/2022,J7
vsafe-1-6-daily-dose1,J7B-28504-47126,s244100392926174289557599454907071133046,12/29/2020,Hypersensitivity,Allergic reaction,25.1,YES,NO,,10/30/2022,J7
vsafe-7-day-dose1,J7B-28504-47126,s244739237712017951217253795325111097432,01/04/2021,Injection site discolouration,Injection site discoloration,25.1,YES,NO,,11/04/2022,J7
vsafe-1-6-daily-dose1,J7C-92285-16809,s245125570979071118277171014533422652070,01/08/2021,Swelling of eyelid,Swollen eyelid,25.1,YES,NO,,11/08/2022,J7
vsafe-1-6-daily-dose1,J7C-92285-16809,s245125570979071118277171014533422652070,01/08/2021,Erythema,Red face,25.1,YES,NO,,11/08/2022,J7
vsafe-1-6-daily-dose1,J7C-92285-16809,s245125570979071118277171014533422652070,01/08/2021,Swelling face,Swollen of face feeling,25.1,YES,NO,,11/08/2022,J7
vsafe-1-6-daily-dose1,J7C-92285-16809,s245125570979071118277171014533422652070,01/08/2021,Tenderness,Tenderness,25.1,YES,NO,,11/08/2022,J7
vsafe-1-6-daily-dose1,J7C-92285-16809,s245238057958352829264917149427981520881,01/09/2021,Eye swelling,Eye swelling,25.1,YES,NO,,11/09/2022,J7
vsafe-1-6-daily-dose1,J7C-92285-16809,s245238057958352829264917149427981520881,01/09/2021,Swelling face,Facial swelling,25.1,YES,NO,,11/09/2022,J7
vsafe-1-6-daily-dose1,J7C-92285-16809,s245671364152877282662964281192024254061,01/13/2021,Eye swelling,Eye swelling,25.1,YES,NO,,11/14/2022,J7
vsafe-1-6-daily-dose1,J7E-26957-13244,s245671716627336988921592711822189403843,01/13/2021,Paraesthesia oral,Tingling lips,25.1,YES,NO,,11/14/2022,J7
vsafe-1-6-daily-dose1,J7E-26957-13244,s245671716627336988921592711822189403843,01/13/2021,Dermal filler reaction,Dermal filler reaction,25.1,YES,NO,,11/14/2022,J7
vsafe-1-6-daily-dose1,J75-15034-90782,s246081977746495382018362620710427983257,01/17/2021,Pre-existing disease,Pre-existing disease,25.1,YES,NO,,11/17/2022,J7
vsafe-1-6-daily-dose1,J75-15034-90782,s246081977746495382018362620710427983257,01/17/2021,Vertigo,Vertigo aggravated,25.1,YES,NO,,11/17/2022,J7
vsafe-1-6-daily-dose1,J78-15700-54416,s246599385555631893261649580241369833617,01/22/2021,Axillary pain,Armpit pain,25.1,YES,NO,,11/22/2022,J7
vsafe-7-day-dose1,J78-15700-54416,s246701601179456316573548648692781290364,01/23/2021,Lymphadenopathy,Axillary lymph nodes enlarged,25.1,YES,NO,,11/23/2022,J7
vsafe-1-6-daily-dose1,J7Q-13771-03932,s246701668439503491580452127000691923653,01/23/2021,Pain in extremity,Pain in arm,25.1,YES,NO,,11/22/2022,J7
vsafe-1-6-daily-dose1,J7Q-13771-03932,s246701668439503491580452127000691923653,01/23/2021,Peripheral swelling,Swelling arm,25.1,YES,NO,,11/22/2022,J7
vsafe-1-6-daily-dose1,J7Q-13771-03932,s246701668439503491580452127000691923653,01/23/2021,Self-medication,Self-medication,25.1,YES,NO,,11/22/2022,J7
vsafe-1-6-daily-dose2,J7B-28504-47126,s247229324537514522095879441223065956734,01/28/2021,Injection site bruising,Injection site bruising,25.1,YES,NO,,11/29/2022,J7
vsafe-1-6-daily-dose1,J7X-15671-32715,s247227213236842256744466649314398723787,01/28/2021,Gingival pain,Tender gum,25.1,YES,NO,,11/29/2022,J7
vsafe-1-6-daily-dose1,J7X-15671-32715,s247227213236842256744466649314398723787,01/28/2021,Pain in jaw,Jaw pain,25.1,YES,NO,,11/29/2022,J7
vsafe-1-6-daily-dose1,J7X-15671-32715,s247227213236842256744466649314398723787,01/28/2021,Hyperaesthesia teeth,Sensitivity of teeth,25.1,YES,NO,,11/29/2022,J7
vsafe-0-day-dose1,J77-30862-64966,s247213105331741379774890748978840403607,01/28/2021,Unevaluable event,Reaction unevaluable,25.1,YES,NO,,11/28/2022,J7
vsafe-1-6-daily-dose1,J78-11175-37832,s247541044104603233617121022817342244831,01/31/2021,Dizziness,Dizzy,25.1,YES,NO,,12/01/2022,J7
vsafe-1-6-daily-dose1,J78-11175-37832,s247541044104603233617121022817342244831,01/31/2021,Balance disorder,Balance difficulty,25.1,YES,NO,,12/01/2022,J7
vsafe-1-6-daily-dose1,J78-11175-37832,s247541044104603233617121022817342244831,01/31/2021,Thirst,Thirst,25.1,YES,NO,,12/01/2022,J7
vsafe-1-6-daily-dose1,J78-11175-37832,s247541044104603233617121022817342244831,01/31/2021,Hunger,Hunger,25.1,YES,NO,,12/01/2022,J7
vsafe-1-6-daily-dose1,J78-11175-37832,s247541044104603233617121022817342244831,01/31/2021,Insomnia,Sleeplessness,25.1,YES,NO,,12/01/2022,J7
vsafe-1-6-daily-dose1,J78-11175-37832,s247541044104603233617121022817342244831,01/31/2021,Vision blurred,Blurred vision,25.1,YES,NO,,12/01/2022,J7
vsafe-1-6-daily-dose1,J78-11175-37832,s247640976029432606332486178976165398861,02/01/2021,Vision blurred,Blurred vision,25.1,YES,NO,,12/02/2022,J7
vsafe-1-6-daily-dose1,J78-11175-37832,s247744448488817626769588675857135322359,02/02/2021,Vision blurred,Blurry vision,25.1,YES,NO,,12/03/2022,J7
vsafe-1-6-daily-dose1,J78-11175-37832,s247852753059789047744172463229464385203,02/03/2021,Pruritus,Itching,25.1,YES,NO,,12/05/2022,J7
vsafe-7-day-dose1,J77-30862-64966,s247959850326185421558386223296602052173,02/04/2021,Dizziness,Dizziness,25.1,YES,NO,,12/07/2022,J7
vsafe-7-day-dose1,J78-11175-37832,s248056733609019858950200158621071457260,02/05/2021,Vaginal infection,Vaginitis,25.1,YES,NO,,12/08/2022,J7
vsafe-7-day-dose1,J78-11175-37832,s248056733609019858950200158621071457260,02/05/2021,Urethritis,Urethritis,25.1,NO,NO,08/03/2023,12/08/2022,J7
vsafe-7-day-dose1,J78-11175-37832,s248056733609019858950200158621071457260,02/05/2021,Pruritus,Itchy skin,25.1,NO,NO,08/03/2023,12/08/2022,J7
vsafe-7-day-dose1,J78-11175-37832,s248056733609019858950200158621071457260,02/05/2021,Pruritus,Localized itching,26.0,YES,YES,08/03/2023,12/08/2022,J7
vsafe-0-day-dose1,J7X-54271-30443,s248198236549374627133631419927071735860,02/06/2021,Dizziness,Dizziness,25.1,YES,NO,,12/08/2022,J7
vsafe-1-6-daily-dose1,J7X-54271-30443,s248497519203300947071401525839464652246,02/09/2021,Oropharyngeal pain,Sore throat,25.1,YES,NO,,12/14/2022,J7
vsafe-1-6-daily-dose1,J7X-54271-30443,s248497519203300947071401525839464652246,02/09/2021,Feeling hot,Feeling hot,25.1,YES,NO,,12/14/2022,J7
vsafe-1-6-daily-dose2,J78-15700-54416,s249200612986516552703600673167508151011,02/16/2021,Neck pain,Neck pain,25.1,YES,NO,,12/23/2022,J7
vsafe-1-6-daily-dose2,J78-15700-54416,s249200612986516552703600673167508151011,02/16/2021,Axillary pain,Armpit pain,25.1,YES,NO,,12/23/2022,J7
vsafe-1-6-daily-dose1,J7T-17295-50023,s250994864833465221215012176476592803810,03/05/2021,Dizziness,Dizzy,25.1,YES,NO,,01/09/2023,J7
vsafe-1-6-daily-dose1,J7T-17295-50023,s250994864833465221215012176476592803810,03/05/2021,Diabetes mellitus,Diabetic,25.1,YES,NO,,01/09/2023,J7
vsafe-7-day-dose1,J7T-17295-50023,s251089420835134744085076516957328164527,03/06/2021,Sinus disorder,Sinus disorder,25.1,YES,NO,,01/10/2023,J7
vsafe-0-day-dose2,J7X-54271-30443,s251094921614729072390034437564109848375,03/06/2021,Syncope,Faint,25.1,YES,NO,,01/10/2023,J7
vsafe-1-6-daily-dose2,J7X-54271-30443,s251310510951028280672105662269211970703,03/08/2021,Hot flush,Hot flashes,25.1,YES,NO,,01/11/2023,J7
vsafe-1-6-daily-dose2,J7X-54271-30443,s251409877609853184913810134716084008093,03/09/2021,Dysgeusia,Taste metallic,25.1,YES,NO,,01/12/2023,J7
vsafe-1-6-daily-dose2,J7X-54271-30443,s251515954483857143566021198697405752198,03/10/2021,Dysgeusia,Taste metallic,25.1,YES,NO,,01/13/2023,J7
vsafe-1-6-daily-dose2,J7X-15253-00729,s251736272911089452344946210618898802924,03/12/2021,Eye disorder,Eye disorder,25.1,YES,NO,,01/23/2023,J7
vsafe-7-day-dose2,J7X-15253-00729,s251836499202589793345067784030974031321,03/13/2021,Ocular hyperaemia,Eye redness,25.1,YES,NO,,01/25/2023,J7
vsafe-0-day-dose1,J79-19625-81083,s252754402366601961736003844678108188209,03/22/2021,Hypertension,Blood pressure high,25.1,YES,NO,,02/01/2023,J7
vsafe-0-day-dose1,J79-19625-81083,s252754402366601961736003844678108188209,03/22/2021,Medical counselling,Medical counseling,25.1,YES,NO,,02/01/2023,J7
vsafe-1-6-daily-dose1,J79-19625-81083,s252964489156578718148496893140376626587,03/24/2021,Pain in extremity,Pain in arm,25.1,YES,NO,,02/03/2023,J7
vsafe-1-6-daily-dose1,J79-19625-81083,s253067441863199168807806864310407937429,03/25/2021,Hypertension,Blood pressure high,25.1,YES,NO,,02/06/2023,J7
vsafe-1-6-daily-dose1,J79-19625-81083,s253067441863199168807806864310407937429,03/25/2021,Blood pressure difference of extremities,Blood pressure difference of arms,25.1,YES,NO,,02/06/2023,J7
vsafe-1-6-daily-dose2,J7T-13910-70097,s253374232277986541225383746150744091298,03/28/2021,Sinus congestion,Sinus congestion,25.1,YES,NO,,02/08/2023,J7
vsafe-1-6-daily-dose2,J7T-13910-70097,s253374232277986541225383746150744091298,03/28/2021,Paranasal sinus discomfort,Sinus pressure,25.1,YES,NO,,02/08/2023,J7
vsafe-1-6-daily-dose2,J74-39079-41666,s253596551657069245420233452980724753686,03/30/2021,Pruritus,Itching all over,25.1,YES,NO,,02/09/2023,J7
vsafe-1-6-daily-dose2,J74-39079-41666,s253701025401934613992498681944962942854,03/31/2021,Pre-existing disease,Pre-existing disease,25.1,YES,NO,,02/10/2023,J7
vsafe-1-6-daily-dose2,J74-39079-41666,s253701025401934613992498681944962942854,03/31/2021,Asthma,Asthma aggravated,25.1,YES,NO,,02/10/2023,J7
vsafe-1-6-daily-dose2,J74-39079-41666,s253913806422133732770154754059881046304,04/02/2021,Dyspnoea,Difficulty breathing,25.1,YES,NO,,02/14/2023,J7
vsafe-1-6-daily-dose1,J7B-23270-24748,s254843124235681226291428182585288355475,04/11/2021,Body temperature increased,Body temperature increased,25.1,YES,NO,,02/23/2023,J7
vsafe-1-6-daily-dose1,J7B-23270-24748,s254955786240681112712084039125839813343,04/12/2021,Dry mouth,Dry mouth,25.1,YES,NO,,02/23/2023,J7
vsafe-1-6-daily-dose1,J7B-23270-24748,s255083284606684025679848210582693616328,04/13/2021,Dry mouth,Dry mouth,25.1,YES,NO,,02/24/2023,J7
vsafe-0-day-dose2,J79-19625-81083,s255154612027796099047640516363123602271,04/14/2021,No adverse event,No adverse reaction,25.1,YES,NO,,02/27/2023,J7
vsafe-1-6-daily-dose1,J7B-23270-24748,s255172710439263074379418667558338480272,04/14/2021,Dry mouth,Dry mouth,25.1,YES,NO,,02/27/2023,J7
vsafe-0-day-dose2,J7Z-58107-07699,s255914797109359188327482692325727692493,04/21/2021,Arthralgia,Pain in elbow,25.1,YES,NO,,03/06/2023,J7
vsafe-1-6-daily-dose2,J7Z-58107-07699,s256006171521191754327821295360680803351,04/22/2021,Injection site pain,Injection site tenderness,25.1,YES,NO,,03/07/2023,J7
vsafe-1-6-daily-dose2,J7Z-58107-07699,s256115822537307954125917772824300919141,04/23/2021,Injection site pain,Injection site pain,25.1,YES,NO,,03/07/2023,J7
vsafe-1-6-daily-dose2,J7Z-58107-07699,s256115822537307954125917772824300919141,04/23/2021,Injection site pain,Injection site tenderness,25.1,YES,NO,,03/07/2023,J7
vsafe-0-day-dose1,J78-76441-10706,s256318168577197644533612055133334151464,04/25/2021,Muscle spasms,Cramp in hand,26.0,YES,NO,,03/08/2023,J7
vsafe-0-day-dose1,J78-76441-10706,s256318168577197644533612055133334151464,04/25/2021,Muscle spasms,Cramps,26.0,YES,NO,,03/08/2023,J7
vsafe-1-6-daily-dose1,J7D-35469-82879,s257151386610795568602512772933385613838,05/03/2021,Headache,Headache,25.1,YES,NO,,03/14/2023,J7
vsafe-1-6-daily-dose1,J72-21084-41211,s258183329216329094216379806127412133900,05/13/2021,Pain in extremity,Pain in arm,26.0,YES,NO,,03/21/2023,J7
vsafe-7-day-dose1,J72-21084-41211,s258296188803710939795181931242749324897,05/14/2021,Axillary pain,Armpit pain,26.0,YES,NO,,03/21/2023,J7
vsafe-7-day-dose1,J72-21084-41211,s258296188803710939795181931242749324897,05/14/2021,Pain in extremity,Pain in arm,26.0,YES,NO,,03/21/2023,J7
vsafe-1-6-daily-dose2,J72-16783-82322,s259119722839738024634809791832553854401,05/22/2021,Injection site bruising,Injection site bruising,26.0,YES,NO,,03/29/2023,J7
vsafe-1-6-daily-dose2,J72-16783-82322,s259434397547314101335569080635592723179,05/25/2021,Contusion,Bruise,26.0,YES,NO,,03/29/2023,J7
vsafe-1-6-daily-dose2,J72-21084-41211,s260684648590347101360757221468316300815,06/06/2021,Pyrexia,Fever,26.0,YES,NO,,04/03/2023,J7
vsafe-1-6-daily-dose2,J72-21084-41211,s260684648590347101360757221468316300815,06/06/2021,Ear infection,Ear infection,26.0,YES,NO,,04/03/2023,J7
vsafe-1-6-daily-dose2,J7T-15968-91080,s263107207182214760413930008461783527686,06/29/2021,Lymphadenopathy,Axillary lymph nodes enlarged,26.0,YES,NO,,04/06/2023,J7
vsafe-1-6-daily-dose2,J7T-15968-91080,s263107207182214760413930008461783527686,06/29/2021,Lymphadenopathy,Lymph nodes cervical swollen,26.0,YES,NO,,04/06/2023,J7
vsafe-1-6-daily-dose2,J7T-15968-91080,s263191836474383156386674225347004387497,06/30/2021,Pain in extremity,Pain in arm,26.0,YES,NO,,04/06/2023,J7
vsafe-1-6-daily-dose2,J7T-15968-91080,s263191836474383156386674225347004387497,06/30/2021,Arthralgia,Shoulder pain,26.0,YES,NO,,04/06/2023,J7
vsafe-1-6-daily-dose2,J7T-15968-91080,s263191836474383156386674225347004387497,06/30/2021,Chest pain,Chest pain,26.0,YES,NO,,04/06/2023,J7
vsafe-1-6-daily-dose2,J7J-32875-65033,s269775415851262614050115430955266766962,09/01/2021,Brain fog,Brain fog,26.0,YES,NO,,08/23/2023,J7
vsafe-1-6-daily-dose2,J7J-32875-65033,s269880906570800624095641939538975786864,09/02/2021,Brain fog,Brain fog,26.0,YES,NO,,08/28/2023,J7
vsafe-1-6-daily-dose2,J7J-32875-65033,s269984563629197442137187215268077292291,09/03/2021,Brain fog,Brain fog,26.0,YES,NO,,08/30/2023,J7
vsafe-7-day-dose2,J7J-32875-65033,s270090419195699648898214446468248010873,09/04/2021,Brain fog,Brain fog,26.0,YES,NO,,09/06/2023,J7
vsafe-1-6-daily-dose1,J7B-15310-70781,s245979747671189747632352371415322371159,01/16/2021,Sinus congestion,Sinus congestion,25.1,YES,NO,,11/16/2022,J7
vsafe-1-6-daily-dose1,J7B-15310-70781,s245979747671189747632352371415322371159,01/16/2021,Rhinorrhoea,Runny nose,25.1,YES,NO,,11/16/2022,J7
vsafe-1-6-daily-dose1,J7U-23793-39532,s246292581045369431243731679569873872400,01/19/2021,Eye swelling,Eyes swollen,25.1,YES,NO,,11/18/2022,J7
vsafe-1-6-daily-dose1,J7B-16146-31800,s246606025531713170603133117151224449279,01/22/2021,Pain,Pain localized,25.1,YES,NO,,11/22/2022,J7
vsafe-1-6-daily-dose1,J7B-16146-31800,s246606025531713170603133117151224449279,01/22/2021,Pain in extremity,Pain in arm,25.1,YES,NO,,11/22/2022,J7
vsafe-1-6-daily-dose1,J77-33386-56506,s246718087179550913611355565991435868348,01/23/2021,Herpes zoster,Shingles,25.1,YES,NO,,11/22/2022,J7
vsafe-1-6-daily-dose1,J7B-16146-31800,s246707612326333502631738593100515917795,01/23/2021,Wheezing,Wheezing,25.1,YES,NO,,11/22/2022,J7
vsafe-1-6-daily-dose1,J77-33386-56506,s246810062434254572170363147588878361805,01/24/2021,Herpes zoster,Shingles,25.1,YES,NO,,11/23/2022,J7
vsafe-1-6-daily-dose1,J7J-33445-23897,s246807551272666280203803265939276439519,01/24/2021,Anaphylactic shock,Anaphylactic shock,25.1,YES,NO,,11/23/2022,J7
vsafe-1-6-daily-dose1,J77-33386-56506,s246914885793371884411240109559463469886,01/25/2021,Herpes zoster,Shingles,25.1,YES,NO,,11/23/2022,J7
vsafe-1-6-daily-dose2,J75-27518-05092,s247020946094140932615751973459739691228,01/26/2021,Injection site pain,Injection site pain,25.1,YES,NO,,11/25/2022,J7
vsafe-1-6-daily-dose1,J77-33386-56506,s247020030554470601221663468000926935798,01/26/2021,Herpes zoster,Shingles,25.1,YES,NO,,11/25/2022,J7
vsafe-0-day-dose2,J7U-23793-39532,s248072604090876891930474039185072864699,02/05/2021,Lacrimation increased,Watering eyes,25.1,YES,NO,,12/07/2022,J7
vsafe-0-day-dose2,J7U-23793-39532,s248072604090876891930474039185072864699,02/05/2021,Eye pruritus,Itchy eyes,25.1,YES,NO,,12/07/2022,J7
vsafe-1-6-daily-dose2,J7U-23793-39532,s248177804313209890471634276354875904623,02/06/2021,Pruritus,Itching,25.1,YES,NO,,12/09/2022,J7
vsafe-1-6-daily-dose1,J7S-35693-03463,s248594420820633869048911059684220892795,02/10/2021,Rhinorrhoea,Runny nose,25.1,YES,NO,,12/16/2022,J7
vsafe-1-6-daily-dose1,J7S-35693-03463,s248911660098025581453804678125986654788,02/13/2021,Headache,Frontal headache,25.1,YES,NO,,12/21/2022,J7
vsafe-1-6-daily-dose2,J7Z-15272-42265,s249514835415107588802036436651916060890,02/19/2021,Hot flush,Hot flashes,25.1,YES,NO,,12/28/2022,J7
vsafe-1-6-daily-dose1,J7V-28183-46680,s249741926957495681905067952605777008549,02/21/2021,Peripheral swelling,Hand swelling,25.1,YES,NO,,12/28/2022,J7
vsafe-1-6-daily-dose2,J7B-16146-31800,s249931705886929986938242575873556003064,02/23/2021,Headache,Headache,25.1,YES,NO,,12/29/2022,J7
vsafe-1-6-daily-dose1,J7G-29815-12481,s250163176427306999691824163404745688879,02/25/2021,Nausea,Nausea,25.1,YES,NO,,12/31/2022,J7
vsafe-1-6-daily-dose1,J7G-29815-12481,s250251597923632098671124669680017087380,02/26/2021,Nasal congestion,Nasal stuffiness,25.1,YES,NO,,01/03/2023,J7
vsafe-1-6-daily-dose1,J7R-91043-31145,s250669509763378189392642851359808995479,03/02/2021,Chills,Chills,25.1,YES,NO,,01/05/2023,J7
vsafe-1-6-daily-dose1,J7R-91043-31145,s250669509763378189392642851359808995479,03/02/2021,Fatigue,Fatigue,25.1,YES,NO,,01/05/2023,J7
vsafe-1-6-daily-dose1,J7R-91043-31145,s250669509763378189392642851359808995479,03/02/2021,Oropharyngeal pain,Sore throat,25.1,YES,NO,,01/05/2023,J7
vsafe-1-6-daily-dose1,J7R-91043-31145,s250669509763378189392642851359808995479,03/02/2021,Pain,Pain,25.1,YES,NO,,01/05/2023,J7
vsafe-1-6-daily-dose1,J7R-91043-31145,s250773954234092822609924843689634059423,03/03/2021,Pyrexia,Fever,25.1,YES,NO,,01/06/2023,J7
vsafe-1-6-daily-dose1,J7R-91043-31145,s250773954234092822609924843689634059423,03/03/2021,Chills,Chills,25.1,YES,NO,,01/06/2023,J7
vsafe-1-6-daily-dose1,J7R-91043-31145,s250773954234092822609924843689634059423,03/03/2021,Pain,Generalized aching,25.1,YES,NO,,01/06/2023,J7
vsafe-1-6-daily-dose1,J7R-91043-31145,s250773954234092822609924843689634059423,03/03/2021,Fatigue,Fatigue,25.1,YES,NO,,01/06/2023,J7
vsafe-1-6-daily-dose2,J7G-29815-12481,s251502111873687336166498371827164432599,03/10/2021,Pain in extremity,Pain in arm,25.1,YES,NO,,01/13/2023,J7
vsafe-1-6-daily-dose2,J7G-29815-12481,s251610000328732848874341562391510826382,03/11/2021,Arthralgia,Joint pain,25.1,YES,NO,,01/23/2023,J7
vsafe-1-6-daily-dose2,J7G-29815-12481,s251921907276463024638902997756662176732,03/14/2021,Nasal congestion,Nasal stuffiness,25.1,YES,NO,,01/25/2023,J7
vsafe-1-6-daily-dose2,J7V-11741-51623,s252238221328383096096990745306344341065,03/17/2021,Syncope,Faint,25.1,YES,NO,,01/27/2023,J7
vsafe-1-6-daily-dose2,J7V-11741-51623,s252238221328383096096990745306344341065,03/17/2021,Blood pressure increased,Elevated BP,25.1,YES,NO,,01/27/2023,J7
vsafe-7-day-dose2,J7G-29815-12481,s252327896269846348006340574961979771248,03/18/2021,Dry mouth,Dry mouth,25.1,YES,NO,,01/30/2023,J7
vsafe-1-6-daily-dose2,J7R-91043-31145,s252540774893264156123796782550562264977,03/20/2021,Dizziness,Dizziness,25.1,YES,NO,,01/31/2023,J7
vsafe-1-6-daily-dose2,J7R-91043-31145,s252540774893264156123796782550562264977,03/20/2021,Oropharyngeal pain,Sore throat,25.1,YES,NO,,01/31/2023,J7
vsafe-0-day-dose1,J7D-76164-45778,s252761018019290241345248149830393051430,03/22/2021,Musculoskeletal stiffness,Neck stiffness,25.1,YES,NO,,02/01/2023,J7
vsafe-0-day-dose1,J7W-14233-52882,s253484890647593131767148463764189921583,03/29/2021,No adverse event,No adverse reaction,25.1,YES,NO,,02/08/2023,J7
vsafe-1-6-daily-dose1,J7W-14233-52882,s253694229166093154123735006332456701891,03/31/2021,No adverse event,No adverse reaction,25.1,YES,NO,,02/10/2023,J7
vsafe-0-day-dose2,J7Q-16601-55179,s254426940675535885763380956208772581084,04/07/2021,No adverse event,No adverse reaction,25.1,YES,NO,,02/17/2023,J7
vsafe-7-day-dose2,J7F-21569-62406,s254741544012125513242131476491562281254,04/10/2021,Nipple pain,Nipple tenderness,25.1,YES,NO,,02/22/2023,J7
vsafe-1-6-daily-dose2,J7F-17335-65605,s255794783860986769409495545838750569687,04/20/2021,Menstruation irregular,Irregular periods,26.0,YES,NO,,03/27/2023,J7
vsafe-7-day-dose2,J7B-62692-08369,s256633634191205298491367085706331198989,04/28/2021,Chills,Chills,25.1,YES,NO,,03/10/2023,J7
vsafe-7-day-dose2,J7B-62692-08369,s256633634191205298491367085706331198989,04/28/2021,Fatigue,Fatigue,25.1,YES,NO,,03/10/2023,J7
vsafe-7-day-dose2,J7B-62692-08369,s256633634191205298491367085706331198989,04/28/2021,Pain,Generalized aching,25.1,YES,NO,,03/10/2023,J7
vsafe-7-day-dose2,J7B-62692-08369,s256633634191205298491367085706331198989,04/28/2021,Headache,Headache,25.1,YES,NO,,03/10/2023,J7
vsafe-7-day-dose2,J7B-62692-08369,s256633634191205298491367085706331198989,04/28/2021,Pyrexia,Low grade fever,25.1,YES,NO,,03/10/2023,J7
vsafe-1-6-daily-dose2,J7E-83978-84758,s258102642578482511227279937025140753396,05/12/2021,Herpes zoster,Shingles,26.0,YES,NO,,03/20/2023,J7
vsafe-0-day-dose1,J7U-76212-62166,s243476219730069943544812887047674712776,12/23/2020,Dizziness,Dizzy,25.1,YES,NO,,10/24/2022,J7
vsafe-1-6-daily-dose1,J7M-70937-25127,s243570301361008042579557211621338798214,12/24/2020,Oropharyngeal pain,Sore throat,25.1,YES,NO,,10/25/2022,J7
vsafe-1-6-daily-dose1,J7M-70937-25127,s243731024395280004445921958128528277015,12/26/2020,Oropharyngeal pain,Sore throat,25.1,YES,NO,,10/26/2022,J7
vsafe-1-6-daily-dose1,J7M-70937-25127,s243884705354427774731804801122320386669,12/27/2020,Rheumatoid arthritis,Rheumatoid arthritis flare up,25.1,NO,NO,01/16/2023,10/27/2022,J7
vsafe-1-6-daily-dose1,J7M-70937-25127,s243884705354427774731804801122320386669,12/27/2020,Pre-existing disease,Pre-existing disease,25.1,YES,YES,01/16/2023,10/27/2022,J7
vsafe-1-6-daily-dose1,J7M-70937-25127,s243884705354427774731804801122320386669,12/27/2020,Rheumatoid arthritis,Rheumatoid arthritis aggravated,25.1,YES,YES,01/16/2023,10/27/2022,J7
vsafe-1-6-daily-dose1,J7M-70937-25127,s244083688338485988829302201790591832543,12/29/2020,Oropharyngeal pain,Sore throat,25.1,YES,NO,,10/30/2022,J7
vsafe-1-6-daily-dose1,J7M-70937-25127,s244083688338485988829302201790591832543,12/29/2020,Condition aggravated,Condition aggravated,25.1,NO,NO,01/17/2023,10/30/2022,J7
vsafe-1-6-daily-dose1,J7M-70937-25127,s244083688338485988829302201790591832543,12/29/2020,Rheumatoid arthritis,Rheumatoid arthritis flare up,25.1,YES,YES,01/17/2023,10/30/2022,J7
vsafe-0-day-dose1,J7Z-21555-37579,s244308454230658027258622775330551238214,12/31/2020,Dizziness,Lightheadedness,25.1,YES,NO,,11/01/2022,J7
vsafe-1-6-daily-dose2,J7M-70937-25127,s245871022196967001046510543096517386326,01/15/2021,Rheumatoid arthritis,Rheumatoid arthritis,25.1,NO,NO,09/19/2023,11/16/2022,J7
vsafe-1-6-daily-dose2,J7M-70937-25127,s245871022196967001046510543096517386326,01/15/2021,Arthralgia,Joint pain,25.1,YES,NO,,11/16/2022,J7
vsafe-1-6-daily-dose2,J7M-70937-25127,s245871022196967001046510543096517386326,01/15/2021,Joint swelling,Joint swelling,25.1,YES,NO,,11/16/2022,J7
vsafe-1-6-daily-dose2,J7M-70937-25127,s245871022196967001046510543096517386326,01/15/2021,Rheumatoid arthritis,Rheumatoid arthritis aggravated,26.1,YES,YES,09/19/2023,11/16/2022,J7
vsafe-1-6-daily-dose2,J7M-70937-25127,s245871022196967001046510543096517386326,01/15/2021,Pre-existing disease,Pre-existing disease,26.1,YES,YES,09/19/2023,11/16/2022,J7
vsafe-0-day-dose1,J7J-39895-57200,s246101359824827790999212120863461221254,01/17/2021,Injection site pain,Pain injection site,25.1,YES,NO,,11/17/2022,J7
vsafe-1-6-daily-dose2,J7J-32260-36951,s246197494175679169764390640222128969634,01/18/2021,Migraine,Migraine,25.1,YES,NO,,11/18/2022,J7
vsafe-1-6-daily-dose2,J7L-99237-16668,s246199440240145504090340256874800806398,01/18/2021,Dyspnoea,Shortness of breath,25.1,YES,NO,,11/18/2022,J7
vsafe-1-6-daily-dose2,J7C-14475-04993,s247325075625885653566029988218880575387,01/29/2021,Dizziness,Dizziness,25.1,YES,NO,,11/30/2022,J7
vsafe-1-6-daily-dose2,J72-91524-08431,s247435474222477509196297488579844281242,01/30/2021,Swelling face,Cheek swelling,25.1,YES,NO,,12/01/2022,J7
vsafe-1-6-daily-dose1,J7Q-28880-21484,s247544206887410335109372366965304853048,01/31/2021,Injection site bruising,Injection site bruising,25.1,YES,NO,,12/01/2022,J7
vsafe-1-6-daily-dose2,J72-91524-08431,s247543779402385372187489466030951685342,01/31/2021,Swelling face,Cheek swelling,25.1,YES,NO,,12/01/2022,J7
vsafe-7-day-dose2,J72-91524-08431,s247649044924241994185098323048557849987,02/01/2021,Mouth swelling,Mouth swelling,25.1,YES,NO,,12/02/2022,J7
vsafe-7-day-dose2,J72-91524-08431,s247649044924241994185098323048557849987,02/01/2021,Swelling face,Cheek swelling,25.1,YES,NO,,12/02/2022,J7
vsafe-1-6-daily-dose1,J7Q-28880-21484,s247645374245713568151564576162795142942,02/01/2021,Injection site bruising,Injection site bruising,25.1,YES,NO,,12/02/2022,J7
vsafe-1-6-daily-dose1,J7Q-28880-21484,s247645374245713568151564576162795142942,02/01/2021,Injection site erythema,Injection site redness,25.1,YES,NO,,12/02/2022,J7
vsafe-1-6-daily-dose2,J7F-20039-22029,s249014479130251753920791617612265725952,02/14/2021,Muscle spasms,Muscle cramps,25.1,YES,NO,,12/22/2022,J7
vsafe-1-6-daily-dose2,J7F-20039-22029,s249215486153879848699006025351788421529,02/16/2021,Injection site hypoaesthesia,Injection site numbness,25.1,YES,NO,,12/23/2022,J7
vsafe-1-6-daily-dose2,J7F-20039-22029,s249215486153879848699006025351788421529,02/16/2021,Injection site swelling,Injection site swelling,25.1,YES,NO,,12/23/2022,J7
vsafe-1-6-daily-dose2,J7F-20039-22029,s249322811515967568498210556613311000184,02/17/2021,Muscle spasms,Muscle cramps,25.1,YES,NO,,12/24/2022,J7
vsafe-1-6-daily-dose2,J7F-20039-22029,s249322811515967568498210556613311000184,02/17/2021,Muscle spasms,Cramps in legs,25.1,YES,NO,,12/24/2022,J7
vsafe-1-6-daily-dose2,J7F-20039-22029,s249322811515967568498210556613311000184,02/17/2021,Muscle spasms,Foot cramps,25.1,YES,NO,,12/24/2022,J7
vsafe-1-6-daily-dose2,J7Q-28880-21484,s249624199059486714585354569851324729991,02/20/2021,Musculoskeletal chest pain,Rib pain,25.1,YES,NO,,12/28/2022,J7
vsafe-1-6-daily-dose2,J7Q-28880-21484,s249835560746055977613902835960934720265,02/22/2021,Musculoskeletal chest pain,Rib pain,25.1,YES,NO,,12/29/2022,J7
vsafe-1-6-daily-dose1,J7H-15198-96382,s252463955250593782407865262133926831962,03/19/2021,Pruritus,Itchy,25.1,YES,NO,,01/30/2023,J7
vsafe-1-6-daily-dose1,J7H-15198-96382,s252545872972542409552628214964956098659,03/20/2021,Diarrhoea,Loose stools,25.1,YES,NO,,01/31/2023,J7
vsafe-1-6-daily-dose1,J7H-15198-96382,s252650053712368215019541071719305972142,03/21/2021,Supraclavicular fossa pain,Supraclavicular fossa pain,25.1,YES,NO,,02/01/2023,J7
vsafe-0-day-dose1,J7K-14209-15872,s254331754186965814039025815127124000009,04/06/2021,Dizziness,Dizziness,25.1,YES,NO,,02/16/2023,J7
vsafe-1-6-daily-dose1,J7K-14209-15872,s254746611874339519755322781755872276196,04/10/2021,Injection site swelling,Injection site swelling,25.1,YES,NO,,02/22/2023,J7
vsafe-1-6-daily-dose1,J75-15891-53106,s255073930154444441703106305446474575334,04/13/2021,Adverse reaction,Adverse reaction,25.1,YES,NO,,02/24/2023,J7
vsafe-1-6-daily-dose1,J75-15891-53106,s255276026576198397542941511198425357819,04/15/2021,Adverse reaction,Adverse reaction,25.1,YES,NO,,02/28/2023,J7
vsafe-1-6-daily-dose2,J7U-16553-23265,s256538394954756283400837900749532434662,04/27/2021,Menstruation irregular,Irregular periods,26.0,YES,NO,,03/24/2023,J7
vsafe-1-6-daily-dose2,J7C-30025-89897,s256625903472598699424492652781879593211,04/28/2021,Hyperhidrosis,Sweating,25.1,YES,NO,,03/09/2023,J7
vsafe-1-6-daily-dose2,J7U-16553-23265,s256639379637492299049370310570530198665,04/28/2021,Menstruation irregular,Menses irregular,26.0,YES,NO,,03/27/2023,J7
vsafe-1-6-daily-dose2,J7U-16553-23265,s256639379637492299049370310570530198665,04/28/2021,Muscle spasms,Cramps,26.0,YES,NO,,03/27/2023,J7
vsafe-7-day-dose2,J7U-16553-23265,s256732705373818639835566919609584593089,04/29/2021,Intermenstrual bleeding,Spotting menstrual,26.0,YES,NO,,03/28/2023,J7
vsafe-7-day-dose2,J7U-16553-23265,s256732705373818639835566919609584593089,04/29/2021,Vaccine positive rechallenge,Vaccine positive rechallenge,26.0,YES,NO,,03/28/2023,J7
vsafe-1-6-daily-dose2,J75-16528-11786,s257252351746086471523832602459412004095,05/04/2021,Chest pain,Chest pain,25.1,YES,NO,,03/14/2023,J7
vsafe-1-6-daily-dose2,J75-16528-11786,s257252351746086471523832602459412004095,05/04/2021,Oropharyngeal pain,Throat pain,26.0,YES,NO,,03/14/2023,J7
vsafe-1-6-daily-dose2,J75-15891-53106,s257670498030419421859309898211338644080,05/08/2021,Chest pain,Chest pain,26.0,YES,NO,,03/17/2023,J7
vsafe-1-6-daily-dose2,J75-15891-53106,s257670498030419421859309898211338644080,05/08/2021,Back pain,Pain back,26.0,YES,NO,,03/17/2023,J7
vsafe-1-6-daily-dose2,J75-15891-53106,s257670498030419421859309898211338644080,05/08/2021,Blood pressure increased,Elevated BP,26.0,YES,NO,,03/17/2023,J7
vsafe-1-6-daily-dose2,J75-15891-53106,s257891647860170572899317058126654138817,05/10/2021,Blood pressure increased,Blood pressure increased,26.0,YES,NO,,03/17/2023,J7
vsafe-1-6-daily-dose2,J75-15891-53106,s258005267368403700129173845051391507161,05/11/2021,Chest discomfort,Chest tightness,26.0,YES,NO,,03/20/2023,J7
vsafe-1-6-daily-dose2,J75-15891-53106,s258005267368403700129173845051391507161,05/11/2021,Chest pain,Chest pain,26.0,YES,NO,,03/20/2023,J7
vsafe-1-6-daily-dose2,J75-15891-53106,s258005267368403700129173845051391507161,05/11/2021,Blood pressure increased,Elevated BP,26.0,YES,NO,,03/20/2023,J7
vsafe-1-6-daily-dose2,J7N-23813-14677,s259437346918314521935447534671579710232,05/25/2021,Dizziness,Dizziness,26.0,YES,NO,,03/29/2023,J7
vsafe-1-6-daily-dose1,J7V-14268-14505,s259643791478677917915221362324751968801,05/27/2021,Heart rate increased,Heart rate increased,26.0,YES,NO,,03/30/2023,J7
vsafe-1-6-daily-dose1,J7V-14268-14505,s259748410024015403747484794555579676500,05/28/2021,Cardiac flutter,Heart fluttering,26.0,YES,NO,,03/30/2023,J7
vsafe-1-6-daily-dose1,J7V-14268-14505,s259748410024015403747484794555579676500,05/28/2021,Rash,Hand rash,26.0,YES,NO,,03/30/2023,J7
vsafe-1-6-daily-dose1,J7V-14268-14505,s259954900122416150413437611199802537374,05/30/2021,Pain in extremity,Aching in limb,26.0,YES,NO,,03/31/2023,J7
vsafe-1-6-daily-dose1,J7V-14268-14505,s260059773513028186250466410491814753369,05/31/2021,Pain in extremity,Unilateral leg pain,26.0,YES,NO,,03/31/2023,J7
vsafe-1-6-daily-dose1,J7V-14268-14505,s260171544626079458489588671769406510880,06/01/2021,Abdominal discomfort,Stomach upset,26.0,YES,NO,,03/31/2023,J7
vsafe-7-day-dose1,J7V-14268-14505,s260276558361699091970386550459751599146,06/02/2021,Cardiac flutter,Heart fluttering,26.0,YES,NO,,04/02/2023,J7
vsafe-7-day-dose1,J7V-14268-14505,s260276558361699091970386550459751599146,06/02/2021,Pre-existing disease,Pre-existing disease,26.0,YES,NO,,04/02/2023,J7
vsafe-0-day-dose1,J7H-81160-89983,s245023364958734173514119795131873380648,01/07/2021,Blood pressure increased,BP raised,25.1,YES,NO,,11/07/2022,J7
vsafe-0-day-dose1,J7H-81160-89983,s245023364958734173514119795131873380648,01/07/2021,Heart rate increased,Heart rate increased,25.1,YES,NO,,11/07/2022,J7
vsafe-1-6-daily-dose2,J72-20747-95682,s245560366677893029990085930960338710086,01/12/2021,Rhinorrhoea,Runny nose,25.1,YES,NO,,11/11/2022,J7
vsafe-1-6-daily-dose2,J72-20747-95682,s245560366677893029990085930960338710086,01/12/2021,Nasal congestion,Nasal congestion,25.1,YES,NO,,11/11/2022,J7
vsafe-0-day-dose1,J7P-22735-60987,s246193978491716829777630572896039109892,01/18/2021,No adverse event,No adverse reaction,25.1,YES,NO,,11/18/2022,J7
vsafe-1-6-daily-dose1,J7A-36485-31124,s247849559169136363613664757785471677187,02/03/2021,Dizziness,Light-headed,25.1,YES,NO,,12/05/2022,J7
vsafe-1-6-daily-dose1,J7A-36485-31124,s247849559169136363613664757785471677187,02/03/2021,Heart rate increased,Heart rate high,25.1,YES,NO,,12/05/2022,J7
vsafe-1-6-daily-dose1,J7A-36485-31124,s247966322220317980468904820766753318765,02/04/2021,Pre-existing disease,Pre-existing disease,25.1,YES,NO,,12/06/2022,J7
vsafe-1-6-daily-dose1,J7A-36485-31124,s247966322220317980468904820766753318765,02/04/2021,Gastrooesophageal reflux disease,GERD,25.1,YES,NO,,12/06/2022,J7
vsafe-1-6-daily-dose1,J7A-36485-31124,s247966322220317980468904820766753318765,02/04/2021,Cough,Coughing,25.1,YES,NO,,12/06/2022,J7
vsafe-1-6-daily-dose1,J7A-36485-31124,s248056686342219152567038000830842856298,02/05/2021,Heart rate increased,Heart rate increased,25.1,YES,NO,,12/08/2022,J7
vsafe-1-6-daily-dose1,J7A-36485-31124,s248166930307671478949160698791590525055,02/06/2021,Heart rate increased,Heart rate high,25.1,YES,NO,,12/09/2022,J7
vsafe-1-6-daily-dose1,J7A-36485-31124,s248266904986166568175289056558907544888,02/07/2021,Pre-existing disease,Pre-existing disease,25.1,YES,NO,,12/11/2022,J7
vsafe-1-6-daily-dose1,J7A-36485-31124,s248266904986166568175289056558907544888,02/07/2021,Gastrooesophageal reflux disease,Gastroesophageal reflux,25.1,YES,NO,,12/11/2022,J7
vsafe-1-6-daily-dose1,J7A-36485-31124,s248266904986166568175289056558907544888,02/07/2021,Condition aggravated,Condition aggravated,25.1,YES,NO,,12/11/2022,J7
vsafe-1-6-daily-dose1,J7A-36485-31124,s248266904986166568175289056558907544888,02/07/2021,Heart rate increased,Heart rate increased,25.1,YES,NO,,12/11/2022,J7
vsafe-0-day-dose2,J77-93534-89193,s248492126340737881018704446547003347616,02/09/2021,Injection site pain,Injection site pain,25.1,YES,NO,,12/14/2022,J7
vsafe-1-6-daily-dose1,J7T-61020-33942,s248686450751880246629787630598697434958,02/11/2021,Pollakiuria,Urinary frequency,25.1,YES,NO,,12/19/2022,J7
vsafe-7-day-dose1,J7T-61020-33942,s248800874199515194264645175723361443283,02/12/2021,Pollakiuria,Urination frequency of,25.1,YES,NO,,12/20/2022,J7
vsafe-1-6-daily-dose1,J7L-23505-77160,s249431867229604389129368152696223828126,02/18/2021,Decreased appetite,Decreased appetite,25.1,YES,NO,,12/27/2022,J7
vsafe-1-6-daily-dose1,J7L-23505-77160,s249431867229604389129368152696223828126,02/18/2021,Feeling abnormal,Feeling abnormal,25.1,YES,NO,,12/27/2022,J7
vsafe-1-6-daily-dose1,J7L-23505-77160,s249551435531439733247542634440274134172,02/19/2021,Abdominal distension,Bloating,25.1,YES,NO,,12/27/2022,J7
vsafe-1-6-daily-dose1,J7L-23505-77160,s249551435531439733247542634440274134172,02/19/2021,Nausea,Queasy,25.1,YES,NO,,12/27/2022,J7
vsafe-1-6-daily-dose1,J7L-23505-77160,s249551435531439733247542634440274134172,02/19/2021,Fatigue,Tiredness,25.1,YES,NO,,12/27/2022,J7
vsafe-1-6-daily-dose1,J7L-23505-77160,s249551435531439733247542634440274134172,02/19/2021,Faeces soft,Soft stools,25.1,YES,NO,,12/27/2022,J7
vsafe-1-6-daily-dose1,J7L-23505-77160,s249665295543133616848678309233099939199,02/20/2021,Abdominal distension,Bloated feeling,25.1,YES,NO,,12/28/2022,J7
vsafe-1-6-daily-dose1,J7L-23505-77160,s249665295543133616848678309233099939199,02/20/2021,Abdominal discomfort,Upset stomach,25.1,YES,NO,,12/28/2022,J7
vsafe-1-6-daily-dose1,J7L-23505-77160,s249665295543133616848678309233099939199,02/20/2021,Decreased appetite,Decreased appetite,25.1,YES,NO,,12/28/2022,J7
vsafe-1-6-daily-dose1,J79-89650-35865,s249750192621189630531124177397059611900,02/21/2021,Pyrexia,Fever,25.1,YES,NO,,12/28/2022,J7
vsafe-1-6-daily-dose1,J7L-23505-77160,s249860686818981117538992056273509975867,02/22/2021,Feeling abnormal,Feeling abnormal,25.1,YES,NO,,12/29/2022,J7
vsafe-1-6-daily-dose1,J7L-23505-77160,s249860686818981117538992056273509975867,02/22/2021,Nausea,Nausea,25.1,YES,NO,,12/29/2022,J7
vsafe-1-6-daily-dose1,J7L-23505-77160,s249860686818981117538992056273509975867,02/22/2021,Insomnia,Sleep loss,25.1,YES,NO,,12/29/2022,J7
vsafe-7-day-dose1,J7L-23505-77160,s250061364472966212460185428532549842591,02/24/2021,Anxiety,Anxiety,25.1,YES,NO,,12/30/2022,J7
vsafe-7-day-dose1,J7L-23505-77160,s250061364472966212460185428532549842591,02/24/2021,Insomnia,Difficulty sleeping,25.1,YES,NO,,12/30/2022,J7
vsafe-7-day-dose1,J7L-23505-77160,s250061364472966212460185428532549842591,02/24/2021,Fatigue,Exhaustion,25.1,YES,NO,,12/30/2022,J7
vsafe-1-6-daily-dose1,J73-17593-07497,s250778354895206677858239785361654608957,03/03/2021,Myalgia,Muscle ache,25.1,YES,NO,,01/06/2023,J7
vsafe-1-6-daily-dose1,J73-17593-07497,s250778354895206677858239785361654608957,03/03/2021,Pain,Radiating pain,25.1,YES,NO,,01/06/2023,J7
vsafe-1-6-daily-dose1,J73-17593-07497,s250778354895206677858239785361654608957,03/03/2021,Self-medication,Self-medication,26.0,YES,NO,,01/06/2023,J7
vsafe-1-6-daily-dose2,J7A-36485-31124,s250978766781222895487354929871139242718,03/05/2021,Erythema,Face red,25.1,YES,NO,,01/09/2023,J7
vsafe-1-6-daily-dose2,J7A-36485-31124,s250978766781222895487354929871139242718,03/05/2021,Heart rate increased,Heart rate increased,25.1,YES,NO,,01/09/2023,J7
vsafe-0-day-dose2,J7L-23505-77160,s251445355000791036871362436179507723252,03/09/2021,Nervousness,Shaky feelings,25.1,YES,NO,,01/12/2023,J7
vsafe-0-day-dose2,J7L-23505-77160,s251445355000791036871362436179507723252,03/09/2021,Neck pain,Neck pain,25.1,YES,NO,,01/12/2023,J7
vsafe-0-day-dose2,J7L-23505-77160,s251445355000791036871362436179507723252,03/09/2021,Feeling abnormal,Fuzzy,25.1,YES,NO,,01/12/2023,J7
vsafe-0-day-dose2,J7L-23505-77160,s251445355000791036871362436179507723252,03/09/2021,Tremor,Shaking,25.1,YES,NO,,01/12/2023,J7
vsafe-0-day-dose2,J7L-23505-77160,s251445355000791036871362436179507723252,03/09/2021,Chills,Chills,25.1,YES,NO,,01/12/2023,J7
vsafe-0-day-dose2,J7L-23505-77160,s251445355000791036871362436179507723252,03/09/2021,Asthenia,Weakness,25.1,YES,NO,,01/12/2023,J7
vsafe-1-6-daily-dose2,J7L-23505-77160,s251519216449571310703091085290150444841,03/10/2021,Sinusitis,Sinus infection,25.1,YES,NO,,01/13/2023,J7
vsafe-1-6-daily-dose2,J7L-23505-77160,s251519216449571310703091085290150444841,03/10/2021,Facial pain,Pain in face,25.1,YES,NO,,01/13/2023,J7
vsafe-1-6-daily-dose2,J7L-23505-77160,s251519216449571310703091085290150444841,03/10/2021,Rhinorrhoea,Nasal discharge,25.1,YES,NO,,01/13/2023,J7
vsafe-1-6-daily-dose2,J7L-23505-77160,s251626316896144021644224275848161288833,03/11/2021,Facial pain,Pain in face,25.1,YES,NO,,01/23/2023,J7
vsafe-1-6-daily-dose2,J7L-23505-77160,s251626316896144021644224275848161288833,03/11/2021,Pain in jaw,Jaw pain,25.1,YES,NO,,01/23/2023,J7
vsafe-1-6-daily-dose2,J7L-23505-77160,s251626316896144021644224275848161288833,03/11/2021,Toothache,Tooth pain,25.1,YES,NO,,01/23/2023,J7
vsafe-1-6-daily-dose2,J7L-23505-77160,s251626316896144021644224275848161288833,03/11/2021,Feeling abnormal,Foggy feeling in head,25.1,YES,NO,,01/23/2023,J7
vsafe-1-6-daily-dose2,J7L-23505-77160,s251626316896144021644224275848161288833,03/11/2021,Respiratory tract congestion,Respiratory tract congestion,25.1,YES,NO,,01/23/2023,J7
vsafe-1-6-daily-dose2,J7L-23505-77160,s251626316896144021644224275848161288833,03/11/2021,Upper-airway cough syndrome,Postnasal drip,25.1,YES,NO,,01/23/2023,J7
vsafe-1-6-daily-dose2,J7L-23505-77160,s251738404864101730582071383404858471810,03/12/2021,Facial pain,Facial pain,25.1,YES,NO,,01/23/2023,J7
vsafe-1-6-daily-dose2,J7L-23505-77160,s251738404864101730582071383404858471810,03/12/2021,Toothache,Toothache,25.1,YES,NO,,01/23/2023,J7
vsafe-1-6-daily-dose2,J7L-23505-77160,s251738404864101730582071383404858471810,03/12/2021,Noninfective gingivitis,Inflammation gum,25.1,YES,NO,,01/23/2023,J7
vsafe-1-6-daily-dose2,J7L-23505-77160,s251738404864101730582071383404858471810,03/12/2021,Respiratory tract congestion,Respiratory tract congestion,25.1,YES,NO,,01/23/2023,J7
vsafe-1-6-daily-dose2,J7L-23505-77160,s251738404864101730582071383404858471810,03/12/2021,Cough,Coughing,25.1,YES,NO,,01/23/2023,J7
vsafe-1-6-daily-dose2,J7L-23505-77160,s251843500329821339438747840647520768368,03/13/2021,Respiratory tract congestion,Respiratory tract congestion,25.1,YES,NO,,01/24/2023,J7
vsafe-1-6-daily-dose2,J7L-23505-77160,s251843500329821339438747840647520768368,03/13/2021,Vaccination site reaction,Vaccination site reaction,25.1,YES,NO,,01/24/2023,J7
vsafe-1-6-daily-dose2,J7L-23505-77160,s251843500329821339438747840647520768368,03/13/2021,Malaise,Feeling sick,25.1,YES,NO,,01/24/2023,J7
vsafe-1-6-daily-dose2,J7L-23505-77160,s251843500329821339438747840647520768368,03/13/2021,Decreased appetite,Appetite absent,25.1,YES,NO,,01/24/2023,J7
vsafe-1-6-daily-dose2,J7L-23505-77160,s251843500329821339438747840647520768368,03/13/2021,Nausea,Nausea,25.1,YES,NO,,01/24/2023,J7
vsafe-1-6-daily-dose2,J79-89650-35865,s251920461548451946634310831294070303786,03/14/2021,Paraesthesia oral,Tingling tongue,25.1,YES,NO,,01/25/2023,J7
vsafe-1-6-daily-dose2,J79-89650-35865,s251920461548451946634310831294070303786,03/14/2021,Pyrexia,Fever,25.1,YES,NO,,01/25/2023,J7
vsafe-1-6-daily-dose2,J79-89650-35865,s251920461548451946634310831294070303786,03/14/2021,Chills,Chills,25.1,YES,NO,,01/25/2023,J7
vsafe-1-6-daily-dose2,J7L-23505-77160,s251962610324481201224615978781222039859,03/14/2021,Eructation,Burping,25.1,YES,NO,,01/25/2023,J7
vsafe-1-6-daily-dose2,J7L-23505-77160,s251962610324481201224615978781222039859,03/14/2021,Abdominal discomfort,Stomach upset,25.1,YES,NO,,01/25/2023,J7
vsafe-1-6-daily-dose2,J7L-23505-77160,s251962610324481201224615978781222039859,03/14/2021,Nausea,Nausea,25.1,YES,NO,,01/25/2023,J7
vsafe-1-6-daily-dose2,J7L-23505-77160,s251962610324481201224615978781222039859,03/14/2021,Diet refusal,Diet refusal,25.1,YES,NO,,01/25/2023,J7
vsafe-1-6-daily-dose2,J7L-23505-77160,s252055807064128475967085513272961198546,03/15/2021,Rhinorrhoea,Runny nose,25.1,YES,NO,,01/26/2023,J7
vsafe-1-6-daily-dose2,J7L-23505-77160,s252055807064128475967085513272961198546,03/15/2021,Nausea,Nauseous,25.1,YES,NO,,01/26/2023,J7
vsafe-1-6-daily-dose2,J7L-23505-77160,s252055807064128475967085513272961198546,03/15/2021,Eructation,Burping,25.1,YES,NO,,01/26/2023,J7
vsafe-7-day-dose2,J7L-23505-77160,s252164636060951059015271892425437276505,03/16/2021,Back pain,Backache,25.1,YES,NO,,01/27/2023,J7
vsafe-1-6-daily-dose2,J72-78633-51621,s252438803440473226087246531275711480610,03/19/2021,Tachycardia,Tachycardia,25.1,YES,NO,,01/31/2023,J7
vsafe-1-6-daily-dose2,J7B-27290-35589,s252868295200011240355654242383463899962,03/23/2021,Dysgeusia,Taste metallic,25.1,YES,NO,,02/02/2023,J7
vsafe-1-6-daily-dose2,J7L-32235-21594,s253381526380053321221748183784588238623,03/28/2021,Faeces discoloured,Greenish stool,25.1,YES,NO,,02/08/2023,J7
vsafe-0-day-dose1,J7V-24753-46896,s254215928118038016641141703981065189944,04/05/2021,Hypoaesthesia,Numbness in face,25.1,YES,NO,,02/15/2023,J7
vsafe-1-6-daily-dose1,J7Q-11263-29539,s254222799801215673591406651370910669723,04/05/2021,Pyrexia,Low grade fever,25.1,YES,NO,,02/16/2023,J7
vsafe-1-6-daily-dose1,J7Q-11263-29539,s254222799801215673591406651370910669723,04/05/2021,Pain,Generalized aching,25.1,YES,NO,,02/16/2023,J7
vsafe-1-6-daily-dose1,J7Q-11263-29539,s254222799801215673591406651370910669723,04/05/2021,Chills,Chills,25.1,YES,NO,,02/16/2023,J7
vsafe-1-6-daily-dose1,J7Q-11263-29539,s254222799801215673591406651370910669723,04/05/2021,Headache,Headache,25.1,YES,NO,,02/16/2023,J7
vsafe-1-6-daily-dose1,J7Q-11263-29539,s254222799801215673591406651370910669723,04/05/2021,Decreased appetite,Appetite lost,25.1,YES,NO,,02/16/2023,J7
vsafe-1-6-daily-dose1,J7Q-11263-29539,s254222799801215673591406651370910669723,04/05/2021,Fatigue,Tiredness,25.1,YES,NO,,02/16/2023,J7
vsafe-1-6-daily-dose1,J7Q-11263-29539,s254222799801215673591406651370910669723,04/05/2021,Pain in extremity,Pain in arm,25.1,YES,NO,,02/16/2023,J7
vsafe-1-6-daily-dose1,J7V-24753-46896,s254330534311999492845108379986439063534,04/06/2021,Hypoaesthesia,Numbness facial,25.1,YES,NO,,02/16/2023,J7
vsafe-1-6-daily-dose1,J7Q-11263-29539,s254435324474707833141040509114506698518,04/07/2021,Pain in extremity,Pain in arm,25.1,YES,NO,,02/17/2023,J7
vsafe-1-6-daily-dose2,J7U-24523-66524,s254549961965486197408995154807969465148,04/08/2021,Hypotension,Low blood pressure,25.1,YES,NO,,02/20/2023,J7
vsafe-1-6-daily-dose1,J7S-29119-27455,s255474517375561864983771682185631378899,04/17/2021,Dizziness,Dizziness,25.1,YES,NO,,03/02/2023,J7
vsafe-1-6-daily-dose2,J7S-29119-27455,s257557405876855583492462108950842217546,05/07/2021,Dizziness,Dizziness,26.0,YES,NO,,03/16/2023,J7
vsafe-1-6-daily-dose1,J7V-28541-76096,s263928356523721439865330523663114078007,07/07/2021,Muscle tightness,Muscle tightness,26.0,YES,NO,,04/07/2023,J7
vsafe-1-6-daily-dose1,J7V-28541-76096,s263928356523721439865330523663114078007,07/07/2021,Self-medication,Self-medication,26.0,YES,NO,,04/07/2023,J7
vsafe-1-6-daily-dose1,J7V-28541-76096,s263928356523721439865330523663114078007,07/07/2021,Dyspnoea,Difficulty breathing,26.0,YES,NO,,04/07/2023,J7
vsafe-1-6-daily-dose1,J7V-28541-76096,s264344482823043570587433517407844056905,07/11/2021,Pain in extremity,Leg pain,26.0,YES,YES,04/09/2023,04/09/2023,J7
vsafe-0-day-dose1,J77-14295-56826,s244917182050314044867535401232355723381,01/06/2021,Fear,Fear,25.1,YES,NO,,11/07/2022,J7
vsafe-0-day-dose1,J77-14295-56826,s244917182050314044867535401232355723381,01/06/2021,Panic disorder,Panic disorder,25.1,YES,NO,,11/07/2022,J7
vsafe-1-6-daily-dose1,J7L-22644-66365,s245241368237172134180454089071614677820,01/09/2021,Lymphadenopathy,Swollen glands,25.1,YES,NO,,11/09/2022,J7
vsafe-1-6-daily-dose1,J7L-22644-66365,s245241368237172134180454089071614677820,01/09/2021,Dysphagia,Swallowing difficult,25.1,YES,NO,,11/09/2022,J7
vsafe-1-6-daily-dose1,J7L-22644-66365,s245241368237172134180454089071614677820,01/09/2021,Nasal congestion,Nasal congestion,25.1,YES,NO,,11/09/2022,J7
vsafe-1-6-daily-dose1,J7L-22644-66365,s245337022712604981393053746659450316991,01/10/2021,Ear pain,Pain ear,25.1,YES,NO,,11/10/2022,J7
vsafe-1-6-daily-dose1,J7L-22644-66365,s245337022712604981393053746659450316991,01/10/2021,Ocular discomfort,Sensation of pressure in eye,25.1,YES,NO,,11/10/2022,J7
vsafe-1-6-daily-dose1,J7L-22644-66365,s245452643999000631108455043304824379090,01/11/2021,Ear discomfort,Ear discomfort,25.1,NO,NO,01/20/2023,11/10/2022,J7
vsafe-1-6-daily-dose1,J7L-22644-66365,s245452643999000631108455043304824379090,01/11/2021,Ear disorder,Ear disorder,25.1,YES,YES,01/20/2023,11/10/2022,J7
vsafe-1-6-daily-dose1,J7L-22644-66365,s245546780933753917823668714568128543081,01/12/2021,Ear disorder,Ear disorder,25.1,NO,NO,01/20/2023,11/11/2022,J7
vsafe-1-6-daily-dose1,J7L-22644-66365,s245546780933753917823668714568128543081,01/12/2021,Unevaluable event,Reaction unevaluable,25.1,YES,YES,01/20/2023,11/11/2022,J7
vsafe-1-6-daily-dose2,J7G-25966-86894,s245688518915917488937776682023816668252,01/13/2021,Hypoaesthesia,Numbness in hand,25.1,YES,NO,,11/14/2022,J7
vsafe-7-day-dose1,J74-64844-13547,s245863963134139007437125787212141179548,01/15/2021,Pregnancy,Pregnancy,25.1,YES,NO,,11/16/2022,J7
vsafe-0-day-dose1,J7E-88079-65279,s245980770792335736251665980149627286466,01/16/2021,No adverse event,No adverse reaction,25.1,YES,NO,,11/16/2022,J7
vsafe-1-6-daily-dose1,J7E-88079-65279,s246083542063885714378784048340380876792,01/17/2021,No adverse event,No adverse reaction,25.1,YES,NO,,11/17/2022,J7
vsafe-7-day-dose1,J7Y-23125-51244,s246306301651512952144997731179589948336,01/19/2021,SARS-CoV-2 test positive,COVID-19 virus test positive,25.1,YES,NO,,11/21/2022,J7
vsafe-1-6-daily-dose1,J75-11479-07898,s247019319673829135504053267223917801749,01/26/2021,Injection site pain,Injection site muscle pain,25.1,YES,NO,,11/25/2022,J7
vsafe-7-day-dose2,J7Q-33935-85102,s247130224678404488954392094115625577842,01/27/2021,Illness,Illness,25.1,YES,NO,,11/28/2022,J7
vsafe-7-day-dose2,J7Q-33935-85102,s247130224678404488954392094115625577842,01/27/2021,Pyrexia,Fever chills,25.1,YES,NO,,11/28/2022,J7
vsafe-7-day-dose2,J7Q-33935-85102,s247130224678404488954392094115625577842,01/27/2021,Pain,Generalized aching,25.1,YES,NO,,11/28/2022,J7
vsafe-7-day-dose2,J7Q-33935-85102,s247130224678404488954392094115625577842,01/27/2021,Headache,Headache,25.1,YES,NO,,11/28/2022,J7
vsafe-7-day-dose2,J7Q-33935-85102,s247130224678404488954392094115625577842,01/27/2021,Nausea,Nausea,25.1,YES,NO,,11/28/2022,J7
vsafe-7-day-dose2,J7Q-33935-85102,s247130224678404488954392094115625577842,01/27/2021,Decreased appetite,Appetite lost,25.1,YES,NO,,11/28/2022,J7
vsafe-7-day-dose2,J7Q-33935-85102,s247130224678404488954392094115625577842,01/27/2021,Vertigo,Vertigo,25.1,YES,NO,,11/28/2022,J7
vsafe-7-day-dose1,J7U-45360-00920,s247417999834033152743810418348349066882,01/30/2021,Skin warm,Skin warm,25.1,YES,NO,,12/01/2022,J7
vsafe-7-day-dose1,J7U-45360-00920,s247417999834033152743810418348349066882,01/30/2021,Hot flush,Hot flashes,25.1,YES,NO,,12/01/2022,J7
vsafe-0-day-dose2,J75-11479-07898,s249143301788163165122413324557894688742,02/15/2021,Dizziness,Dizzy spells,25.1,YES,NO,,12/22/2022,J7
vsafe-1-6-daily-dose2,J7E-88079-65279,s249098186267608454635513346569257269100,02/15/2021,Feeling cold,Feeling cold,25.1,YES,NO,,12/22/2022,J7
vsafe-1-6-daily-dose2,J7E-88079-65279,s249098186267608454635513346569257269100,02/15/2021,Pain,Ache,25.1,YES,NO,,12/22/2022,J7
vsafe-1-6-daily-dose2,J7H-12366-76038,s250454268364188957306957950457343536850,02/28/2021,Limb discomfort,Arm discomfort,25.1,YES,NO,,01/05/2023,J7
vsafe-7-day-dose1,J7W-24444-51820,s251085777403905059942751272544596823693,03/06/2021,Rash,Rash,25.1,YES,NO,,01/10/2023,J7
vsafe-0-day-dose1,J7F-25500-20813,s251506469665103089568019109703309738066,03/10/2021,Dysgeusia,Taste metallic,25.1,YES,NO,,01/13/2023,J7
vsafe-0-day-dose1,J7F-25500-20813,s251506469665103089568019109703309738066,03/10/2021,Immediate post-injection reaction,Immediate post-injection reaction,25.1,YES,NO,,01/13/2023,J7
vsafe-0-day-dose2,J73-31988-38312,s252345021748905622574905282857861298967,03/18/2021,Dizziness,Dizzy,25.1,YES,NO,,01/29/2023,J7
vsafe-1-6-daily-dose1,J7Q-23990-05222,s252552083163453060416715255573046290809,03/20/2021,Vaccination site pain,Vaccination site pain,25.1,YES,NO,,01/31/2023,J7
vsafe-0-day-dose1,J79-33709-29461,s252859182968682878922260637178087004547,03/23/2021,Throat irritation,Itchy throat,25.1,YES,NO,,02/02/2023,J7
vsafe-0-day-dose1,J79-33709-29461,s252859182968682878922260637178087004547,03/23/2021,Periorbital swelling,Puffy eyes,25.1,YES,NO,,02/02/2023,J7
vsafe-1-6-daily-dose1,J7Q-23990-05222,s252856700211469385726672125605341439397,03/23/2021,Urinary tract infection,UTI,25.1,YES,NO,,02/02/2023,J7
vsafe-1-6-daily-dose2,J75-18192-21149,s253071561306942867277170187198282792867,03/25/2021,Dizziness,Dizzy,25.1,YES,NO,,02/06/2023,J7
vsafe-1-6-daily-dose2,J7B-25531-08419,s253078853744689462299799699133181907756,03/25/2021,Headache,Headache,25.1,YES,NO,,02/06/2023,J7
vsafe-1-6-daily-dose2,J7B-25531-08419,s253293461934426639539385866030605288843,03/27/2021,Injection site bruising,Injection site bruising,25.1,YES,NO,,02/08/2023,J7
vsafe-1-6-daily-dose2,J7B-25531-08419,s253385527186308689072849863882289353824,03/28/2021,Injection site bruising,Injection site bruising,25.1,YES,NO,,02/08/2023,J7
vsafe-1-6-daily-dose1,J75-41845-22813,s253593812940913216523103775107695955716,03/30/2021,Vertigo,Vertigo,25.1,YES,NO,,02/09/2023,J7
vsafe-1-6-daily-dose1,J75-41845-22813,s253701012058937995810187956858043161924,03/31/2021,Vertigo,Vertigo,25.1,YES,NO,,02/10/2023,J7
vsafe-1-6-daily-dose2,J78-18962-95983,s253695174616846531012807591434809694869,03/31/2021,Paraesthesia,Tingling of extremity,25.1,YES,NO,,02/10/2023,J7
vsafe-1-6-daily-dose2,J78-18962-95983,s253695174616846531012807591434809694869,03/31/2021,Immediate post-injection reaction,Immediate post-injection reaction,25.1,YES,NO,,02/10/2023,J7
vsafe-1-6-daily-dose2,J78-18962-95983,s253695174616846531012807591434809694869,03/31/2021,Feeling hot,Feeling of warmth,25.1,YES,NO,,02/10/2023,J7
vsafe-1-6-daily-dose2,J78-18962-95983,s253695174616846531012807591434809694869,03/31/2021,Hyperhidrosis,Sweating,25.1,YES,NO,,02/10/2023,J7
vsafe-1-6-daily-dose2,J78-18962-95983,s253695174616846531012807591434809694869,03/31/2021,Loss of consciousness,Passed out,25.1,YES,NO,,02/10/2023,J7
vsafe-1-6-daily-dose2,J78-18962-95983,s253695174616846531012807591434809694869,03/31/2021,Tremor,Shaking,25.1,YES,NO,,02/10/2023,J7
vsafe-1-6-daily-dose1,J75-41845-22813,s253806415367261048612972882843283419522,04/01/2021,Vertigo,Vertigo,25.1,YES,NO,,02/13/2023,J7
vsafe-1-6-daily-dose2,J78-18962-95983,s253800900062816674916184755811673342864,04/01/2021,Pain,Pain upon movement,25.1,YES,NO,,02/13/2023,J7
vsafe-1-6-daily-dose2,J78-18962-95983,s253800900062816674916184755811673342864,04/01/2021,Medical counselling,Medical counseling,25.1,YES,NO,,02/13/2023,J7
vsafe-1-6-daily-dose2,J78-18962-95983,s253800900062816674916184755811673342864,04/01/2021,Self-medication,Self-medication,25.1,YES,NO,,02/13/2023,J7
vsafe-1-6-daily-dose2,J78-18962-95983,s254006419234271149691932866537440590323,04/03/2021,Back pain,Low back pain,25.1,YES,NO,,02/15/2023,J7
vsafe-1-6-daily-dose2,J78-18962-95983,s254006419234271149691932866537440590323,04/03/2021,Arthralgia,Pain in hip,25.1,YES,NO,,02/15/2023,J7
vsafe-1-6-daily-dose2,J78-18962-95983,s254006419234271149691932866537440590323,04/03/2021,Headache,Headache,25.1,YES,NO,,02/15/2023,J7
vsafe-1-6-daily-dose2,J78-18962-95983,s254211753007334141049532210677897952447,04/05/2021,Sacral pain,Sacro-iliac pain,25.1,YES,NO,,02/16/2023,J7
vsafe-1-6-daily-dose2,J78-18962-95983,s254211753007334141049532210677897952447,04/05/2021,Arthralgia,Pain in hip,25.1,YES,NO,,02/16/2023,J7
vsafe-0-day-dose2,J7F-25500-20813,s254417311942843595281985369728948532679,04/07/2021,Dysgeusia,Taste metallic,25.1,YES,NO,,02/17/2023,J7
vsafe-0-day-dose2,J7F-25500-20813,s254417311942843595281985369728948532679,04/07/2021,Immediate post-injection reaction,Immediate post-injection reaction,25.1,YES,NO,,02/17/2023,J7
vsafe-1-6-daily-dose2,J7W-82825-62202,s254945148870647053797025635059639141395,04/12/2021,Injection site erythema,Injection site redness,25.1,YES,NO,,02/24/2023,J7
vsafe-0-day-dose1,J7X-26849-19357,s256513926803479751735613308345537696365,04/27/2021,No adverse event,No adverse reaction,26.0,YES,NO,,03/24/2023,J7
vsafe-1-6-daily-dose2,J7V-28171-62797,s256833775713333327933811184568642458964,04/30/2021,Rhinorrhoea,Rhinorrhea,26.0,YES,NO,,03/13/2023,J7
vsafe-1-6-daily-dose1,J72-22339-96195,s243883592444155129772440174779259588211,12/27/2020,Hot flush,Hot flashes,25.1,YES,NO,,10/27/2022,J7
vsafe-1-6-daily-dose1,J72-22339-96195,s243883592444155129772440174779259588211,12/27/2020,Immediate post-injection reaction,Immediate post-injection reaction,25.1,YES,YES,01/16/2023,10/27/2022,J7
vsafe-1-6-daily-dose1,J7J-29803-84518,s246172988779898424859471430354503128038,01/18/2021,Urticaria,Hives,25.1,YES,NO,,11/18/2022,J7
vsafe-1-6-daily-dose1,J7J-29803-84518,s246172988779898424859471430354503128038,01/18/2021,Self-medication,Self-medication,25.1,YES,NO,,11/18/2022,J7
vsafe-1-6-daily-dose1,J7J-29803-84518,s246172988779898424859471430354503128038,01/18/2021,Medical counselling,Medical counseling,25.1,YES,NO,,11/18/2022,J7
vsafe-7-day-dose1,J7J-29803-84518,s246280513675722067192399196350164130688,01/19/2021,Rash,Rash,25.1,YES,NO,,11/21/2022,J7
vsafe-1-6-daily-dose2,J7L-25542-62923,s246810493956426234647047693605704179331,01/24/2021,Tachycardia,Tachycardia,25.1,YES,NO,,11/23/2022,J7
vsafe-1-6-daily-dose1,J7D-66142-97498,s247236472170040515663724806351769747197,01/28/2021,Hangover,Hangover,25.1,YES,NO,,11/29/2022,J7
vsafe-1-6-daily-dose1,J7D-66142-97498,s247654507951733538037059679989483096765,02/01/2021,Poor quality sleep,Sleep unwell,25.1,YES,NO,,12/02/2022,J7
vsafe-1-6-daily-dose1,J7D-66142-97498,s247654507951733538037059679989483096765,02/01/2021,Fatigue,Exhaustion,25.1,YES,NO,,12/02/2022,J7
vsafe-0-day-dose2,J7J-29803-84518,s247739232317161257144152904511427085554,02/02/2021,Feeling hot,Hot feeling generalized,25.1,YES,NO,,12/02/2022,J7
vsafe-1-6-daily-dose2,J7J-29803-84518,s247844802395996341970589730695191132435,02/03/2021,Adverse reaction,Adverse reaction,25.1,YES,NO,,12/06/2022,J7
vsafe-1-6-daily-dose1,J7K-10203-43315,s248066218194163224658065733293919865195,02/05/2021,Headache,Headache,25.1,YES,NO,,12/08/2022,J7
vsafe-1-6-daily-dose2,J7Z-20357-02165,s249638904223782922578499397212250446813,02/20/2021,Dyspnoea,Shortness of breath,25.1,YES,NO,,12/28/2022,J7
vsafe-1-6-daily-dose2,J7Z-20357-02165,s249734451262663580224855004246314738262,02/21/2021,Dyspnoea,Shortness of breath,25.1,YES,NO,,12/29/2022,J7
vsafe-1-6-daily-dose1,J7M-29067-92910,s249836696392952197591588344223628953234,02/22/2021,Fatigue,Tiredness,25.1,YES,NO,,12/29/2022,J7
vsafe-1-6-daily-dose2,J7Z-20357-02165,s249981135444035528884024836858189591430,02/23/2021,Dyspnoea,Shortness of breath,25.1,YES,NO,,12/29/2022,J7
vsafe-1-6-daily-dose2,J7Z-20357-02165,s250050807593450626571665459213861819318,02/24/2021,Dyspnoea,Shortness of breath,25.1,YES,NO,,12/30/2022,J7
vsafe-0-day-dose1,J7J-27582-50617,s250142485880163018755748750502415466493,02/25/2021,Rhinorrhoea,Runny nose,25.1,YES,NO,,12/30/2022,J7
vsafe-1-6-daily-dose2,J7Z-20357-02165,s250157013436590662498689975205703098590,02/25/2021,Dyspnoea,Shortness of breath,25.1,YES,NO,,01/03/2023,J7
vsafe-7-day-dose2,J7Z-20357-02165,s250262048020492918196985446831116441908,02/26/2021,Dyspnoea,Shortness of breath,25.1,YES,NO,,01/04/2023,J7
vsafe-1-6-daily-dose1,J7E-17285-51368,s250568563422628036363094251365944922819,03/01/2021,Oropharyngeal pain,Sore throat,25.1,YES,NO,,01/05/2023,J7
vsafe-1-6-daily-dose1,J7E-17285-51368,s250779001223636408733821854003296403264,03/03/2021,Dysphonia,Hoarse voice,25.1,YES,NO,,01/06/2023,J7
vsafe-1-6-daily-dose1,J7E-17285-51368,s250779001223636408733821854003296403264,03/03/2021,Oropharyngeal pain,Sore throat,25.1,YES,NO,,01/06/2023,J7
vsafe-7-day-dose1,J7E-17285-51368,s250884151248465414976312138285215031678,03/04/2021,Oropharyngeal pain,Sore throat,25.1,YES,NO,,01/09/2023,J7
vsafe-1-6-daily-dose1,J72-20722-56605,s250883758042364753118668625761993905148,03/04/2021,Chest pain,Chest pain,25.1,YES,NO,,01/09/2023,J7
vsafe-1-6-daily-dose2,J7K-10203-43315,s250978902488723469959001296417126509596,03/05/2021,Chills,Chills,25.1,YES,NO,,01/09/2023,J7
vsafe-1-6-daily-dose2,J7G-28742-19601,s251091215272288981415644297871659527936,03/06/2021,Cough,Cough,25.1,YES,NO,,01/10/2023,J7
vsafe-1-6-daily-dose2,J7G-28742-19601,s251091215272288981415644297871659527936,03/06/2021,Dizziness,Dizziness,25.1,YES,NO,,01/10/2023,J7
vsafe-1-6-daily-dose2,J7G-28742-19601,s251091215272288981415644297871659527936,03/06/2021,Dyspnoea,Shortness of breath,25.1,YES,NO,,01/10/2023,J7
vsafe-1-6-daily-dose1,J78-20367-48664,s251623963788825250347792082429887039531,03/11/2021,Hyperhidrosis,Sweating,25.1,YES,NO,,01/14/2023,J7
vsafe-1-6-daily-dose1,J7L-26303-85237,s252754247263544319718314004921105155968,03/22/2021,Abnormal dreams,Vivid dreams,25.1,YES,NO,,02/02/2023,J7
vsafe-1-6-daily-dose1,J7L-26303-85237,s252754247263544319718314004921105155968,03/22/2021,Night sweats,Night sweats,25.1,YES,NO,,02/02/2023,J7
vsafe-1-6-daily-dose2,J7W-23152-34198,s252853232351139690815829045887223117106,03/23/2021,SARS-CoV-2 test positive,COVID-19 virus test positive,25.1,YES,NO,,02/02/2023,J7
vsafe-1-6-daily-dose2,J7W-23152-34198,s252957845816500184281719828255498482265,03/24/2021,SARS-CoV-2 test positive,COVID-19 virus test positive,25.1,YES,NO,,02/03/2023,J7
vsafe-1-6-daily-dose2,J7W-23152-34198,s253060083323503838575291801493142404998,03/25/2021,SARS-CoV-2 test positive,COVID-19 virus test positive,25.1,YES,NO,,02/06/2023,J7
vsafe-1-6-daily-dose2,J7W-23152-34198,s253167147179575110274566224872817165434,03/26/2021,SARS-CoV-2 test positive,COVID-19 virus test positive,25.1,YES,NO,,02/07/2023,J7
vsafe-7-day-dose2,J7W-23152-34198,s253271829808256534738279265527690620184,03/27/2021,SARS-CoV-2 test positive,COVID-19 virus test positive,25.1,YES,NO,,02/08/2023,J7
vsafe-7-day-dose2,J7W-23152-34198,s253271829808256534738279265527690620184,03/27/2021,COVID-19,COVID-19,25.1,YES,NO,,02/08/2023,J7
vsafe-1-6-daily-dose1,J7G-27029-94114,s254752203118466216898837515840558616532,04/10/2021,Heavy menstrual bleeding,Heavy menstrual bleeding,25.1,YES,NO,,02/22/2023,J7
vsafe-1-6-daily-dose2,J7T-90806-04323,s254741224771386529786926123048772447494,04/10/2021,Wheezing,Wheezing,25.1,YES,NO,,02/22/2023,J7
vsafe-1-6-daily-dose1,J7G-27029-94114,s255171297871100382309204223797716714545,04/14/2021,Panic attack,Panic attack,25.1,YES,NO,,02/27/2023,J7
vsafe-1-6-daily-dose1,J7G-27029-94114,s255171297871100382309204223797716714545,04/14/2021,Sleep disorder,Sleep disturbed,25.1,YES,NO,,02/27/2023,J7
vsafe-1-6-daily-dose2,J7Y-11409-90265,s255155884579093824423072111790649913284,04/14/2021,Rash,Localized rash,25.1,YES,NO,,02/27/2023,J7
vsafe-0-day-dose2,J7U-72225-44665,s256097960790562322423977335454813585027,04/23/2021,Feeling abnormal,Foggy feeling in head,25.1,YES,NO,,03/07/2023,J7
vsafe-0-day-dose2,J7U-72225-44665,s256097960790562322423977335454813585027,04/23/2021,Dizziness,Woozy,25.1,YES,NO,,03/07/2023,J7
vsafe-1-6-daily-dose2,J7U-72225-44665,s256212705245763610120919899127383984003,04/24/2021,Feeling cold,Feeling cold,26.0,YES,NO,,03/27/2023,J7
vsafe-1-6-daily-dose2,J7D-25546-34037,s257353758829195482369377019024496037577,05/05/2021,Hyperhidrosis,Sweating,25.1,YES,NO,,03/15/2023,J7
vsafe-1-6-daily-dose2,J7G-27029-94114,s257357868949682269088597280252297375021,05/05/2021,Dysmenorrhoea,Menstrual cramps,26.0,YES,NO,,03/15/2023,J7
vsafe-1-6-daily-dose2,J7G-27029-94114,s257357868949682269088597280252297375021,05/05/2021,Pain,Pain,26.0,YES,NO,,03/15/2023,J7
vsafe-1-6-daily-dose2,J7X-28152-68659,s257358790177733804959986630407655976699,05/05/2021,Asthma,Asthma,25.1,YES,NO,,03/15/2023,J7
vsafe-1-6-daily-dose2,J7X-28152-68659,s257358790177733804959986630407655976699,05/05/2021,Dyspnoea,Shortness of breath,25.1,YES,NO,,03/15/2023,J7
vsafe-1-6-daily-dose2,J7G-27029-94114,s257467015988060507191692118712644204992,05/06/2021,Dysmenorrhoea,Menstrual cramps,26.0,YES,NO,,03/15/2023,J7
vsafe-1-6-daily-dose2,J7G-27029-94114,s257467015988060507191692118712644204992,05/06/2021,Dysmenorrhoea,Pain menstrual,26.0,YES,NO,,03/15/2023,J7
vsafe-1-6-daily-dose2,J7X-28152-68659,s257464891106643037497995472601948525079,05/06/2021,Asthma,Asthma,25.1,YES,NO,,03/15/2023,J7
vsafe-7-day-dose2,J7X-20377-53648,s257565032230391476972984500388601965473,05/07/2021,Unevaluable event,Reaction unevaluable,26.0,YES,NO,,03/28/2023,J7
vsafe-1-6-daily-dose1,J7M-14232-63901,s258391706725936912005494115957574611030,05/15/2021,Vision blurred,Blurry vision,26.0,YES,NO,,03/21/2023,J7
vsafe-1-6-daily-dose1,J7M-14232-63901,s258391706725936912005494115957574611030,05/15/2021,Ear pain,Ear ache,26.0,YES,NO,,03/21/2023,J7
vsafe-1-6-daily-dose1,J7M-14232-63901,s258508918441552597464894730508211764897,05/16/2021,Vision blurred,Blurry vision,26.0,YES,NO,,03/22/2023,J7
vsafe-1-6-daily-dose1,J7M-14232-63901,s258508918441552597464894730508211764897,05/16/2021,Pain,Generalized aching,26.0,YES,NO,,03/22/2023,J7
vsafe-1-6-daily-dose1,J7M-14232-63901,s258508918441552597464894730508211764897,05/16/2021,Abdominal discomfort,Bowel discomfort,26.0,YES,NO,,03/22/2023,J7
vsafe-1-6-daily-dose1,J7M-14232-63901,s258602617914603171071723646438595033200,05/17/2021,Vision blurred,Blurred vision,26.0,YES,NO,,03/22/2023,J7
vsafe-1-6-daily-dose1,J7M-14232-63901,s258602617914603171071723646438595033200,05/17/2021,Oropharyngeal pain,Sore throat,26.0,YES,NO,,03/22/2023,J7
vsafe-1-6-daily-dose1,J7M-14232-63901,s258602617914603171071723646438595033200,05/17/2021,Pruritus,Itching all over,26.0,YES,NO,,03/22/2023,J7
vsafe-1-6-daily-dose1,J7M-14232-63901,s258723959779598775329297391271283431413,05/18/2021,Pruritus,Itching,26.0,YES,NO,,03/24/2023,J7
vsafe-1-6-daily-dose1,J7M-14232-63901,s258723959779598775329297391271283431413,05/18/2021,Vision blurred,Blurry vision,26.0,YES,NO,,03/24/2023,J7
vsafe-1-6-daily-dose2,J7N-20056-71910,s261527141686834333657165846233855174024,06/14/2021,Tremor,Shaking,26.0,YES,NO,,04/04/2023,J7
vsafe-1-6-daily-dose2,J72-12285-92649,s262257799116047925030026807448735210744,06/21/2021,Pyrexia,Fever,26.0,YES,NO,,04/05/2023,J7
vsafe-1-6-daily-dose2,J72-12285-92649,s262257799116047925030026807448735210744,06/21/2021,Swelling,Swelling,26.0,YES,NO,,04/05/2023,J7
vsafe-1-6-daily-dose1,J7F-45281-82677,s243256522067530872473208164295316792875,12/21/2020,Injection site bruising,Injection site bruising,25.1,YES,NO,,10/21/2022,J7
