SURVEY_STATIC_ID,REGISTRANT_CODE,RESPONSE_ID,STARTED_ON,PT_NAME,LLT_NAME,MEDDRA_VERSION,ACTIVE,NEWCODE,DATEUPDATED,DATECODED,REG_CODE_PREFIX
vsafe-0-day-dose1,JHX-89012-04580,s244937467269642516436093754359618874775,01/06/2021,Injection site vesicles,Injection site blisters,25.1,NO,NO,01/18/2023,11/07/2022,JH
vsafe-0-day-dose1,JHX-89012-04580,s244937467269642516436093754359618874775,01/06/2021,Injection site swelling,Injection site swelling,25.1,YES,YES,01/18/2023,11/07/2022,JH
vsafe-1-6-daily-dose2,JHU-22689-98778,s245336307853073895586920566036582031645,01/10/2021,Pyrexia,Fever,25.1,YES,NO,,11/10/2022,JH
vsafe-1-6-daily-dose2,JHU-22689-98778,s245336307853073895586920566036582031645,01/10/2021,Chills,Chills,25.1,YES,NO,,11/10/2022,JH
vsafe-1-6-daily-dose2,JHU-22689-98778,s245336307853073895586920566036582031645,01/10/2021,Nausea,Nausea,25.1,YES,NO,,11/10/2022,JH
vsafe-1-6-daily-dose2,JHU-22689-98778,s245336307853073895586920566036582031645,01/10/2021,Pain,Generalized aching,25.1,YES,NO,,11/10/2022,JH
vsafe-1-6-daily-dose2,JHU-22689-98778,s245336307853073895586920566036582031645,01/10/2021,Malaise,Feeling sick,25.1,YES,YES,01/20/2023,11/10/2022,JH
vsafe-0-day-dose1,JHX-16140-56043,s246707415227590036429121440744295005551,01/23/2021,Paraesthesia,Tingling of extremity,25.1,YES,NO,,11/22/2022,JH
vsafe-0-day-dose1,JHA-22077-00060,s247013114781660957208483674758759251521,01/26/2021,No adverse event,No adverse reaction,25.1,YES,NO,,11/25/2022,JH
vsafe-1-6-daily-dose1,JHC-16268-27738,s247139627414621359630311480508918930775,01/27/2021,Dry eye,Dry eyes,25.1,YES,NO,,11/28/2022,JH
vsafe-1-6-daily-dose2,JHX-89012-04580,s248260237281905318549221609323444731477,02/07/2021,Back pain,Back pain,25.1,YES,NO,,12/12/2022,JH
vsafe-1-6-daily-dose2,JHX-89012-04580,s248373080995630879464844248111787952919,02/08/2021,Back pain,Back pain,25.1,YES,NO,,12/13/2022,JH
vsafe-7-day-dose2,JHX-89012-04580,s248479466937366200055561016502062340748,02/09/2021,Back pain,Back pain,25.1,YES,NO,,12/15/2022,JH
vsafe-0-day-dose2,JHX-16140-56043,s248906557209805567534534518209782648008,02/13/2021,Erythema,Redness,25.1,YES,NO,,12/20/2022,JH
vsafe-0-day-dose2,JHX-16140-56043,s248906557209805567534534518209782648008,02/13/2021,Emergency care,Emergency care,26.0,YES,NO,,12/20/2022,JH
vsafe-0-day-dose2,JHX-16140-56043,s248906557209805567534534518209782648008,02/13/2021,Paraesthesia,Tingling of extremity,26.0,YES,NO,,12/20/2022,JH
vsafe-1-6-daily-dose2,JHX-16140-56043,s249031510474957723691370662641971913862,02/14/2021,Menstrual disorder,Menstrual cycle abnormal,25.1,YES,NO,,12/22/2022,JH
vsafe-1-6-daily-dose2,JHX-16140-56043,s249202799360926712827804396705553221196,02/16/2021,Polymenorrhoea,Menstrual cycle shortened,25.1,YES,NO,,12/23/2022,JH
vsafe-1-6-daily-dose2,JH2-17240-10998,s249938983636567769973675619638621946114,02/23/2021,Rash,Rash,25.1,YES,NO,,12/29/2022,JH
vsafe-7-day-dose2,JHC-16268-27738,s250677169070098474022939532531704965446,03/02/2021,Oropharyngeal pain,Sore throat,25.1,YES,NO,,01/06/2023,JH
vsafe-7-day-dose1,JHX-20585-50404,s251293549068465314057050249881914589177,03/08/2021,Respiratory tract congestion,Respiratory tract congestion,25.1,YES,NO,,01/12/2023,JH
vsafe-1-6-daily-dose1,JHS-31024-28728,s253276463932063887369504016114561718386,03/27/2021,Pain in extremity,Pain in upper extremities,25.1,YES,NO,,02/07/2023,JH
vsafe-1-6-daily-dose1,JHB-16153-90929,s253805828022207169896548349865125147438,04/01/2021,Myalgia,Pain muscle,25.1,YES,NO,,02/13/2023,JH
vsafe-1-6-daily-dose2,JH6-23517-48620,s254751730098988444328071839928290032401,04/10/2021,Pyrexia,Fever,25.1,YES,NO,,02/22/2023,JH
vsafe-1-6-daily-dose2,JH6-23517-48620,s254751730098988444328071839928290032401,04/10/2021,Pain,Generalized aching,25.1,YES,NO,,02/22/2023,JH
vsafe-1-6-daily-dose2,JH6-23517-48620,s254751730098988444328071839928290032401,04/10/2021,Chills,Chills,25.1,YES,NO,,02/22/2023,JH
vsafe-1-6-daily-dose2,JHC-15084-97741,s255473363536548145588600881469433983782,04/17/2021,Throat tightness,Throat constriction,25.1,YES,NO,,03/02/2023,JH
vsafe-1-6-daily-dose2,JHP-13241-19513,s256622752096716926672393632653280715240,04/28/2021,Hepatitis,Liver inflammation,26.0,YES,NO,,03/09/2023,JH
vsafe-1-6-daily-dose2,JHP-13241-19513,s256622752096716926672393632653280715240,04/28/2021,Non-alcoholic steatohepatitis,NASH,26.0,YES,NO,,03/09/2023,JH
vsafe-0-day-dose1,JHK-12923-10489,s256841296183848320905268861567482119073,04/30/2021,Myalgia,Muscle ache,25.1,YES,NO,,03/10/2023,JH
vsafe-0-day-dose1,JHK-12923-10489,s256841296183848320905268861567482119073,04/30/2021,Arthralgia,Shoulder pain,25.1,YES,NO,,03/10/2023,JH
vsafe-0-day-dose1,JHK-12923-10489,s256841296183848320905268861567482119073,04/30/2021,Abdominal pain,Abdominal pain,26.0,YES,NO,,03/10/2023,JH
vsafe-0-day-dose1,JHK-12923-10489,s256841296183848320905268861567482119073,04/30/2021,Back pain,Low back ache,26.0,YES,NO,,03/10/2023,JH
vsafe-0-day-dose1,JHK-12923-10489,s256841296183848320905268861567482119073,04/30/2021,Musculoskeletal stiffness,Stiff neck,26.0,YES,NO,,03/10/2023,JH
vsafe-0-day-dose1,JHK-12923-10489,s256841296183848320905268861567482119073,04/30/2021,Musculoskeletal stiffness,Stiffness shoulder,26.0,YES,NO,,03/10/2023,JH
vsafe-7-day-dose1,JHE-20546-76414,s256840737991025532375649955915231815331,04/30/2021,Ear infection,Ear infection,26.0,YES,NO,,03/13/2023,JH
vsafe-7-day-dose2,JHP-13241-19513,s256946190117469736441527646452290567551,05/01/2021,Hepatic pain,Liver pain,26.0,YES,NO,,03/14/2023,JH
vsafe-1-6-daily-dose1,JHK-12923-10489,s257032973077202829014831672737808428977,05/02/2021,Back pain,Low back pain,26.0,YES,NO,,03/14/2023,JH
vsafe-1-6-daily-dose1,JHK-12923-10489,s257032973077202829014831672737808428977,05/02/2021,Abdominal pain lower,Lower abdominal pain,26.0,YES,NO,,03/14/2023,JH
vsafe-1-6-daily-dose1,JHK-12923-10489,s257352671806129558345862312102457940572,05/05/2021,Back pain,Back ache,25.1,YES,NO,,03/15/2023,JH
vsafe-1-6-daily-dose1,JHK-12923-10489,s257464017941393522987338561029837328673,05/06/2021,Musculoskeletal stiffness,Stiff neck,25.1,YES,NO,,03/15/2023,JH
vsafe-7-day-dose1,JHK-12923-10489,s257559534891901485331658153354649581744,05/07/2021,Musculoskeletal stiffness,Stiff neck,26.0,YES,NO,,03/16/2023,JH
vsafe-7-day-dose1,JHK-12923-10489,s257559534891901485331658153354649581744,05/07/2021,Musculoskeletal stiffness,Stiffness shoulder,26.0,YES,NO,,03/16/2023,JH
vsafe-1-6-daily-dose1,JHZ-75385-33861,s258292024836305518165606368929737499224,05/14/2021,Headache,Headache,26.0,YES,NO,,03/21/2023,JH
vsafe-0-day-dose2,JHK-12923-10489,s259762772204161249090669716971264329485,05/28/2021,Erythema,Face red,26.0,YES,NO,,03/30/2023,JH
vsafe-0-day-dose2,JHK-12923-10489,s259762772204161249090669716971264329485,05/28/2021,Feeling hot,Feeling of warmth facial,26.0,YES,NO,,03/30/2023,JH
vsafe-0-day-dose2,JHK-12923-10489,s259762772204161249090669716971264329485,05/28/2021,Flushing,Flushed face,26.0,YES,NO,,03/30/2023,JH
vsafe-0-day-dose2,JHK-12923-10489,s259762772204161249090669716971264329485,05/28/2021,Neck pain,Neck pain,26.0,YES,NO,,03/30/2023,JH
vsafe-0-day-dose2,JHK-12923-10489,s259762772204161249090669716971264329485,05/28/2021,Arthralgia,Shoulder pain,26.0,YES,NO,,03/30/2023,JH
vsafe-1-6-daily-dose2,JHK-12923-10489,s259850425965181894795820589949475495469,05/29/2021,Cough,Coughing,26.0,YES,NO,,03/31/2023,JH
vsafe-1-6-daily-dose2,JHK-12923-10489,s259850425965181894795820589949475495469,05/29/2021,Pyrexia,Slight fever,26.0,YES,NO,,03/31/2023,JH
vsafe-1-6-daily-dose2,JHK-12923-10489,s260183208923403901787170813413247596153,06/01/2021,Musculoskeletal stiffness,Stiff neck,26.0,YES,NO,,03/31/2023,JH
vsafe-1-6-daily-dose2,JHK-12923-10489,s260183208923403901787170813413247596153,06/01/2021,Odynophagia,Swallowing painful,26.0,YES,NO,,03/31/2023,JH
vsafe-1-6-daily-dose2,JHK-12923-10489,s260183208923403901787170813413247596153,06/01/2021,Cough,Cough,26.0,YES,NO,,03/31/2023,JH
vsafe-1-6-daily-dose2,JHK-12923-10489,s260183208923403901787170813413247596153,06/01/2021,Oropharyngeal pain,Sore throat,26.0,YES,NO,,03/31/2023,JH
vsafe-1-6-daily-dose2,JHZ-75385-33861,s261315475328583877058247325222552912835,06/12/2021,Muscle spasms,Leg cramps,26.0,YES,NO,,04/04/2023,JH
vsafe-1-6-daily-dose1,JHJ-14243-79134,s261942156191737968749396484738454787077,06/18/2021,Ocular hyperaemia,Eye red,26.0,YES,NO,,04/05/2023,JH
vsafe-1-6-daily-dose1,JHJ-14243-79134,s262050261030463069644565419084089029545,06/19/2021,Ocular hyperaemia,Eyes red,26.0,YES,NO,,04/05/2023,JH
vsafe-1-6-daily-dose1,JHJ-14243-79134,s262258555254616495035964994421604936735,06/21/2021,Nasal congestion,Nasal stuffiness,26.0,YES,NO,,04/05/2023,JH
vsafe-1-6-daily-dose2,JHJ-14243-79134,s264266747516549220303086304545653530546,07/10/2021,Headache,Pain head,26.0,YES,YES,04/09/2023,04/09/2023,JH
vsafe-1-6-daily-dose2,JHJ-14243-79134,s264266747516549220303086304545653530546,07/10/2021,Eye pain,Eye painful red,26.0,YES,YES,04/09/2023,04/09/2023,JH
vsafe-1-6-daily-dose2,JHJ-14243-79134,s264379320185580766875229798343838949319,07/11/2021,Eye discharge,Eye discharge,26.0,YES,YES,04/09/2023,04/09/2023,JH
vsafe-1-6-daily-dose2,JHJ-14243-79134,s264379320185580766875229798343838949319,07/11/2021,Ocular hyperaemia,Eye red,26.0,YES,YES,04/09/2023,04/09/2023,JH
vsafe-1-6-daily-dose2,JHJ-14243-79134,s264473813169313953896934956476117157039,07/12/2021,Ocular hyperaemia,Eye red,26.0,YES,YES,04/09/2023,04/09/2023,JH
vsafe-1-6-daily-dose2,JHJ-14243-79134,s264473813169313953896934956476117157039,07/12/2021,Eye inflammation,Eye inflammation,26.0,YES,YES,04/09/2023,04/09/2023,JH
vsafe-1-6-daily-dose3,JHS-32521-54957,s277086683864776847796939153578461365944,11/10/2021,Cough,Cough,26.1,YES,NO,,12/22/2023,JH
vsafe-1-6-daily-dose3,JHS-32521-54957,s277086683864776847796939153578461365944,11/10/2021,Paranasal sinus hypersecretion,Nasal sinus discharge,26.1,YES,NO,,12/22/2023,JH
vsafe-1-6-daily-dose3,JH2-28380-80052,s278759999259316223850188935723366415076,11/26/2021,Lymphadenopathy,Axillary lymph nodes enlarged,26.1,YES,NO,,02/02/2024,JH
vsafe-1-6-daily-dose3,JH2-28380-80052,s278863592270516558056612251405958925094,11/27/2021,Nasopharyngitis,Cold symptoms,26.1,YES,NO,,02/05/2024,JH
vsafe-1-6-daily-dose3,JH2-28380-80052,s278863592270516558056612251405958925094,11/27/2021,Nasal congestion,Nasal stuffiness,26.1,YES,NO,,02/05/2024,JH
vsafe-1-6-daily-dose3,JH2-28380-80052,s278863592270516558056612251405958925094,11/27/2021,Rhinorrhoea,Runny nose,26.1,YES,NO,,02/05/2024,JH
vsafe-1-6-daily-dose3,JH2-28380-80052,s278863592270516558056612251405958925094,11/27/2021,Cough,Coughing,26.1,YES,NO,,02/05/2024,JH
vsafe-1-6-daily-dose3,JH2-28380-80052,s278966773576177927141745136582408177074,11/28/2021,Rhinorrhoea,Runny nose,26.1,YES,NO,,02/05/2024,JH
vsafe-1-6-daily-dose3,JH2-28380-80052,s278966773576177927141745136582408177074,11/28/2021,Nasal congestion,Nasal stuffiness,26.1,YES,NO,,02/05/2024,JH
vsafe-1-6-daily-dose3,JH2-28380-80052,s278966773576177927141745136582408177074,11/28/2021,Sneezing,Sneezing,26.1,YES,NO,,02/05/2024,JH
vsafe-1-6-daily-dose3,JH2-28380-80052,s278966773576177927141745136582408177074,11/28/2021,Cough,Coughing,26.1,YES,NO,,02/05/2024,JH
vsafe-1-6-daily-dose2,JHX-17805-55674,s280637987167834062166604158742731347165,12/14/2021,Chest pain,Chest pain exertional,26.1,YES,NO,,01/26/2024,JH
vsafe-1-6-daily-dose2,JHX-17805-55674,s280637987167834062166604158742731347165,12/14/2021,Dyspnoea exertional,Exercise dyspnea,26.1,YES,NO,,01/26/2024,JH
vsafe-7-day-dose4,JH5-18612-42015,s294630162793889896089190033990672327155,04/27/2022,Dyspnoea,Difficulty breathing,27.0,YES,NO,,05/01/2024,JH
vsafe-1-6-daily-dose4,JH2-28380-80052,s322105030170069830789687876023682243227,01/15/2023,Vertigo,Vertigo,27.0,YES,NO,,08/07/2024,JH
vsafe-1-6-daily-dose1,JH3-81925-04585,s245154505860517089210681097874542622073,01/08/2021,Lymphadenopathy,Swollen lymph nodes,25.1,YES,NO,,11/08/2022,JH
vsafe-1-6-daily-dose1,JH5-16934-45261,s246282463173003869825077929387418642280,01/19/2021,Self-medication,Self-medication,25.1,YES,NO,,11/18/2022,JH
vsafe-1-6-daily-dose1,JH5-16934-45261,s246282463173003869825077929387418642280,01/19/2021,Headache,Headache,25.1,YES,NO,,11/18/2022,JH
vsafe-1-6-daily-dose1,JHD-10586-84550,s246604377635279617969579893529206506981,01/22/2021,Pain in extremity,Pain in arm,25.1,YES,NO,,11/22/2022,JH
vsafe-1-6-daily-dose1,JHB-16989-76273,s246903013829351820108299493575737665855,01/25/2021,Dyspnoea,Shortness of breath,25.1,YES,NO,,11/23/2022,JH
vsafe-0-day-dose2,JHG-28663-68480,s248193400279045673937888111885422348187,02/06/2021,Pain in extremity,Pain in arm,25.1,YES,NO,,12/09/2022,JH
vsafe-0-day-dose2,JHG-28663-68480,s248193400279045673937888111885422348187,02/06/2021,Joint range of motion decreased,Joint range of motion decreased,25.1,YES,NO,,12/09/2022,JH
vsafe-7-day-dose2,JHU-18405-98941,s248784179495485876430766749130940881588,02/12/2021,Pyrexia,Fever,25.1,YES,NO,,12/20/2022,JH
vsafe-7-day-dose2,JHU-18405-98941,s248784179495485876430766749130940881588,02/12/2021,Chills,Chills,25.1,YES,NO,,12/20/2022,JH
vsafe-7-day-dose2,JHU-18405-98941,s248784179495485876430766749130940881588,02/12/2021,Fatigue,Fatigue,25.1,YES,NO,,12/20/2022,JH
vsafe-1-6-daily-dose2,JHU-46112-40323,s250455631930981352094999592752290376245,02/28/2021,Oropharyngeal pain,Sore throat,25.1,YES,NO,,01/05/2023,JH
vsafe-1-6-daily-dose1,JHM-23106-78745,s250668341221277688797419101357500700835,03/02/2021,No adverse event,No adverse reaction,25.1,YES,NO,,01/05/2023,JH
vsafe-1-6-daily-dose1,JH6-73426-71162,s251399124208203176029841346249536224609,03/09/2021,Hypogeusia,Taste diminished,25.1,YES,NO,,01/12/2023,JH
vsafe-1-6-daily-dose1,JH6-73426-71162,s251399124208203176029841346249536224609,03/09/2021,Parosmia,Smell change,25.1,YES,NO,,01/12/2023,JH
vsafe-1-6-daily-dose2,JHL-10850-45219,s252649308744362367531965694168082815243,03/21/2021,Pre-existing disease,Pre-existing disease,25.1,YES,NO,,02/01/2023,JH
vsafe-1-6-daily-dose2,JHL-10850-45219,s252649308744362367531965694168082815243,03/21/2021,Multiple sclerosis,Multiple sclerosis aggravated,25.1,YES,NO,,02/01/2023,JH
vsafe-1-6-daily-dose2,JHL-10850-45219,s252649308744362367531965694168082815243,03/21/2021,Gait disturbance,Gait instability,25.1,YES,NO,,02/01/2023,JH
vsafe-1-6-daily-dose2,JHL-10850-45219,s252649308744362367531965694168082815243,03/21/2021,Muscle spasticity,Spasticity,25.1,YES,NO,,02/01/2023,JH
vsafe-1-6-daily-dose2,JHL-10850-45219,s252649308744362367531965694168082815243,03/21/2021,Hypoaesthesia,Numbness,25.1,YES,NO,,02/01/2023,JH
vsafe-0-day-dose1,JHV-89989-54074,s252772272580224631541953590942912629609,03/22/2021,Dizziness,Dizziness,25.1,YES,NO,,02/01/2023,JH
vsafe-0-day-dose1,JHV-89989-54074,s252772272580224631541953590942912629609,03/22/2021,Hypoaesthesia,Numbness,25.1,YES,NO,,02/01/2023,JH
vsafe-1-6-daily-dose2,JHG-70542-36452,s252766947335741046030199934812219413388,03/22/2021,Dizziness,Dizziness,25.1,YES,NO,,02/02/2023,JH
vsafe-1-6-daily-dose2,JHG-70542-36452,s252766947335741046030199934812219413388,03/22/2021,Pyrexia,Fever,25.1,YES,NO,,02/02/2023,JH
vsafe-1-6-daily-dose2,JHG-70542-36452,s252866315926556688344332775539933375997,03/23/2021,Myalgia,Muscle soreness,25.1,YES,NO,,02/02/2023,JH
vsafe-1-6-daily-dose1,JHV-89989-54074,s252870228198675793446567463499374151187,03/23/2021,Hypoaesthesia,Numbness in leg,25.1,YES,NO,,02/02/2023,JH
vsafe-1-6-daily-dose1,JHV-89989-54074,s252870228198675793446567463499374151187,03/23/2021,Hypoaesthesia,Numbness localized,25.1,YES,NO,,02/02/2023,JH
vsafe-1-6-daily-dose1,JHV-89989-54074,s252974434656648115976283099712522453101,03/24/2021,Hypoaesthesia,Numbness,25.1,YES,NO,,02/03/2023,JH
vsafe-1-6-daily-dose1,JHF-63780-20696,s253085383858883239731749304987546221011,03/25/2021,Dizziness,Dizziness,25.1,YES,NO,,02/06/2023,JH
vsafe-1-6-daily-dose1,JHV-89989-54074,s253081687527968340702243157035931273321,03/25/2021,Hypoaesthesia,Numbness,25.1,YES,NO,,02/06/2023,JH
vsafe-1-6-daily-dose2,JHL-10850-45219,s253072499114565023572058330193902344459,03/25/2021,Herpes zoster,Shingles,25.1,YES,NO,,02/06/2023,JH
vsafe-1-6-daily-dose1,JHF-63780-20696,s253183131743664975391769378918299749057,03/26/2021,Dizziness,Dizziness,25.1,YES,NO,,02/07/2023,JH
vsafe-1-6-daily-dose1,JHV-89989-54074,s253185301096282017086540584170566633654,03/26/2021,Intervertebral disc protrusion,Herniated disc,25.1,YES,NO,,02/07/2023,JH
vsafe-7-day-dose2,JHL-10850-45219,s253178320808686474675635215740648955905,03/26/2021,Herpes zoster,Shingles,25.1,YES,NO,,02/07/2023,JH
vsafe-1-6-daily-dose1,JHF-63780-20696,s253285935402549944963458410363803598598,03/27/2021,Dizziness,Light-headed,25.1,YES,NO,,02/07/2023,JH
vsafe-1-6-daily-dose1,JHF-63780-20696,s253285935402549944963458410363803598598,03/27/2021,Tinnitus,Tinnitus,25.1,YES,NO,,02/07/2023,JH
vsafe-1-6-daily-dose1,JHF-63780-20696,s253388620325162689715242397998001071273,03/28/2021,Dizziness,Light-headed,25.1,YES,NO,,02/08/2023,JH
vsafe-1-6-daily-dose1,JHF-63780-20696,s253388620325162689715242397998001071273,03/28/2021,Tinnitus,Tinnitus,25.1,YES,NO,,02/08/2023,JH
vsafe-1-6-daily-dose1,JHF-63780-20696,s253491468762519028351716519576458634960,03/29/2021,Dizziness,Light-headed,25.1,YES,NO,,02/09/2023,JH
vsafe-1-6-daily-dose1,JHF-63780-20696,s253491468762519028351716519576458634960,03/29/2021,Tinnitus,Tinnitus,25.1,YES,NO,,02/09/2023,JH
vsafe-1-6-daily-dose1,JHF-63780-20696,s253595848743840729777201856875974015332,03/30/2021,Dizziness,Light headedness,25.1,YES,NO,,02/09/2023,JH
vsafe-1-6-daily-dose1,JHF-63780-20696,s253595848743840729777201856875974015332,03/30/2021,Tinnitus,Tinnitus,25.1,YES,NO,,02/09/2023,JH
vsafe-7-day-dose1,JHF-63780-20696,s253703710118183672399990075797457752365,03/31/2021,Dizziness,Light-headed,25.1,YES,NO,,02/12/2023,JH
vsafe-7-day-dose1,JHF-63780-20696,s253703710118183672399990075797457752365,03/31/2021,Tinnitus,Tinnitus,25.1,YES,NO,,02/12/2023,JH
vsafe-1-6-daily-dose2,JH6-73426-71162,s253793176424988718914277891455115245735,04/01/2021,Feeling abnormal,Foggy feeling in head,25.1,YES,NO,,02/13/2023,JH
vsafe-7-day-dose2,JH6-73426-71162,s254013506058770955559580871583519605722,04/03/2021,Feeling abnormal,Foggy feeling in head,25.1,YES,NO,,02/15/2023,JH
vsafe-1-6-daily-dose1,JHS-46996-19311,s256625255847079275751046311231200313302,04/28/2021,Chest pain,Chest burning,26.0,YES,NO,,03/24/2023,JH
vsafe-0-day-dose1,JHF-33305-35841,s257074406496651324337659400571415327676,05/02/2021,Oropharyngeal pain,Sore throat,25.1,YES,NO,,03/14/2023,JH
vsafe-1-6-daily-dose1,JHX-58229-53647,s258088983728248278079435038526412572540,05/12/2021,Nasopharyngitis,Cold,26.0,YES,NO,,03/20/2023,JH
vsafe-1-6-daily-dose1,JHX-58229-53647,s258193641496038901828235579207063326169,05/13/2021,Nasopharyngitis,Cold,26.0,YES,NO,,03/21/2023,JH
vsafe-7-day-dose1,JHX-58229-53647,s258300133109411748133069284110494252344,05/14/2021,Nasopharyngitis,Cold,26.0,YES,NO,,03/21/2023,JH
vsafe-1-6-daily-dose2,JHS-46996-19311,s259229718970766321182681027858068581838,05/23/2021,Arthralgia,Pain in ankle,26.0,YES,NO,,03/29/2023,JH
vsafe-1-6-daily-dose2,JHS-46996-19311,s259229718970766321182681027858068581838,05/23/2021,Office visit,Office visit,26.0,YES,NO,,03/29/2023,JH
vsafe-1-6-daily-dose2,JHS-46996-19311,s259229718970766321182681027858068581838,05/23/2021,Gout,Gout,26.0,YES,NO,,03/29/2023,JH
vsafe-1-6-daily-dose2,JHF-33305-35841,s259541749065570434898687157507545796010,05/26/2021,Neuropathy peripheral,Neuropathy,26.0,YES,NO,,03/30/2023,JH
vsafe-1-6-daily-dose2,JHF-33305-35841,s259647464306208484793617697366631651582,05/27/2021,Limb discomfort,Foot discomfort,26.0,YES,NO,,03/30/2023,JH
vsafe-1-6-daily-dose2,JHF-33305-35841,s259647464306208484793617697366631651582,05/27/2021,Paraesthesia,Tingling,26.0,YES,NO,,03/30/2023,JH
vsafe-0-day-dose1,JHH-19077-56800,s266128048432708826901054249623616128962,07/28/2021,Tremor,Shaking,26.0,YES,NO,,04/19/2023,JH
vsafe-0-day-dose1,JHH-19077-56800,s266128048432708826901054249623616128962,07/28/2021,Confusional state,Confusion,26.0,YES,NO,,04/19/2023,JH
vsafe-0-day-dose1,JHH-19077-56800,s266128048432708826901054249623616128962,07/28/2021,Feeling jittery,Feeling jittery,26.0,YES,NO,,04/19/2023,JH
vsafe-1-6-daily-dose2,JHN-10032-67023,s267583757491032690614508378030825160338,08/11/2021,Heart rate increased,Heartbeats increased,26.0,YES,NO,,06/07/2023,JH
vsafe-7-day-dose2,JHN-10032-67023,s267687565411019674347060085661792601855,08/12/2021,Oropharyngeal pain,Sore throat,26.0,YES,NO,,06/15/2023,JH
vsafe-1-6-daily-dose2,JHH-19077-56800,s268426092751759203156485147233008359564,08/19/2021,Neuralgia,Nerve pain,26.0,YES,NO,,07/07/2023,JH
vsafe-1-6-daily-dose3,JH6-73426-71162,s273219322358305499388038882551961113961,10/04/2021,Insomnia,Difficulty sleeping,26.1,YES,NO,,10/25/2023,JH
vsafe-1-6-daily-dose3,JH6-73426-71162,s273219322358305499388038882551961113961,10/04/2021,Pain,General body pain,26.1,YES,NO,,10/25/2023,JH
vsafe-1-6-daily-dose3,JH6-73426-71162,s273219322358305499388038882551961113961,10/04/2021,Tinnitus,Ear ringing,26.1,YES,NO,,10/25/2023,JH
vsafe-1-6-daily-dose2,JHE-93530-42510,s275634060327030950889179799113616248904,10/27/2021,Injection site pain,Pain injection site,26.1,YES,NO,,01/02/2024,JH
vsafe-1-6-daily-dose3,JHG-70542-36452,s276050038468854029940984829139472760843,10/31/2021,Migraine,Migraine,26.1,YES,NO,,01/10/2024,JH
vsafe-1-6-daily-dose3,JHG-70542-36452,s276050038468854029940984829139472760843,10/31/2021,Dizziness,Dizziness,26.1,YES,NO,,01/10/2024,JH
vsafe-1-6-daily-dose3,JHG-70542-36452,s276050038468854029940984829139472760843,10/31/2021,Oedema peripheral,Edema arms,26.1,YES,NO,,01/10/2024,JH
vsafe-1-6-daily-dose3,JHG-70542-36452,s276050038468854029940984829139472760843,10/31/2021,Axillary pain,Armpit pain,26.1,YES,NO,,01/10/2024,JH
vsafe-1-6-daily-dose3,JHG-70542-36452,s276150822302696698651109045678117657274,11/01/2021,Dizziness,Dizziness,26.1,YES,NO,,01/11/2024,JH
vsafe-1-6-daily-dose3,JHG-70542-36452,s276256685738158473720015701942804810486,11/02/2021,Dizziness,Dizziness,26.1,YES,NO,,12/12/2023,JH
vsafe-7-day-dose4,JH5-41179-62609,s293268103808913998085349371161216709622,04/14/2022,Myalgia,Myalgia,27.0,YES,NO,,04/19/2024,JH
vsafe-1-6-daily-dose4,JHG-28663-68480,s299439176361230089454763126314274315393,06/12/2022,Alopecia,Hair loss,27.0,YES,NO,,05/30/2024,JH
vsafe-7-day-dose5,JH6-73426-71162,s312170011194964441962226503628626760825,10/12/2022,Urticaria,Hives,27.0,YES,NO,,07/03/2024,JH
vsafe-0-day-dose1,JHR-12269-86373,s243364170851195191435866971146686224331,12/22/2020,Anxiety,Anxiety aggravated,25.1,YES,NO,,10/22/2022,JH
vsafe-0-day-dose1,JHR-12269-86373,s243364170851195191435866971146686224331,12/22/2020,Condition aggravated,Condition aggravated,25.1,NO,NO,01/16/2023,10/22/2022,JH
vsafe-0-day-dose1,JHQ-21517-95188,s243986462299483617150818453267738664222,12/28/2020,Nasal congestion,Nasal congestion,25.1,YES,NO,,10/27/2022,JH
vsafe-1-6-daily-dose1,JHQ-21517-95188,s244084679378313456178970532664232813004,12/29/2020,Respiratory tract congestion,Respiratory tract congestion,25.1,YES,NO,,10/30/2022,JH
vsafe-1-6-daily-dose1,JHQ-33560-27313,s246074906133120039028964251778687854508,01/17/2021,Dizziness,Dizzy,25.1,YES,NO,,11/17/2022,JH
vsafe-1-6-daily-dose1,JHQ-33560-27313,s246074906133120039028964251778687854508,01/17/2021,Hospitalisation,Hospitalization,25.1,YES,NO,,11/17/2022,JH
vsafe-1-6-daily-dose1,JHT-26529-52657,s246075381112146079437576158562648488130,01/17/2021,Dyspnoea,Difficulty breathing,25.1,YES,NO,,11/17/2022,JH
vsafe-1-6-daily-dose1,JHQ-33560-27313,s246176564996115399705348872630407148607,01/18/2021,Dizziness,Dizziness,25.1,YES,NO,,11/18/2022,JH
vsafe-1-6-daily-dose2,JHQ-21517-95188,s246414978161899434798469953577772778045,01/20/2021,Feeling abnormal,Foggy feeling in head,25.1,NO,NO,06/02/2023,11/21/2022,JH
vsafe-1-6-daily-dose2,JHQ-21517-95188,s246414978161899434798469953577772778045,01/20/2021,Asthenia,Weakness,25.1,YES,NO,,11/21/2022,JH
vsafe-1-6-daily-dose2,JHQ-21517-95188,s246414978161899434798469953577772778045,01/20/2021,Brain fog,Brain fog,26.0,YES,YES,06/02/2023,11/21/2022,JH
vsafe-1-6-daily-dose2,JHE-18285-52607,s246709363057157082491180527192797510088,01/23/2021,Rhinorrhoea,Runny nose,25.1,YES,NO,,11/22/2022,JH
vsafe-1-6-daily-dose1,JHS-17122-55023,s246712248772598227403734751786488757558,01/23/2021,Fatigue,Fatigue,25.1,YES,NO,,11/22/2022,JH
vsafe-1-6-daily-dose1,JHS-17122-55023,s246712248772598227403734751786488757558,01/23/2021,Dizziness,Dizziness,25.1,YES,NO,,11/22/2022,JH
vsafe-1-6-daily-dose1,JHS-17122-55023,s246712248772598227403734751786488757558,01/23/2021,Nausea,Nausea,25.1,YES,NO,,11/22/2022,JH
vsafe-1-6-daily-dose1,JHS-17122-55023,s246712248772598227403734751786488757558,01/23/2021,Cold sweat,Cold sweat,25.1,YES,NO,,11/22/2022,JH
vsafe-1-6-daily-dose1,JHS-17122-55023,s246712248772598227403734751786488757558,01/23/2021,Vertigo,Vertigo,25.1,YES,NO,,11/22/2022,JH
vsafe-1-6-daily-dose1,JHS-17122-55023,s246712248772598227403734751786488757558,01/23/2021,Heart rate decreased,Pulse decreased,25.1,YES,NO,,11/22/2022,JH
vsafe-1-6-daily-dose1,JHS-17122-55023,s246712248772598227403734751786488757558,01/23/2021,Fatigue,Tiredness,25.1,YES,NO,,11/22/2022,JH
vsafe-1-6-daily-dose2,JHE-18285-52607,s246911266597300439440679976513584143551,01/25/2021,Rhinorrhoea,Runny nose,25.1,YES,NO,,11/23/2022,JH
vsafe-1-6-daily-dose1,JHS-17122-55023,s247021169711070886499840842685217380080,01/26/2021,Vertigo,Vertigo,25.1,YES,NO,,11/25/2022,JH
vsafe-1-6-daily-dose1,JHS-17122-55023,s247021169711070886499840842685217380080,01/26/2021,Nausea,Nausea,25.1,YES,NO,,11/25/2022,JH
vsafe-1-6-daily-dose1,JHS-17122-55023,s247021169711070886499840842685217380080,01/26/2021,Dizziness,Dizziness,25.1,YES,NO,,11/25/2022,JH
vsafe-1-6-daily-dose1,JHS-17122-55023,s247021169711070886499840842685217380080,01/26/2021,Oropharyngeal pain,Sore throat,25.1,YES,NO,,11/25/2022,JH
vsafe-1-6-daily-dose1,JHF-26635-43166,s247129579751016385432963745522469489456,01/27/2021,Myalgia,Tenderness muscle,25.1,YES,NO,,11/28/2022,JH
vsafe-1-6-daily-dose1,JHS-17122-55023,s247139174407877652495202277916270021874,01/27/2021,Dizziness,Dizzy,25.1,YES,NO,,11/28/2022,JH
vsafe-1-6-daily-dose1,JHS-17122-55023,s247139174407877652495202277916270021874,01/27/2021,Fatigue,Tiredness,25.1,YES,NO,,11/28/2022,JH
vsafe-1-6-daily-dose1,JHX-16781-28412,s247118765049719851805868164703618480800,01/27/2021,Pyrexia,Low grade fever,25.1,YES,NO,,11/28/2022,JH
vsafe-1-6-daily-dose1,JHX-16781-28412,s247118765049719851805868164703618480800,01/27/2021,Malaise,Malaise,25.1,YES,NO,,11/28/2022,JH
vsafe-1-6-daily-dose1,JHX-16781-28412,s247118765049719851805868164703618480800,01/27/2021,Pain,Generalized aching,25.1,YES,NO,,11/28/2022,JH
vsafe-1-6-daily-dose1,JHX-16781-28412,s247118765049719851805868164703618480800,01/27/2021,Chills,Chills,25.1,YES,NO,,11/28/2022,JH
vsafe-1-6-daily-dose1,JHF-26635-43166,s247332760586988627981865535093286261743,01/29/2021,Nausea,Nausea,25.1,YES,NO,,11/29/2022,JH
vsafe-1-6-daily-dose1,JHU-32416-14142,s247646372506449208164640061903375859753,02/01/2021,Neck pain,Neck pain,25.1,YES,NO,,12/02/2022,JH
vsafe-1-6-daily-dose1,JHB-20279-35750,s247754837559462455527722466951478047987,02/02/2021,Pain,Ache,25.1,YES,NO,,12/03/2022,JH
vsafe-1-6-daily-dose1,JH8-12520-38311,s248589796979910419377730526609058492946,02/10/2021,Injection site bruising,Injection site bruising,25.1,YES,NO,,12/16/2022,JH
vsafe-1-6-daily-dose2,JHS-17122-55023,s248906239920239789820422956163913145845,02/13/2021,Dizziness,Dizziness,25.1,YES,NO,,12/21/2022,JH
vsafe-1-6-daily-dose2,JHS-17122-55023,s249015581256211114213384626603412870035,02/14/2021,Chills,Chills,25.1,YES,NO,,12/22/2022,JH
vsafe-1-6-daily-dose2,JHS-17122-55023,s249015581256211114213384626603412870035,02/14/2021,Hyperhidrosis,Heavy sweating,25.1,YES,NO,,12/22/2022,JH
vsafe-1-6-daily-dose2,JHS-17122-55023,s249015581256211114213384626603412870035,02/14/2021,Headache,Headache,25.1,YES,NO,,12/22/2022,JH
vsafe-1-6-daily-dose2,JHS-17122-55023,s249427010571740199690101395671309017510,02/18/2021,Headache,Headache,25.1,YES,NO,,12/27/2022,JH
vsafe-1-6-daily-dose2,JHS-17122-55023,s249427010571740199690101395671309017510,02/18/2021,Migraine,Migraine,25.1,YES,NO,,12/27/2022,JH
vsafe-1-6-daily-dose1,JHH-25596-91921,s249728560543943638986864219422114616754,02/21/2021,Abdominal distension,Abdominal bloating,25.1,YES,NO,,12/28/2022,JH
vsafe-1-6-daily-dose1,JH3-20435-75421,s250152645274461881448878526048913494361,02/25/2021,No adverse event,No adverse reaction,25.1,YES,NO,,12/31/2022,JH
vsafe-1-6-daily-dose1,JH3-20435-75421,s250263303143758941549029718281673148700,02/26/2021,Feeling abnormal,Feeling bad,25.1,YES,NO,,01/03/2023,JH
vsafe-1-6-daily-dose2,JHB-20279-35750,s250266553167745489049640978280354562308,02/26/2021,Myalgia,Muscle pain,25.1,YES,NO,,01/03/2023,JH
vsafe-1-6-daily-dose2,JHB-20279-35750,s250266553167745489049640978280354562308,02/26/2021,Muscular weakness,Muscle weakness,25.1,YES,NO,,01/03/2023,JH
vsafe-1-6-daily-dose2,JH8-12520-38311,s250357891923490857847047242602370433299,02/27/2021,Back pain,Back pain,25.1,YES,NO,,01/04/2023,JH
vsafe-1-6-daily-dose2,JH8-12520-38311,s250357891923490857847047242602370433299,02/27/2021,Pruritus,Itching - generalised,25.1,NO,NO,09/15/2023,01/04/2023,JH
vsafe-1-6-daily-dose2,JH8-12520-38311,s250357891923490857847047242602370433299,02/27/2021,Pruritus,Extremities itchy sensation of,26.1,YES,YES,09/15/2023,01/04/2023,JH
vsafe-7-day-dose2,JHX-16781-28412,s250333414070095601142431806278771322012,02/27/2021,Adverse reaction,Adverse reaction,25.1,YES,NO,,01/04/2023,JH
vsafe-1-6-daily-dose2,JHS-16199-61086,s251731839391216075014686431400000397073,03/12/2021,Urinary tract infection,UTI,25.1,YES,NO,,01/23/2023,JH
vsafe-0-day-dose2,JH8-13494-15891,s252135393083149362576119494143696894592,03/16/2021,Flushing,Flushed face,25.1,YES,NO,,01/26/2023,JH
vsafe-0-day-dose2,JH8-13494-15891,s252135393083149362576119494143696894592,03/16/2021,Erythema,Red face,25.1,YES,NO,,01/26/2023,JH
vsafe-0-day-dose2,JH8-13494-15891,s252135393083149362576119494143696894592,03/16/2021,Erythema,Red neck,25.1,YES,NO,,01/26/2023,JH
vsafe-0-day-dose2,JH8-13494-15891,s252135393083149362576119494143696894592,03/16/2021,Immediate post-injection reaction,Immediate post-injection reaction,25.1,YES,NO,,01/26/2023,JH
vsafe-7-day-dose2,JHS-16199-61086,s252123813926314188233732681474255801363,03/16/2021,Nasal congestion,Nasal congestion,25.1,YES,NO,,01/27/2023,JH
vsafe-7-day-dose2,JHS-16199-61086,s252123813926314188233732681474255801363,03/16/2021,Upper-airway cough syndrome,Postnasal drip,25.1,YES,NO,,01/27/2023,JH
vsafe-1-6-daily-dose2,JH8-13494-15891,s252236299737739492019040065663844133751,03/17/2021,Heart rate increased,Heart rate increased,25.1,YES,NO,,01/27/2023,JH
vsafe-1-6-daily-dose2,JH8-13494-15891,s252448384645611206554622292532228980110,03/19/2021,Eye pain,Eye pain,25.1,NO,NO,06/16/2023,01/31/2023,JH
vsafe-1-6-daily-dose2,JH8-13494-15891,s252448384645611206554622292532228980110,03/19/2021,Eye pain,Eye ache,26.0,YES,YES,06/16/2023,01/31/2023,JH
vsafe-1-6-daily-dose2,JH8-13494-15891,s252571794509633791914114431589372578902,03/20/2021,Eye pain,Pain eye,25.1,YES,NO,,01/31/2023,JH
vsafe-1-6-daily-dose1,JHD-32263-87044,s253188328957267295374717716891087554336,03/26/2021,Oropharyngeal pain,Sore throat,25.1,YES,NO,,02/07/2023,JH
vsafe-1-6-daily-dose1,JHD-32263-87044,s253290295495477657485649254152386830037,03/27/2021,Oropharyngeal pain,Sore throat,25.1,YES,NO,,02/07/2023,JH
vsafe-1-6-daily-dose1,JHD-32263-87044,s253493850920632017828068200958621536704,03/29/2021,Oropharyngeal pain,Sore throat,25.1,YES,NO,,02/09/2023,JH
vsafe-0-day-dose2,JH9-26435-35883,s253689701150933865429224891309332518575,03/31/2021,Unevaluable event,Reaction unevaluable,25.1,YES,NO,,02/10/2023,JH
vsafe-1-6-daily-dose2,JH9-26435-35883,s253899759483304763878443010340481014026,04/02/2021,Pyrexia,Fever,25.1,YES,NO,,02/14/2023,JH
vsafe-0-day-dose1,JHR-11034-69026,s254026900505671239113558880165330304012,04/03/2021,Epistaxis,Blood clot in nose,25.1,YES,NO,,02/14/2023,JH
vsafe-1-6-daily-dose2,JHD-32263-87044,s255794406873584313762187968189811036611,04/20/2021,Adverse reaction,Adverse reaction,25.1,YES,NO,,03/03/2023,JH
vsafe-7-day-dose2,JHD-32263-87044,s255891303728172441028415292832576371163,04/21/2021,Unevaluable event,Reaction unevaluable,25.1,YES,NO,,03/06/2023,JH
vsafe-7-day-dose1,JH9-28095-21600,s255881505705079848813663633891545228926,04/21/2021,Oedema peripheral,Edema arms,25.1,YES,NO,,03/06/2023,JH
vsafe-1-6-daily-dose2,JHR-11034-69026,s256720004723102887720505927805023436914,04/29/2021,Palpitations,Heart racing,25.1,YES,NO,,03/10/2023,JH
vsafe-1-6-daily-dose1,JHK-22043-64994,s257974320097733247309910292098735319639,05/11/2021,Ovarian cyst,Ovarian cyst,26.0,YES,NO,,03/20/2023,JH
vsafe-1-6-daily-dose2,JHK-22043-64994,s260581005748314301318884640928175898426,06/05/2021,Heart rate increased,Heart rate increased,26.0,YES,NO,,04/03/2023,JH
vsafe-1-6-daily-dose3,JH8-12520-38311,s273219387530805013324137611042113610111,10/04/2021,Arthralgia,Shoulder pain,26.1,YES,NO,,10/25/2023,JH
vsafe-7-day-dose3,JH8-12520-38311,s273326859953294757739026779521281573796,10/05/2021,Injection site bruising,Injection site bruising,26.1,YES,NO,,10/30/2023,JH
vsafe-7-day-dose3,JH8-12520-38311,s273326859953294757739026779521281573796,10/05/2021,Pain,Throbbing pain,26.1,YES,NO,,10/30/2023,JH
vsafe-7-day-dose3,JH8-12520-38311,s273326859953294757739026779521281573796,10/05/2021,Musculoskeletal pain,Shoulder blade pain,26.1,YES,NO,,10/30/2023,JH
vsafe-1-6-daily-dose3,JHC-32756-66066,s275732242935672095105742304971321908833,10/28/2021,Chills,Chills,26.1,YES,NO,,01/04/2024,JH
vsafe-1-6-daily-dose3,JHC-32756-66066,s275732242935672095105742304971321908833,10/28/2021,Fatigue,Fatigue,26.1,YES,NO,,01/04/2024,JH
vsafe-1-6-daily-dose2,JHN-15474-02672,s275833577970660571582611781581942732078,10/29/2021,Anxiety,Anxiety,26.1,YES,NO,,01/05/2024,JH
vsafe-1-6-daily-dose3,JHJ-28587-94894,s276051249615128530840170906591710317870,10/31/2021,Pain,Pain,26.1,YES,NO,,01/10/2024,JH
vsafe-1-6-daily-dose4,JHC-32756-66066,s293691080613761290372238771102321088714,04/18/2022,Fatigue,Fatigue,27.0,YES,NO,,04/23/2024,JH
vsafe-1-6-daily-dose4,JHC-32756-66066,s293691080613761290372238771102321088714,04/18/2022,Pyrexia,Feverish,27.0,YES,NO,,04/23/2024,JH
vsafe-1-6-daily-dose4,JHC-32756-66066,s293691080613761290372238771102321088714,04/18/2022,Peripheral swelling,Swelling arm,27.0,YES,NO,,04/23/2024,JH
vsafe-1-6-daily-dose5,JH8-12520-38311,s312398238544869408828184200838407427554,10/14/2022,Decreased appetite,Decreased appetite,27.0,YES,NO,,07/05/2024,JH
vsafe-1-6-daily-dose1,JHQ-21435-43181,s244620286406013540968291592102207953669,01/03/2021,Dizziness,Dizziness,25.1,YES,NO,,11/03/2022,JH
vsafe-1-6-daily-dose1,JHQ-21435-43181,s244735272488566220088981942897818089716,01/04/2021,Somnolence,Sleepy,25.1,YES,NO,,11/04/2022,JH
vsafe-1-6-daily-dose1,JHQ-21435-43181,s244850695055583703938782317603115928678,01/05/2021,Ventricular extrasystoles,Premature ventricular contractions,25.1,YES,NO,,11/04/2022,JH
vsafe-1-6-daily-dose1,JHQ-21435-43181,s244850695055583703938782317603115928678,01/05/2021,Dyspnoea,Shortness of breath,25.1,YES,NO,,11/04/2022,JH
vsafe-1-6-daily-dose1,JHQ-21435-43181,s244850695055583703938782317603115928678,01/05/2021,Condition aggravated,Condition aggravated,25.1,YES,NO,,11/04/2022,JH
vsafe-1-6-daily-dose1,JHQ-21435-43181,s244850695055583703938782317603115928678,01/05/2021,Pre-existing disease,Pre-existing disease,25.1,YES,YES,01/18/2023,11/04/2022,JH
vsafe-7-day-dose1,JHQ-21435-43181,s245055078298663574165465372026280257166,01/07/2021,Arthralgia,Pain in hip,25.1,YES,NO,,11/08/2022,JH
vsafe-7-day-dose1,JHQ-21435-43181,s245055078298663574165465372026280257166,01/07/2021,Diaphragmalgia,Pain in diaphragm,25.1,NO,NO,01/19/2023,11/08/2022,JH
vsafe-7-day-dose1,JHQ-21435-43181,s245055078298663574165465372026280257166,01/07/2021,Flank pain,Pain flank,25.1,YES,YES,01/19/2023,11/08/2022,JH
vsafe-7-day-dose1,JHQ-21435-43181,s245055078298663574165465372026280257166,01/07/2021,Mobility decreased,Mobility decreased,25.1,YES,YES,01/19/2023,11/08/2022,JH
vsafe-7-day-dose1,JHQ-21435-43181,s245055078298663574165465372026280257166,01/07/2021,Musculoskeletal chest pain,Pain lower ribs,25.1,YES,YES,01/19/2023,11/08/2022,JH
vsafe-1-6-daily-dose2,JHW-19846-02764,s245241539637162540457323887592649418178,01/09/2021,Night sweats,Night sweats,25.1,YES,NO,,11/09/2022,JH
vsafe-1-6-daily-dose1,JHU-18008-94855,s245983664561056100669507481210888834849,01/16/2021,Agitation,Agitation,25.1,YES,NO,,11/16/2022,JH
vsafe-1-6-daily-dose2,JHW-24027-37809,s246277314388842444715462966575243092191,01/19/2021,Dysgeusia,Taste peculiar,25.1,YES,NO,,11/18/2022,JH
vsafe-1-6-daily-dose1,JHC-13454-13837,s246602285634894935873096054770382802404,01/22/2021,Facial paralysis,Facial paralysis,25.1,YES,NO,,11/22/2022,JH
vsafe-1-6-daily-dose2,JHK-21137-75488,s247858973101663771605258872054954460854,02/03/2021,Chest discomfort,Tightness in chest,25.1,YES,NO,,12/06/2022,JH
vsafe-1-6-daily-dose2,JHK-21137-75488,s247963722677256732985702609436505966344,02/04/2021,Lymphadenopathy,Swollen lymph nodes,25.1,YES,NO,,12/07/2022,JH
vsafe-1-6-daily-dose2,JH3-20911-60358,s248391687026483352991822059260877646630,02/08/2021,Lymphadenopathy,Lymph nodes cervical swollen,25.1,YES,NO,,12/13/2022,JH
vsafe-1-6-daily-dose2,JH3-20911-60358,s248488583384348957386328913413459839676,02/09/2021,Lymphadenopathy,Lymph nodes cervical swollen,25.1,YES,NO,,12/15/2022,JH
vsafe-1-6-daily-dose2,JH3-20911-60358,s248604523696100151926976439304743211626,02/10/2021,Lymphadenopathy,Lymph nodes cervical swollen,25.1,YES,NO,,12/16/2022,JH
vsafe-1-6-daily-dose2,JHM-10595-84346,s248588638888796573350839111080582221705,02/10/2021,Dizziness,Dizziness,25.1,YES,NO,,12/16/2022,JH
vsafe-1-6-daily-dose2,JHM-10595-84346,s248588638888796573350839111080582221705,02/10/2021,Insomnia,Insomnia,25.1,YES,NO,,12/16/2022,JH
vsafe-7-day-dose1,JHW-17621-34041,s248547306671364706293880780616865869280,02/10/2021,Injection site rash,Rash injection site,25.1,YES,NO,,12/19/2022,JH
vsafe-1-6-daily-dose2,JHM-10595-84346,s248801784402433362235671323905020821121,02/12/2021,Night sweats,Night sweats,25.1,YES,NO,,12/20/2022,JH
vsafe-1-6-daily-dose2,JHM-10595-84346,s249006094808313640616105395280755200864,02/14/2021,Dry eye,Dry eye,25.1,YES,NO,,12/22/2022,JH
vsafe-1-6-daily-dose2,JHM-10595-84346,s249006094808313640616105395280755200864,02/14/2021,Pre-existing disease,Pre-existing disease,25.1,YES,NO,,12/22/2022,JH
vsafe-1-6-daily-dose2,JHM-10595-84346,s249006094808313640616105395280755200864,02/14/2021,Adverse reaction,Adverse reaction,25.1,YES,NO,,12/22/2022,JH
vsafe-1-6-daily-dose2,JH9-34025-22392,s249650063334768866039731222867794875496,02/20/2021,Rash,Localized rash,25.1,YES,NO,,12/28/2022,JH
vsafe-1-6-daily-dose2,JH9-34025-22392,s249650063334768866039731222867794875496,02/20/2021,Immunisation reaction,Vaccination adverse reaction,25.1,YES,NO,,12/28/2022,JH
vsafe-1-6-daily-dose2,JH9-26821-16053,s249936362262135488637967381959400893332,02/23/2021,Lymphadenopathy,Swollen glands,25.1,YES,NO,,12/29/2022,JH
vsafe-1-6-daily-dose2,JH9-26821-16053,s249936362262135488637967381959400893332,02/23/2021,Adverse event,Adverse event,25.1,NO,NO,09/11/2024,12/29/2022,JH
vsafe-1-6-daily-dose1,JHF-25256-49464,s249956579108705672092044180810086676269,02/23/2021,Upper-airway cough syndrome,Postnasal drip,25.1,YES,NO,,12/29/2022,JH
vsafe-1-6-daily-dose1,JHQ-12228-63936,s250360438554517669200220498676341732313,02/27/2021,Paraesthesia,Tingling feet/hands,25.1,YES,NO,,01/04/2023,JH
vsafe-1-6-daily-dose1,JHQ-12228-63936,s250360438554517669200220498676341732313,02/27/2021,Pre-existing disease,Pre-existing disease,25.1,YES,NO,,01/04/2023,JH
vsafe-1-6-daily-dose2,JH3-30375-78230,s250768459921715152399005160084727295560,03/03/2021,Pruritus,Itching,25.1,YES,NO,,01/06/2023,JH
vsafe-1-6-daily-dose2,JH3-30375-78230,s250768459921715152399005160084727295560,03/03/2021,Hypersensitivity,Allergic reaction,25.1,YES,NO,,01/06/2023,JH
vsafe-0-day-dose1,JHC-74749-28983,s252240550782313093481083948350919301050,03/17/2021,Hyperhidrosis,Sweating,25.1,YES,NO,,01/27/2023,JH
vsafe-0-day-dose1,JHC-74749-28983,s252240550782313093481083948350919301050,03/17/2021,Hot flush,Hot flashes,25.1,YES,NO,,01/27/2023,JH
vsafe-1-6-daily-dose1,JH9-92477-74995,s252567397758240787254367753840519447694,03/20/2021,Decreased appetite,Appetite absent,25.1,YES,NO,,01/31/2023,JH
vsafe-0-day-dose2,JHK-10416-87786,s253182558161424531288251206602070866923,03/26/2021,Menstrual disorder,Menstrual disorder,25.1,YES,NO,,02/06/2023,JH
vsafe-1-6-daily-dose2,JHK-10416-87786,s253276151592174484143332674203451840412,03/27/2021,Menstruation irregular,Irregular periods,25.1,YES,NO,,02/08/2023,JH
vsafe-1-6-daily-dose2,JHK-10416-87786,s253276151592174484143332674203451840412,03/27/2021,Heavy menstrual bleeding,Heavy periods,25.1,YES,NO,,02/08/2023,JH
vsafe-1-6-daily-dose2,JHK-10416-87786,s253276151592174484143332674203451840412,03/27/2021,Vaccine positive rechallenge,Vaccine positive rechallenge,25.1,YES,NO,,02/08/2023,JH
vsafe-1-6-daily-dose2,JHK-10416-87786,s253378490704955162069305867044733516969,03/28/2021,Menstrual disorder,Menstrual cycle abnormal,25.1,YES,NO,,02/08/2023,JH
vsafe-1-6-daily-dose2,JHK-10416-87786,s253484160043079619495500677456165771706,03/29/2021,Menstruation irregular,Irregular periods,25.1,YES,NO,,02/09/2023,JH
vsafe-1-6-daily-dose2,JHK-10416-87786,s253484160043079619495500677456165771706,03/29/2021,Hypomenorrhoea,Light periods,25.1,YES,NO,,02/09/2023,JH
vsafe-1-6-daily-dose2,JHK-10416-87786,s253484160043079619495500677456165771706,03/29/2021,Abnormal menstrual clots,Abnormal menstrual clots,25.1,YES,NO,,02/09/2023,JH
vsafe-1-6-daily-dose1,JHC-26276-76217,s254217803967459585690339566970630482745,04/05/2021,Migraine,Migraine type headaches,25.1,YES,NO,,02/16/2023,JH
vsafe-0-day-dose1,JH6-21294-80949,s254544012905848097048163624676691170811,04/08/2021,Dizziness,Dizziness,25.1,YES,NO,,02/20/2023,JH
vsafe-7-day-dose1,JHC-26276-76217,s254569779645179265344148928011440935971,04/09/2021,Coordination abnormal,Coordination impaired,26.0,YES,NO,,02/21/2023,JH
vsafe-0-day-dose1,JHA-30775-86366,s254654799605942815329059081491390792473,04/09/2021,Dizziness,Dizziness,25.1,YES,NO,,02/21/2023,JH
vsafe-0-day-dose1,JHA-30775-86366,s254654799605942815329059081491390792473,04/09/2021,Myalgia,Muscle pain,25.1,YES,NO,,02/21/2023,JH
vsafe-0-day-dose1,JHA-30775-86366,s254654799605942815329059081491390792473,04/09/2021,Arthralgia,Shoulder pain,25.1,YES,NO,,02/21/2023,JH
vsafe-0-day-dose1,JHA-30775-86366,s254654799605942815329059081491390792473,04/09/2021,Neck pain,Pain neck,25.1,YES,NO,,02/21/2023,JH
vsafe-1-6-daily-dose1,JHA-30775-86366,s254739024987635092112039396970230101303,04/10/2021,Gastrooesophageal reflux disease,Acid reflux (esophageal),25.1,YES,NO,,02/22/2023,JH
vsafe-1-6-daily-dose1,JHA-30775-86366,s254739024987635092112039396970230101303,04/10/2021,Inflammation,Inflammation,25.1,YES,NO,,02/22/2023,JH
vsafe-1-6-daily-dose1,JHJ-29939-92073,s254868651376792224452943649884793913230,04/11/2021,Rash,Rash trunk,25.1,YES,NO,,02/23/2023,JH
vsafe-1-6-daily-dose1,JHJ-29939-92073,s254956954879109261775837605671543126969,04/12/2021,Rash,Painful rash,25.1,YES,NO,,02/23/2023,JH
vsafe-1-6-daily-dose1,JHJ-29939-92073,s254956954879109261775837605671543126969,04/12/2021,Diarrhoea,Diarrhea,25.1,YES,NO,,02/23/2023,JH
vsafe-1-6-daily-dose1,JHJ-29939-92073,s254956954879109261775837605671543126969,04/12/2021,Muscle spasms,Cramps,25.1,YES,NO,,02/23/2023,JH
vsafe-1-6-daily-dose1,JHJ-29939-92073,s254956954879109261775837605671543126969,04/12/2021,Pre-existing disease,Pre-existing disease,25.1,YES,NO,,02/23/2023,JH
vsafe-1-6-daily-dose1,JHJ-29939-92073,s254956954879109261775837605671543126969,04/12/2021,Rash,Rash trunk,25.1,YES,NO,,02/23/2023,JH
vsafe-1-6-daily-dose1,JHJ-29939-92073,s254956954879109261775837605671543126969,04/12/2021,Rash pruritic,Itchy rash,25.1,YES,NO,,02/23/2023,JH
vsafe-7-day-dose1,JHA-30775-86366,s255375872578520808222593380017205034408,04/16/2021,Arthralgia,Pain in joint involving shoulder region,25.1,YES,NO,,03/02/2023,JH
vsafe-7-day-dose1,JHA-30775-86366,s255375872578520808222593380017205034408,04/16/2021,Arthritis,Joint inflammation,25.1,YES,NO,,03/02/2023,JH
vsafe-7-day-dose1,JHA-30775-86366,s255375872578520808222593380017205034408,04/16/2021,Myalgia,Pain muscle,25.1,YES,NO,,03/02/2023,JH
vsafe-1-6-daily-dose2,JHA-32494-49940,s256509980694775907498408433773095567387,04/27/2021,Lymphadenopathy,Axillary lymph nodes enlarged,26.0,YES,NO,,03/24/2023,JH
vsafe-1-6-daily-dose2,JHJ-29939-92073,s257353199547002727062836685061967479963,05/05/2021,Bronchitis,Bronchitis,26.0,YES,NO,,03/28/2023,JH
vsafe-1-6-daily-dose2,JHC-26276-76217,s257461437702587045331048958060896335324,05/06/2021,Stress,Stress,26.0,YES,NO,,03/15/2023,JH
vsafe-1-6-daily-dose2,JHC-26276-76217,s257461437702587045331048958060896335324,05/06/2021,Insomnia,Difficulty sleeping,26.0,YES,NO,,03/15/2023,JH
vsafe-1-6-daily-dose2,JHA-30775-86366,s257658547497587416959654236961504890163,05/08/2021,Ear pain,Ear ache,26.0,YES,NO,,03/17/2023,JH
vsafe-1-6-daily-dose2,JHA-30775-86366,s257658547497587416959654236961504890163,05/08/2021,Self-medication,Self-medication,26.0,YES,NO,,03/17/2023,JH
vsafe-1-6-daily-dose2,JHA-30775-86366,s257658547497587416959654236961504890163,05/08/2021,Mobility decreased,Mobility decreased,27.0,YES,YES,09/20/2024,03/17/2023,JH
vsafe-1-6-daily-dose2,JHA-30775-86366,s257658547497587416959654236961504890163,05/08/2021,Glossodynia,Sore tongue,26.0,YES,NO,,03/17/2023,JH
vsafe-1-6-daily-dose2,JHA-30775-86366,s257760140973508421531275887329124462759,05/09/2021,Self-medication,Self-medication,26.0,YES,NO,,03/17/2023,JH
vsafe-1-6-daily-dose2,JHA-30775-86366,s257760140973508421531275887329124462759,05/09/2021,Pain,Pain,26.0,YES,NO,,03/17/2023,JH
vsafe-1-6-daily-dose2,JHA-30775-86366,s257869624625477856971142824903861481544,05/10/2021,Aphthous ulcer,Canker sores oral,26.0,YES,NO,,03/17/2023,JH
vsafe-1-6-daily-dose2,JHA-30775-86366,s258077904627565073980953034560623011425,05/12/2021,Constipation,Constipation,26.0,YES,NO,,03/20/2023,JH
vsafe-1-6-daily-dose2,JHA-30775-86366,s258077904627565073980953034560623011425,05/12/2021,Dyspepsia,Indigestion,26.0,YES,NO,,03/20/2023,JH
vsafe-7-day-dose2,JHA-30775-86366,s258292098635125287870278917860419632305,05/14/2021,Dyspepsia,Indigestion,26.0,YES,NO,,03/21/2023,JH
vsafe-1-6-daily-dose3,JHW-19846-02764,s268734417949573076904512594739647374286,08/22/2021,Rhinorrhoea,Runny nose,26.0,YES,NO,,07/18/2023,JH
vsafe-7-day-dose1-dep,JHX-61101-40908,s270619845974640518619458580089261418224,09/09/2021,Oropharyngeal pain,Sore throat,26.1,YES,NO,,11/07/2023,JH
vsafe-7-day-dose1-dep,JHX-61101-40908,s270619845974640518619458580089261418224,09/09/2021,Nasal congestion,Nasal stuffiness,26.1,YES,NO,,11/07/2023,JH
vsafe-7-day-dose1-dep,JHX-61101-40908,s270619845974640518619458580089261418224,09/09/2021,Cough,Cough,26.1,YES,NO,,11/07/2023,JH
vsafe-1-6-daily-dose3,JH3-30375-78230,s276142983689846183112108072605988877660,11/01/2021,Lymphadenopathy,Swollen lymph nodes,26.1,YES,NO,,01/11/2024,JH
vsafe-1-6-daily-dose3,JH3-30375-78230,s276456188199022999299157297407160147466,11/04/2021,Respiratory tract congestion,Respiratory tract congestion,26.1,YES,NO,,12/14/2023,JH
vsafe-7-day-dose2-dep,JH9-99504-59720,s280031710990535448003997191175735531903,12/08/2021,Cough,Coughing,26.1,YES,NO,,01/24/2024,JH
vsafe-7-day-dose2-dep,JH9-99504-59720,s280031710990535448003997191175735531903,12/08/2021,Oxygen saturation decreased,Oxygen saturation low,26.1,YES,NO,,01/24/2024,JH
vsafe-7-day-dose2-dep,JH9-99504-59720,s280031710990535448003997191175735531903,12/08/2021,Chest pain,Chest pain,26.1,YES,NO,,01/24/2024,JH
vsafe-7-day-dose2-dep,JH9-99504-59720,s280031710990535448003997191175735531903,12/08/2021,Dyspnoea,Shortness of breath,26.1,YES,NO,,01/24/2024,JH
vsafe-1-6-daily-dose4,JH9-49974-04752,s293303154312887996658842753404081201834,04/14/2022,Oropharyngeal pain,Sore throat,27.0,YES,NO,,04/18/2024,JH
vsafe-0-day-dose1,JHZ-63076-53019,s242756898255096696291049124734245180100,12/16/2020,Muscle tightness,Neck tightness,25.1,YES,NO,,10/17/2022,JH
vsafe-0-day-dose1,JHZ-63076-53019,s242756898255096696291049124734245180100,12/16/2020,Neck pain,Neck pain,25.1,YES,NO,,10/17/2022,JH
vsafe-0-day-dose1,JHT-19278-36837,s243802535887210294282664099346406582138,12/26/2020,Injection site pain,Pain injection site,25.1,YES,NO,,10/26/2022,JH
vsafe-1-6-daily-dose1,JHT-19278-36837,s243874089250061497891088153022724500776,12/27/2020,Injection site pain,Injection site pain,25.1,NO,NO,01/16/2023,10/27/2022,JH
vsafe-1-6-daily-dose1,JHT-19278-36837,s243874089250061497891088153022724500776,12/27/2020,Injection site pain,Pain injection site,25.1,YES,YES,01/16/2023,10/27/2022,JH
vsafe-1-6-daily-dose1,JHY-64869-48760,s244927636426281681311371017853529127266,01/06/2021,Blood pressure increased,Blood pressure increased,25.1,NO,NO,01/18/2023,11/07/2022,JH
vsafe-1-6-daily-dose1,JHY-64869-48760,s244927636426281681311371017853529127266,01/06/2021,Blood pressure increased,Elevated BP,25.1,YES,YES,01/18/2023,11/07/2022,JH
vsafe-1-6-daily-dose1,JHF-30285-76939,s245146399848317095393351996174194315816,01/08/2021,Unevaluable event,Reaction unevaluable,25.1,NO,NO,01/19/2023,11/08/2022,JH
vsafe-1-6-daily-dose1,JHF-30285-76939,s245146399848317095393351996174194315816,01/08/2021,Adverse reaction,Adverse reaction,25.1,YES,YES,01/19/2023,11/08/2022,JH
vsafe-1-6-daily-dose1,JHY-64869-48760,s245240696812761626634937385441028663640,01/09/2021,Blood pressure fluctuation,Blood pressure fluctuation,25.1,YES,NO,,11/09/2022,JH
vsafe-7-day-dose1,JHY-64869-48760,s245658734050432247873584642097523870373,01/13/2021,Blood pressure increased,Blood pressure increased,25.1,YES,NO,,11/14/2022,JH
vsafe-7-day-dose1,JHF-30285-76939,s245968684038530392659866987486182530064,01/16/2021,Emergency care,Emergency care,25.1,YES,NO,,11/17/2022,JH
vsafe-7-day-dose1,JHF-30285-76939,s245968684038530392659866987486182530064,01/16/2021,Dyspnoea,Difficulty breathing,25.1,YES,NO,,11/17/2022,JH
vsafe-1-6-daily-dose2,JHT-19278-36837,s246073330821138480317377379788168773675,01/17/2021,Injection site pain,Pain injection site,25.1,YES,NO,,11/17/2022,JH
vsafe-7-day-dose1,JHE-33215-91476,s246181911535732932634723128903297826684,01/18/2021,Pyrexia,Fever,25.1,YES,NO,,11/18/2022,JH
vsafe-7-day-dose1,JHE-33215-91476,s246181911535732932634723128903297826684,01/18/2021,Pain,Generalized aching,25.1,YES,NO,,11/18/2022,JH
vsafe-1-6-daily-dose1,JHR-33583-36872,s246207993871803845237717157406648711472,01/19/2021,Cough,Coughing,25.1,YES,NO,,11/18/2022,JH
vsafe-1-6-daily-dose1,JHR-33583-36872,s246207993871803845237717157406648711472,01/19/2021,Sneezing,Sneezing,25.1,YES,NO,,11/18/2022,JH
vsafe-1-6-daily-dose1,JHR-33583-36872,s246329439598327011953234258618628063500,01/20/2021,Sneezing,Sneezing,25.1,YES,NO,,11/21/2022,JH
vsafe-1-6-daily-dose1,JHR-33583-36872,s246329439598327011953234258618628063500,01/20/2021,Cough,Coughing,25.1,YES,NO,,11/21/2022,JH
vsafe-1-6-daily-dose2,JHE-33215-91476,s248178006822688169860978983947314302772,02/06/2021,Dizziness,Dizziness,25.1,YES,NO,,12/09/2022,JH
vsafe-1-6-daily-dose2,JHE-33215-91476,s248279701632115298936226388187900738638,02/07/2021,Dizziness,Dizziness,25.1,YES,NO,,12/12/2022,JH
vsafe-1-6-daily-dose1,JHX-15073-56324,s248501936601236399661248911985221466166,02/09/2021,No adverse event,No adverse reaction,25.1,YES,NO,,12/14/2022,JH
vsafe-1-6-daily-dose2,JH7-27728-53193,s248993888789596973404160831762696121341,02/14/2021,Night sweats,Night sweats,25.1,YES,NO,,12/22/2022,JH
vsafe-7-day-dose2,JHY-64869-48760,s249318054958764878398464580573916196758,02/17/2021,Pruritus,Itching all over,25.1,YES,NO,,12/27/2022,JH
vsafe-1-6-daily-dose2,JH4-15352-61718,s251078944697080840731963186619446115683,03/06/2021,Unevaluable event,Reaction unevaluable,25.1,YES,NO,,01/10/2023,JH
vsafe-1-6-daily-dose2,JH4-15352-61718,s251183334439721875597075853730644630201,03/07/2021,Pyrexia,Low grade fever,25.1,YES,NO,,01/11/2023,JH
vsafe-1-6-daily-dose1,JHX-11604-38551,s251426780750047423383281720333026646683,03/09/2021,Energy increased,Energy increased,25.1,YES,NO,,01/12/2023,JH
vsafe-1-6-daily-dose2,JH2-27178-13832,s251404001080240239369170202334931363906,03/09/2021,Injection site pain,Pain injection site,25.1,YES,NO,,01/12/2023,JH
vsafe-1-6-daily-dose2,JHX-15073-56324,s251420903213389232691249599717994807373,03/09/2021,Oropharyngeal pain,Sore throat,25.1,YES,NO,,01/12/2023,JH
vsafe-1-6-daily-dose2,JH3-20002-79179,s251517187911388222267332483679060124939,03/10/2021,Cough,Cough,25.1,YES,NO,,01/13/2023,JH
vsafe-1-6-daily-dose2,JHX-15073-56324,s251604868010481793316843218667930557466,03/11/2021,Oropharyngeal pain,Sore throat,25.1,YES,NO,,01/23/2023,JH
vsafe-7-day-dose2,JHX-15073-56324,s251720131683805703421979270987725281600,03/12/2021,Oropharyngeal pain,Sore throat,25.1,YES,NO,,01/24/2023,JH
vsafe-7-day-dose2,JHX-15073-56324,s251720131683805703421979270987725281600,03/12/2021,Muscle swelling,Muscle swelling,25.1,YES,NO,,01/24/2023,JH
vsafe-1-6-daily-dose1,JHV-33288-84966,s252753716757538132214585475613342729340,03/22/2021,Rash,Rash all over,25.1,YES,NO,,02/02/2023,JH
vsafe-1-6-daily-dose1,JHV-33288-84966,s252857814769575744046250741315553336270,03/23/2021,Pruritus,Itchy,25.1,YES,NO,,02/02/2023,JH
vsafe-1-6-daily-dose1,JHR-23734-41754,s252970308102603362448788689958122160373,03/24/2021,Dizziness,Dizziness,25.1,YES,NO,,02/03/2023,JH
vsafe-1-6-daily-dose1,JHX-17967-56970,s252990859668080623975465463525591901561,03/24/2021,Adverse reaction,Adverse reaction,25.1,YES,NO,,02/03/2023,JH
vsafe-1-6-daily-dose1,JHR-23734-41754,s253075969601998063323396416657234226254,03/25/2021,Dizziness,Dizziness,25.1,YES,NO,,02/06/2023,JH
vsafe-1-6-daily-dose1,JHX-17967-56970,s253203237681917341148723974254099057649,03/26/2021,Therapeutic response unexpected,Unexpected beneficial therapeutic response,25.1,YES,NO,,02/07/2023,JH
vsafe-1-6-daily-dose1,JHX-17967-56970,s253278147991045997490103420937474603530,03/27/2021,Headache,Headache,25.1,YES,NO,,02/07/2023,JH
vsafe-1-6-daily-dose1,JHX-17967-56970,s253278147991045997490103420937474603530,03/27/2021,Self-medication,Self-medication,25.1,YES,NO,,02/07/2023,JH
vsafe-1-6-daily-dose1,JHX-17967-56970,s253485404915493301349777006926290890472,03/29/2021,Pre-existing disease,Pre-existing disease,25.1,YES,NO,,02/09/2023,JH
vsafe-1-6-daily-dose1,JHX-17967-56970,s253485404915493301349777006926290890472,03/29/2021,Diarrhoea,Diarrhea,25.1,YES,NO,,02/09/2023,JH
vsafe-1-6-daily-dose2,JH6-27799-90405,s254112364891528033026822505980163148202,04/04/2021,Injection site warmth,Injection site warmth,25.1,YES,NO,,02/15/2023,JH
vsafe-1-6-daily-dose2,JH6-27799-90405,s254112364891528033026822505980163148202,04/04/2021,Injection site reaction,Injection site reaction,25.1,YES,NO,,02/15/2023,JH
vsafe-7-day-dose1,JHE-32087-85416,s254439551461128511035928800098257651963,04/07/2021,Throat irritation,Scratchy throat,25.1,YES,NO,,02/20/2023,JH
vsafe-0-day-dose2,JHF-20275-64190,s255187582155269641221029376854399287110,04/14/2021,Unevaluable event,Reaction unevaluable,25.1,YES,NO,,02/27/2023,JH
vsafe-1-6-daily-dose2,JHF-20275-64190,s255290028108037868562013627100338758604,04/15/2021,Back pain,Low back pain,25.1,YES,NO,,02/28/2023,JH
vsafe-0-day-dose2,JHV-33288-84966,s255364425492174130816359386653418744924,04/16/2021,Unevaluable event,Reaction unevaluable,25.1,YES,NO,,02/28/2023,JH
vsafe-1-6-daily-dose2,JHF-20275-64190,s255489299181674258722445907571480652600,04/17/2021,Abdominal pain upper,Stomach ache,25.1,YES,NO,,03/02/2023,JH
vsafe-1-6-daily-dose2,JHV-33288-84966,s255794117894191320478991182479200245233,04/20/2021,Rash,Rash all over,25.1,YES,NO,,03/03/2023,JH
vsafe-1-6-daily-dose2,JHV-33288-84966,s255990250362089557245466302262364793993,04/22/2021,Urticaria,Hives,25.1,YES,NO,,03/07/2023,JH
vsafe-1-6-daily-dose2,JHE-32087-85416,s256313769850091623168358750829647902974,04/25/2021,Cough,Cough,25.1,YES,NO,,03/09/2023,JH
vsafe-1-6-daily-dose2,JHE-32087-85416,s256418881692084074991860515468735048118,04/26/2021,Cough,Cough,25.1,YES,NO,,03/09/2023,JH
vsafe-1-6-daily-dose1,JHR-52489-00601,s256624627685837146340396435006768702944,04/28/2021,Emergency care,Emergency care,26.0,YES,NO,,03/24/2023,JH
vsafe-1-6-daily-dose1,JHR-52489-00601,s256624627685837146340396435006768702944,04/28/2021,Pain in extremity,Calf pain,26.0,YES,NO,,03/24/2023,JH
vsafe-7-day-dose2,JHE-32087-85416,s256633278227932685956651739274797525002,04/28/2021,Cough,Cough,25.1,YES,NO,,03/10/2023,JH
vsafe-7-day-dose2,JHE-32087-85416,s256633278227932685956651739274797525002,04/28/2021,Throat irritation,Scratchy throat,25.1,YES,NO,,03/10/2023,JH
vsafe-1-6-daily-dose2,JHA-88169-73520,s259241867924961036344042938077658380643,05/23/2021,Lymph node pain,Lymph node pain,26.0,YES,NO,,03/29/2023,JH
vsafe-1-6-daily-dose2,JHA-88169-73520,s259343861510470865853953437947484895471,05/24/2021,Lymphadenopathy,Axillary lymph nodes enlarged,26.0,YES,NO,,03/29/2023,JH
vsafe-1-6-daily-dose1,JHR-18100-44317,s264239804064725508853565133598636017134,07/10/2021,Hot flush,Hot flashes,26.0,YES,NO,,04/09/2023,JH
vsafe-7-day-dose3,JH2-27178-13832,s270293708604193256260946792377307793683,09/06/2021,Chills,Chills,26.1,YES,NO,,11/03/2023,JH
vsafe-1-6-daily-dose3,JHK-62933-27691,s273015990049447719842405787140681801692,10/02/2021,Musculoskeletal stiffness,Stiffness,26.1,YES,NO,,12/07/2023,JH
vsafe-1-6-daily-dose3,JHB-21420-90490,s274682854737047641384787450318566345059,10/18/2021,Injection site discomfort,Injection site discomfort,26.1,YES,NO,,11/20/2023,JH
vsafe-1-6-daily-dose3,JHB-21420-90490,s275109056462199231592685759553293951661,10/22/2021,Myalgia,Muscle pain,26.1,YES,NO,,12/07/2023,JH
vsafe-1-6-daily-dose3,JHB-21420-90490,s275109056462199231592685759553293951661,10/22/2021,Vaccine positive rechallenge,Vaccine positive rechallenge,26.1,YES,NO,,12/07/2023,JH
vsafe-1-6-daily-dose3,JHB-21420-90490,s275219147873575528034592046707915785611,10/23/2021,Pain,Pain,26.1,YES,NO,,12/08/2023,JH
vsafe-7-day-dose3,JHB-21420-90490,s275312183416940685424422403394151052958,10/24/2021,Myalgia,Localized muscle pain,26.1,YES,NO,,12/11/2023,JH
vsafe-1-6-daily-dose2,JHA-33382-54204,s276042741839272511454610811037906794385,10/31/2021,Pain,Pain,26.1,YES,NO,,01/09/2024,JH
vsafe-1-6-daily-dose3,JHA-88169-73520,s279084305499756266136223087266416432846,11/29/2021,Lymphadenopathy,Swollen lymph nodes,26.1,YES,NO,,02/16/2024,JH
vsafe-7-day-dose1,JH3-21036-04203,s280340629878456537051737689443485228712,12/11/2021,Menstrual disorder,Menstruation abnormal,26.1,YES,NO,,01/25/2024,JH
vsafe-1-6-daily-dose3,JHX-15073-56324,s280951371819913150975020342472100989099,12/17/2021,Headache,Headache,26.1,YES,NO,,01/29/2024,JH
vsafe-7-day-dose4,JHV-33288-84966,s293678337490445627214604788993532496677,04/18/2022,SARS-CoV-2 test positive,COVID-19 virus test positive,27.0,YES,NO,,04/23/2024,JH
vsafe-7-day-dose4,JH8-21713-73190,s293690631032151489127406923184631096887,04/18/2022,Illness,Illness,27.0,YES,NO,,04/23/2024,JH
vsafe-7-day-dose4,JH8-21713-73190,s293690631032151489127406923184631096887,04/18/2022,Abdominal pain upper,Stomach ache,27.0,YES,NO,,04/23/2024,JH
vsafe-7-day-dose4,JH8-21713-73190,s293690631032151489127406923184631096887,04/18/2022,Body temperature increased,Temperature elevation,27.0,YES,NO,,04/23/2024,JH
vsafe-1-6-daily-dose4,JHA-88169-73520,s298616847948158913418377514068122197097,06/04/2022,Lymphadenopathy,Swollen lymph nodes,27.0,YES,NO,,05/28/2024,JH
vsafe-1-6-daily-dose4,JHA-88169-73520,s298716549500070530871279541177039889569,06/05/2022,Lymphadenopathy,Swollen lymph nodes,27.0,YES,NO,,05/28/2024,JH
vsafe-7-day-dose4,JHA-88169-73520,s299256009777144872061134230302929648086,06/10/2022,Feeling cold,Feeling cold,27.0,YES,NO,,05/30/2024,JH
vsafe-7-day-dose4,JHA-88169-73520,s299256009777144872061134230302929648086,06/10/2022,Poor quality sleep,Sleep unwell,27.0,YES,NO,,05/30/2024,JH
vsafe-1-6-daily-dose1,JHE-31399-19985,s244289752056714401980933522298812116027,12/31/2020,Oedema peripheral,Edema arms,25.1,YES,NO,,11/02/2022,JH
vsafe-7-day-dose1,JHL-16383-90738,s245967680777877742397048039473098194305,01/16/2021,Unevaluable event,Reaction unevaluable,25.1,YES,NO,,11/17/2022,JH
vsafe-7-day-dose2,JHP-28111-71914,s246412945586502032794711463720481597216,01/20/2021,Therapeutic response unexpected,Unexpected beneficial therapeutic response,25.1,NO,NO,05/23/2023,11/21/2022,JH
vsafe-7-day-dose2,JHP-28111-71914,s246412945586502032794711463720481597216,01/20/2021,Unevaluable event,Reaction unevaluable,26.0,YES,YES,05/23/2023,11/21/2022,JH
vsafe-1-6-daily-dose2,JHR-23117-84875,s246592362727179821201377738876244342474,01/22/2021,Dizziness,Woozy,25.1,YES,NO,,11/22/2022,JH
vsafe-1-6-daily-dose1,JHM-21143-15656,s246696644498673836062614803239116871387,01/23/2021,Self-medication,Self-medication,25.1,YES,NO,,11/22/2022,JH
vsafe-1-6-daily-dose1,JHM-21143-15656,s247009197306354373531607827187210259256,01/26/2021,Headache,Headache dull,25.1,YES,NO,,11/25/2022,JH
vsafe-1-6-daily-dose1,JHH-11169-70424,s247131761572716241551579330963909043585,01/27/2021,Abdominal discomfort,Abdominal discomfort,25.1,YES,NO,,11/28/2022,JH
vsafe-7-day-dose1,JHM-21143-15656,s247321545689960855252255027978079747619,01/29/2021,Headache,Headache,25.1,YES,NO,,11/30/2022,JH
vsafe-7-day-dose1,JHM-21143-15656,s247321545689960855252255027978079747619,01/29/2021,Pruritus,Itchy skin,25.1,YES,NO,,11/30/2022,JH
vsafe-0-day-dose1,JH3-31700-83278,s247755688155261125309365551236305782647,02/02/2021,Vertigo,Vertigo,25.1,YES,NO,,12/02/2022,JH
vsafe-0-day-dose1,JH3-31700-83278,s247755688155261125309365551236305782647,02/02/2021,Dizziness,Dizzy,25.1,NO,NO,09/14/2023,12/02/2022,JH
vsafe-0-day-dose1,JH3-31700-83278,s247755688155261125309365551236305782647,02/02/2021,Dizziness,Dizzy spells,26.1,YES,YES,09/14/2023,12/02/2022,JH
vsafe-1-6-daily-dose2,JHL-16383-90738,s248608084819318372743165236705351050821,02/10/2021,Cough,Cough,25.1,YES,NO,,12/16/2022,JH
vsafe-1-6-daily-dose2,JHR-15918-24949,s249009486415517433950384148890939687683,02/14/2021,No adverse event,No adverse reaction,25.1,YES,NO,,12/22/2022,JH
vsafe-7-day-dose2,JHH-11169-70424,s249630343793459983681895525333450016729,02/20/2021,Emergency care,Emergency care,25.1,YES,NO,,12/28/2022,JH
vsafe-7-day-dose2,JHH-11169-70424,s249630343793459983681895525333450016729,02/20/2021,Cerebrovascular accident,Stroke,25.1,YES,NO,,12/28/2022,JH
vsafe-1-6-daily-dose2,JHW-46574-45336,s250455472049161063824384199757218374737,02/28/2021,Heart rate increased,Heart rate increased,25.1,NO,NO,09/12/2024,01/05/2023,JH
vsafe-1-6-daily-dose2,JHW-46574-45336,s250455472049161063824384199757218374737,02/28/2021,Heart rate increased,Heart rate high,27.0,YES,YES,09/12/2024,01/05/2023,JH
vsafe-1-6-daily-dose1,JH6-26604-31053,s250983133451437399616063694319617983594,03/05/2021,Cough,Coughing,25.1,YES,NO,,01/09/2023,JH
vsafe-1-6-daily-dose2,JH8-31929-45837,s252438664545345067530302210581910443555,03/19/2021,Axillary pain,Armpit pain,25.1,YES,NO,,01/31/2023,JH
vsafe-1-6-daily-dose2,JH8-31929-45837,s252438664545345067530302210581910443555,03/19/2021,Chest pain,Chest pain,25.1,YES,NO,,01/31/2023,JH
vsafe-1-6-daily-dose2,JH8-31929-45837,s252856450949453394836196390980104676249,03/23/2021,Oropharyngeal pain,Sore throat,25.1,YES,NO,,02/02/2023,JH
vsafe-1-6-daily-dose2,JHZ-27300-09847,s253586388059284479768417337682330037359,03/30/2021,Bone pain,Bone pain,25.1,YES,NO,,02/10/2023,JH
vsafe-1-6-daily-dose1,JHS-12494-69729,s253588973701895480329157405474973975296,03/30/2021,Fatigue,Tiredness,25.1,YES,NO,,02/09/2023,JH
vsafe-1-6-daily-dose2,JHT-11840-82690,s253697566639796315070472836781127155214,03/31/2021,Decreased appetite,Appetite absent,25.1,YES,NO,,02/10/2023,JH
vsafe-1-6-daily-dose2,JHT-11840-82690,s253804786876044184881866586492722911862,04/01/2021,Decreased appetite,Appetite absent,25.1,YES,NO,,02/13/2023,JH
vsafe-1-6-daily-dose1,JHS-31480-06855,s255368002407566545222735351841586600978,04/16/2021,Emergency care,Emergency care,25.1,YES,NO,,02/28/2023,JH
vsafe-1-6-daily-dose1,JHS-31480-06855,s255368002407566545222735351841586600978,04/16/2021,Lymphadenopathy,Lymph nodes cervical swollen,25.1,YES,NO,,02/28/2023,JH
vsafe-1-6-daily-dose1,JHS-31480-06855,s255476790660199347586258795789713850005,04/17/2021,Unevaluable event,Reaction unevaluable,25.1,YES,NO,,03/02/2023,JH
vsafe-7-day-dose2,JHS-12494-69729,s256408082652305121165613895252154425343,04/26/2021,Brain fog,Brain fog,26.0,YES,NO,,03/24/2023,JH
vsafe-1-6-daily-dose2,JHK-29880-31998,s256728300391427968327561857032409243616,04/29/2021,Dizziness,Dizziness,25.1,YES,NO,,03/10/2023,JH
vsafe-1-6-daily-dose2,JHK-29880-31998,s256828566298373408976981815865312452875,04/30/2021,Dizziness,Dizziness,25.1,YES,NO,,03/13/2023,JH
vsafe-1-6-daily-dose2,JHK-29880-31998,s256933943936450672789609794834006712358,05/01/2021,Dizziness,Dizziness,25.1,YES,NO,,03/13/2023,JH
vsafe-7-day-dose1,JHJ-16960-96103,s257563887636216901094664727475744596644,05/07/2021,Dizziness,Dizziness,26.0,YES,NO,,03/16/2023,JH
vsafe-1-6-daily-dose2,JHX-68248-11448,s260183437225069357257711165065512248978,06/01/2021,Hypersomnia,Sleep excessive,26.0,YES,NO,,03/31/2023,JH
vsafe-1-6-daily-dose2,JHX-68248-11448,s260376443842018427077208305326252241429,06/03/2021,Fatigue,Fatigue,26.0,YES,NO,,04/02/2023,JH
vsafe-1-6-daily-dose2,JHX-68248-11448,s260376443842018427077208305326252241429,06/03/2021,Fatigue,Tiredness,26.0,YES,NO,,04/02/2023,JH
vsafe-1-6-daily-dose3,JHC-17023-90397,s273331588956874840576006590205738513559,10/05/2021,No adverse event,No adverse reaction,26.1,YES,NO,,10/27/2023,JH
vsafe-1-6-daily-dose3,JH7-16427-06618,s273760136070523596645960703093414444597,10/09/2021,Respiratory tract congestion,Respiratory tract congestion,26.1,YES,NO,,11/08/2023,JH
vsafe-7-day-dose3,JHZ-27300-09847,s275831014114477576353881508946830296484,10/29/2021,Arthralgia,Pain in joint involving hand,26.1,YES,NO,,01/08/2024,JH
vsafe-1-6-daily-dose3,JHW-46574-45336,s277617471668204976188401706577043275407,11/15/2021,Heart rate increased,Heart rate increased,26.1,YES,NO,,01/12/2024,JH
vsafe-1-6-daily-dose3,JHV-21974-33596,s284197143784186218433483565390285683348,01/17/2022,Lymphadenopathy,Axillary lymph nodes enlarged,27.0,YES,NO,,08/29/2024,JH
vsafe-1-6-daily-dose3,JHV-21974-33596,s284197143784186218433483565390285683348,01/17/2022,Pain in extremity,Pain in arm,27.0,YES,NO,,08/29/2024,JH
vsafe-1-6-daily-dose3,JHV-21974-33596,s284197143784186218433483565390285683348,01/17/2022,Lymph node pain,Lymph node pain,27.0,YES,NO,,08/29/2024,JH
vsafe-1-6-daily-dose3,JHV-21974-33596,s284293876724790916307508706894687129612,01/18/2022,Lymphadenopathy,Swollen lymph nodes,27.0,YES,NO,,08/29/2024,JH
vsafe-1-6-daily-dose3,JHV-21974-33596,s284293876724790916307508706894687129612,01/18/2022,Lymph node pain,Lymph node pain,27.0,YES,NO,,08/29/2024,JH
vsafe-1-6-daily-dose3,JHV-21974-33596,s284293876724790916307508706894687129612,01/18/2022,Throat irritation,Scratchy throat,27.0,YES,NO,,08/29/2024,JH
vsafe-1-6-daily-dose3,JHV-21974-33596,s284399945545514424374073247254092327220,01/19/2022,Lymphadenopathy,Swollen lymph nodes,27.0,YES,NO,,08/30/2024,JH
vsafe-1-6-daily-dose3,JHV-21974-33596,s284399945545514424374073247254092327220,01/19/2022,Cough,Coughing,27.0,YES,NO,,08/30/2024,JH
vsafe-1-6-daily-dose3,JHV-21974-33596,s284510224552106969600335145004408954261,01/20/2022,Cough,Cough,26.1,YES,NO,,02/21/2024,JH
vsafe-7-day-dose3,JHV-21974-33596,s284609038495042744103250383640336154177,01/21/2022,Cough,Coughing,26.1,YES,NO,,02/22/2024,JH
vsafe-1-6-daily-dose4,JHW-46574-45336,s297662683847737532452471565783772319074,05/26/2022,Injection site erythema,Injection site redness,27.0,YES,NO,,05/21/2024,JH
vsafe-7-day-dose4,JH8-31929-45837,s311943135979105125535092556611682203176,10/10/2022,Nasopharyngitis,Head cold,27.0,YES,NO,,07/02/2024,JH
vsafe-1-6-daily-dose5,JHE-29339-84295,s312705617918593445226014389283383307618,10/17/2022,Skin exfoliation,Skin peeling,27.0,YES,NO,,07/08/2024,JH
vsafe-1-6-daily-dose1,JH3-90826-69486,s245443929874686735199743368648750447447,01/11/2021,Dizziness,Dizzy,25.1,YES,NO,,11/10/2022,JH
vsafe-1-6-daily-dose1,JH3-90826-69486,s245571424130850211519842596625979180394,01/12/2021,Dizziness,Dizzy,25.1,YES,NO,,11/11/2022,JH
vsafe-7-day-dose1,JH3-90826-69486,s245663292647335782891581712016939326855,01/13/2021,Dizziness,Dizzy,25.1,YES,NO,,11/14/2022,JH
vsafe-1-6-daily-dose2,JHP-14645-93040,s245759148882271074215561513047715138865,01/14/2021,Lymphadenopathy,Lymphadenopathy axillary,25.1,YES,NO,,11/15/2022,JH
vsafe-1-6-daily-dose2,JHP-14645-93040,s245759148882271074215561513047715138865,01/14/2021,Lymph node pain,Lymph node tenderness,25.1,YES,YES,12/09/2022,11/15/2022,JH
vsafe-1-6-daily-dose1,JHH-32277-61018,s245981840019779501864538307201617004403,01/16/2021,Oropharyngeal pain,Sore throat,25.1,YES,NO,,11/16/2022,JH
vsafe-1-6-daily-dose1,JHH-32277-61018,s245981840019779501864538307201617004403,01/16/2021,Dysphonia,Hoarseness,25.1,YES,NO,,11/16/2022,JH
vsafe-7-day-dose1,JH9-14687-06697,s246002218032395208563674872467837063579,01/16/2021,Rhinorrhoea,Runny nose,25.1,YES,NO,,11/17/2022,JH
vsafe-7-day-dose1,JH9-14687-06697,s246002218032395208563674872467837063579,01/16/2021,Eye pruritus,Itchy eyes,25.1,YES,NO,,11/17/2022,JH
vsafe-7-day-dose1,JH9-14687-06697,s246002218032395208563674872467837063579,01/16/2021,Lacrimation increased,Watering eyes,25.1,YES,NO,,11/17/2022,JH
vsafe-0-day-dose1,JHQ-39921-72922,s246179917173214837487285584990126656063,01/18/2021,No adverse event,No adverse reaction,25.1,YES,NO,,11/18/2022,JH
vsafe-1-6-daily-dose1,JHT-88433-73139,s246712741517196439175545088063870479527,01/23/2021,Muscle spasms,Muscle spasms,25.1,YES,NO,,11/22/2022,JH
vsafe-0-day-dose1,JHA-39609-37894,s247118047487587985388242779406376555007,01/27/2021,Unevaluable event,Unevaluable event,25.1,NO,NO,05/12/2023,11/27/2022,JH
vsafe-0-day-dose1,JHA-39609-37894,s247118047487587985388242779406376555007,01/27/2021,Adverse reaction,Adverse reaction,26.0,YES,YES,05/12/2023,11/27/2022,JH
vsafe-1-6-daily-dose2,JHM-13680-71449,s247228184061001326738071245016441441961,01/28/2021,Rhinorrhoea,Nasal discharge,25.1,YES,NO,,11/29/2022,JH
vsafe-1-6-daily-dose1,JHA-39609-37894,s247430021979352640238012844709467817956,01/30/2021,Pre-existing disease,Pre-existing disease,25.1,YES,NO,,11/30/2022,JH
vsafe-1-6-daily-dose1,JHA-39609-37894,s247430021979352640238012844709467817956,01/30/2021,Stress,Stress,25.1,YES,NO,,11/30/2022,JH
vsafe-1-6-daily-dose2,JHE-24683-01780,s247850177850078582541131835032681994404,02/03/2021,Dizziness,Light-headed,25.1,YES,NO,,12/06/2022,JH
vsafe-7-day-dose1,JH5-16688-16828,s247820885562219084520902827558895759596,02/03/2021,COVID-19,COVID-19,25.1,YES,NO,,12/06/2022,JH
vsafe-1-6-daily-dose2,JHE-24683-01780,s247950871314116115290821076440389954632,02/04/2021,Chest pain,Chest pain,25.1,YES,NO,,12/07/2022,JH
vsafe-1-6-daily-dose2,JHE-24683-01780,s247950871314116115290821076440389954632,02/04/2021,Chest discomfort,Chest tightness,25.1,YES,NO,,12/07/2022,JH
vsafe-1-6-daily-dose2,JHE-24683-01780,s248053225044597364474312058918872464799,02/05/2021,Dizziness,Dizziness,25.1,YES,NO,,12/08/2022,JH
vsafe-1-6-daily-dose1,JH2-46647-74986,s249832082984005629672795656522274880046,02/22/2021,Feeling cold,Feeling cold,25.1,YES,NO,,12/29/2022,JH
vsafe-1-6-daily-dose1,JH2-46647-74986,s249832082984005629672795656522274880046,02/22/2021,Chills,Chills,25.1,YES,NO,,12/29/2022,JH
vsafe-1-6-daily-dose1,JH2-46647-74986,s249832082984005629672795656522274880046,02/22/2021,Pain in extremity,Leg pain,25.1,YES,NO,,12/29/2022,JH
vsafe-1-6-daily-dose1,JH2-46647-74986,s249832082984005629672795656522274880046,02/22/2021,Headache,Headache,25.1,YES,NO,,12/29/2022,JH
vsafe-1-6-daily-dose1,JHZ-11937-65882,s251192508815063144328727651418347550367,03/07/2021,Oropharyngeal pain,Sore throat,25.1,YES,NO,,01/10/2023,JH
vsafe-1-6-daily-dose2,JHJ-32273-90730,s251825106050897321939157350550380134162,03/13/2021,Constipation,Constipation,25.1,YES,NO,,01/24/2023,JH
vsafe-1-6-daily-dose1,JH9-30756-91211,s251817612366111044806695371445444966723,03/13/2021,Pre-existing disease,Pre-existing disease,25.1,YES,NO,,01/24/2023,JH
vsafe-1-6-daily-dose2,JH2-46647-74986,s251913307659077002497980447871082336212,03/14/2021,Fatigue,Tiredness,25.1,YES,NO,,01/25/2023,JH
vsafe-1-6-daily-dose1,JH6-32783-71957,s252244924198721132965201618127276365347,03/17/2021,Dry mouth,Dry mouth,25.1,YES,NO,,01/27/2023,JH
vsafe-1-6-daily-dose1,JHV-15521-47111,s252367710506190085428514355309041057881,03/18/2021,Back pain,Backache,25.1,YES,NO,,01/30/2023,JH
vsafe-1-6-daily-dose1,JHV-15521-47111,s252367710506190085428514355309041057881,03/18/2021,Injection site pain,Pain injection site,25.1,YES,NO,,01/30/2023,JH
vsafe-1-6-daily-dose1,JHV-15521-47111,s252367710506190085428514355309041057881,03/18/2021,Fatigue,Fatigue,25.1,YES,NO,,01/30/2023,JH
vsafe-1-6-daily-dose1,JHP-23104-27499,s253081305958070908522848009220340194170,03/25/2021,Feeling abnormal,Foggy feeling in head,25.1,YES,NO,,02/06/2023,JH
vsafe-1-6-daily-dose1,JHP-23104-27499,s253187133163955723170041230374042508961,03/26/2021,Feeling abnormal,Foggy feeling in head,25.1,YES,NO,,02/07/2023,JH
vsafe-7-day-dose1,JHP-23104-27499,s253706257441339131862870743576344185577,03/31/2021,Lymph node pain,Lymph node pain,25.1,YES,NO,,02/12/2023,JH
vsafe-7-day-dose1,JHP-23104-27499,s253706257441339131862870743576344185577,03/31/2021,Axillary pain,Armpit pain,25.1,YES,NO,,02/12/2023,JH
vsafe-7-day-dose2,JH6-36764-07854,s253703782812220879334051271294371648548,03/31/2021,Chest pain,Chest pain,25.1,YES,NO,,02/13/2023,JH
vsafe-0-day-dose1,JHJ-11100-97136,s253794562978964680273905825224541763804,04/01/2021,Oropharyngeal pain,Sore throat,25.1,YES,NO,,02/13/2023,JH
vsafe-0-day-dose1,JHJ-11100-97136,s253794562978964680273905825224541763804,04/01/2021,Paraesthesia oral,Tingling lips,25.1,YES,NO,,02/13/2023,JH
vsafe-0-day-dose1,JHJ-11100-97136,s253794562978964680273905825224541763804,04/01/2021,Paraesthesia oral,Tingling tongue,25.1,YES,NO,,02/13/2023,JH
vsafe-1-6-daily-dose1,JHV-23918-43194,s253799300896737310358540470811106125667,04/01/2021,Disorientation,Disorientated,25.1,YES,NO,,02/13/2023,JH
vsafe-1-6-daily-dose1,JHV-23918-43194,s253799300896737310358540470811106125667,04/01/2021,Disturbance in attention,Attention concentration difficulty,25.1,YES,NO,,02/13/2023,JH
vsafe-1-6-daily-dose1,JHV-23918-43194,s253799300896737310358540470811106125667,04/01/2021,Paraesthesia,Tingling sensation,25.1,YES,NO,,02/13/2023,JH
vsafe-1-6-daily-dose1,JHJ-11100-97136,s253904451913302709800681697455114978784,04/02/2021,Oropharyngeal pain,Sore throat,25.1,YES,NO,,02/14/2023,JH
vsafe-1-6-daily-dose1,JHJ-11100-97136,s254006723652461743451063129003078103329,04/03/2021,Oropharyngeal pain,Sore throat,25.1,YES,NO,,02/14/2023,JH
vsafe-1-6-daily-dose1,JHF-21598-23480,s254109689940682442727171534681153368874,04/04/2021,Epistaxis,Bleeding nose,25.1,YES,NO,,02/15/2023,JH
vsafe-1-6-daily-dose1,JHF-21598-23480,s254109689940682442727171534681153368874,04/04/2021,Rhinorrhoea,Runny nose,25.1,YES,NO,,02/15/2023,JH
vsafe-1-6-daily-dose1,JHF-21598-23480,s254217153644156112797875535330247630276,04/05/2021,Rhinorrhoea,Runny nose,25.1,YES,NO,,02/16/2023,JH
vsafe-1-6-daily-dose1,JHF-21598-23480,s254319651076032122618624926340367388763,04/06/2021,Rhinorrhoea,Runny nose,25.1,YES,NO,,02/16/2023,JH
vsafe-1-6-daily-dose1,JHF-21598-23480,s254433261529090008100605679863205645992,04/07/2021,Rhinorrhoea,Runny nose,25.1,YES,NO,,02/17/2023,JH
vsafe-7-day-dose1,JHG-26309-10830,s254631149215004327695838076120567826862,04/09/2021,Myalgia,Muscle ache,25.1,YES,NO,,02/22/2023,JH
vsafe-7-day-dose1,JHG-26309-10830,s254631149215004327695838076120567826862,04/09/2021,Pain,Generalized aching,25.1,YES,NO,,02/22/2023,JH
vsafe-1-6-daily-dose2,JHV-15521-47111,s255689433882162007602840554476707395228,04/19/2021,Gastrointestinal disorder,Disorder gastrointestinal,25.1,YES,NO,,03/03/2023,JH
vsafe-1-6-daily-dose2,JHE-20039-25254,s255898761002942644034458944001349924376,04/21/2021,Gout,Gout aggravated,25.1,YES,NO,,03/06/2023,JH
vsafe-1-6-daily-dose2,JHE-20039-25254,s255898761002942644034458944001349924376,04/21/2021,Pre-existing disease,Pre-existing disease,25.1,YES,NO,,03/06/2023,JH
vsafe-1-6-daily-dose2,JHE-20039-25254,s256213432671157376839684522514261388876,04/24/2021,Mobility decreased,Mobility decreased,25.1,YES,NO,,03/08/2023,JH
vsafe-1-6-daily-dose2,JHE-20039-25254,s256213432671157376839684522514261388876,04/24/2021,Gout,Gout,25.1,YES,NO,,03/08/2023,JH
vsafe-1-6-daily-dose2,JHE-20039-25254,s256213432671157376839684522514261388876,04/24/2021,Poor quality sleep,Poor quality sleep,25.1,YES,NO,,03/08/2023,JH
vsafe-1-6-daily-dose2,JHP-23104-27499,s256234613738436307247434221353624582607,04/24/2021,Injection site rash,Rash injection site,25.1,YES,NO,,03/08/2023,JH
vsafe-1-6-daily-dose2,JHV-15521-47111,s256195907229995484276525217547268303437,04/24/2021,Musculoskeletal stiffness,Neck stiffness,25.1,YES,NO,,03/08/2023,JH
vsafe-7-day-dose2,JHV-15521-47111,s256300356156283554692934440729013057221,04/25/2021,Musculoskeletal stiffness,Stiff neck,25.1,YES,NO,,03/09/2023,JH
vsafe-1-6-daily-dose2,JHC-15524-79544,s257463840925690081491105245786804984054,05/06/2021,Musculoskeletal stiffness,Stiff neck,25.1,YES,NO,,03/15/2023,JH
vsafe-0-day-dose1,JHW-30889-05326,s257655304800712122951952411550361977328,05/08/2021,Throat irritation,Scratchy throat,26.0,YES,NO,,03/16/2023,JH
vsafe-0-day-dose1,JHW-30889-05326,s257655304800712122951952411550361977328,05/08/2021,Heart rate increased,Heartbeats increased,26.0,YES,NO,,03/16/2023,JH
vsafe-1-6-daily-dose1,JHW-30889-05326,s257773016416743586287263404616751689800,05/09/2021,Heart rate increased,Heartbeats increased,26.0,YES,NO,,03/17/2023,JH
vsafe-1-6-daily-dose1,JHW-30889-05326,s257875383218425376926480394737494441430,05/10/2021,Abdominal distension,Swollen abdomen,26.0,YES,NO,,03/17/2023,JH
vsafe-1-6-daily-dose1,JHW-30889-05326,s257875383218425376926480394737494441430,05/10/2021,Abdominal pain upper,Pain right upper quadrant,26.0,YES,NO,,03/17/2023,JH
vsafe-1-6-daily-dose1,JHW-30889-05326,s257875383218425376926480394737494441430,05/10/2021,Abdominal pain upper,Left upper quadrant pain,26.0,YES,NO,,03/17/2023,JH
vsafe-1-6-daily-dose1,JHW-30889-05326,s257875383218425376926480394737494441430,05/10/2021,Pre-existing disease,Pre-existing disease,26.0,YES,NO,,03/17/2023,JH
vsafe-1-6-daily-dose1,JHW-30889-05326,s257875383218425376926480394737494441430,05/10/2021,Pain,Pain aggravated,26.0,YES,NO,,03/17/2023,JH
vsafe-1-6-daily-dose1,JHW-30889-05326,s257983914174093995158870191464287705212,05/11/2021,Oropharyngeal pain,Sore throat,26.0,YES,NO,,03/20/2023,JH
vsafe-1-6-daily-dose1,JHW-30889-05326,s257983914174093995158870191464287705212,05/11/2021,Fatigue,Fatigue,26.0,YES,NO,,03/20/2023,JH
vsafe-1-6-daily-dose1,JHW-30889-05326,s258088304040213019957442324459103612199,05/12/2021,Dyspnoea,Shortness of breath,26.0,YES,NO,,03/20/2023,JH
vsafe-7-day-dose1,JHW-30889-05326,s258415475563061186115678212838499450425,05/15/2021,Dizziness,Dizzy spells,26.0,YES,NO,,03/22/2023,JH
vsafe-0-day-dose2,JHW-30889-05326,s260581116371512640744408964001669223773,06/05/2021,Heart rate increased,Heartbeats increased,26.0,YES,NO,,04/03/2023,JH
vsafe-1-6-daily-dose2,JHW-30889-05326,s260790506828995896795710278835097997494,06/07/2021,Cough,Coughing,26.0,YES,NO,,04/03/2023,JH
vsafe-1-6-daily-dose2,JHW-30889-05326,s260906877318431344496871565468564651023,06/08/2021,Cough,Coughing,26.0,YES,NO,,04/03/2023,JH
vsafe-1-6-daily-dose2,JHW-30889-05326,s261005529231683086846907145823191737778,06/09/2021,Cough,Coughing,26.0,YES,NO,,04/04/2023,JH
vsafe-1-6-daily-dose2,JHW-30889-05326,s261208594988601567853806472246845901262,06/11/2021,Chest pain,Chest pain,26.0,YES,NO,,04/04/2023,JH
vsafe-1-6-daily-dose2,JHW-30889-05326,s261208594988601567853806472246845901262,06/11/2021,Cough,Coughing,26.0,YES,NO,,04/04/2023,JH
vsafe-7-day-dose2,JHW-30889-05326,s261334876195742644116104528095448047671,06/12/2021,Chest pain,Chest pain,26.0,YES,NO,,04/04/2023,JH
vsafe-7-day-dose2,JHW-30889-05326,s261334876195742644116104528095448047671,06/12/2021,Cough,Coughing,26.0,YES,NO,,04/04/2023,JH
vsafe-0-day-dose3,JHA-39609-37894,s273452863523356079722833375914575411318,10/06/2021,Muscle spasms,Charley horse,26.1,YES,NO,,10/30/2023,JH
vsafe-0-day-dose3,JHT-88433-73139,s275531938163954960171632912351384761275,10/26/2021,Sinus congestion,Sinus congestion,26.1,YES,NO,,12/29/2023,JH
vsafe-1-6-daily-dose3,JHT-88433-73139,s275740951537137437950835380700656081597,10/28/2021,Hypersomnia,Sleep excessive,26.1,YES,NO,,01/04/2024,JH
vsafe-7-day-dose1-dep,JHK-20521-57912,s278145087846274196977689451639377412606,11/20/2021,Respiratory tract congestion,Respiratory tract congestion,26.1,YES,NO,,01/30/2024,JH
vsafe-1-6-daily-dose2-dep,JHK-20521-57912,s279722443390215342789570684576550497257,12/05/2021,Respiratory tract congestion,Respiratory tract congestion,26.1,YES,NO,,01/22/2024,JH
vsafe-1-6-daily-dose5,JHQ-39921-72922,s312491890262203805679015944522197284697,10/15/2022,Pain in extremity,Pain in arm,27.0,YES,NO,,07/05/2024,JH
vsafe-1-6-daily-dose4,JH8-33355-93204,s316083018523751096165286355716771831003,11/18/2022,Pregnancy,Pregnancy,27.0,YES,NO,,07/22/2024,JH
vsafe-7-day-dose4,JH8-33355-93204,s316260582810468665747389395553535851156,11/20/2022,Pregnancy,Pregnancy,27.0,YES,NO,,07/23/2024,JH
vsafe-1-6-daily-dose1,JH6-97570-47564,s243589572138263613261254435210344986085,12/24/2020,Nasal congestion,Nasal stuffiness,25.1,YES,NO,,10/25/2022,JH
vsafe-1-6-daily-dose1,JH6-97570-47564,s243684896871227596586935699107339715896,12/25/2020,Rhinorrhoea,Runny nose,25.1,YES,NO,,10/26/2022,JH
vsafe-1-6-daily-dose1,JH6-97570-47564,s243880558201100364833689384200962737242,12/27/2020,Nasal congestion,Nasal stuffiness,25.1,YES,NO,,10/27/2022,JH
vsafe-1-6-daily-dose1,JH6-97570-47564,s243984900629049760002928599008849611645,12/28/2020,Cough,Cough,25.1,YES,NO,,10/28/2022,JH
vsafe-7-day-dose1,JH6-97570-47564,s244090290612986743644664579791212166645,12/29/2020,Dyspnoea,Short of breath,25.1,YES,NO,,10/31/2022,JH
vsafe-7-day-dose1,JH6-97570-47564,s244090290612986743644664579791212166645,12/29/2020,Hospitalisation,Hospitalization,25.1,YES,NO,,10/31/2022,JH
vsafe-0-day-dose1,JH6-16358-31309,s244196515683549934305048921444228684674,12/30/2020,Pain in extremity,Pain in arm,25.1,YES,NO,,10/31/2022,JH
vsafe-1-6-daily-dose1,JHK-21626-05591,s245453842963241872692635027439260140877,01/11/2021,Tension,Tension,25.1,YES,NO,,11/10/2022,JH
vsafe-1-6-daily-dose2,JHM-28205-26226,s246295781353172985705132617299101643672,01/19/2021,Oropharyngeal pain,Sore throat,25.1,YES,NO,,11/18/2022,JH
vsafe-1-6-daily-dose2,JHM-28205-26226,s246295781353172985705132617299101643672,01/19/2021,Rhinorrhoea,Runny nose,25.1,YES,NO,,11/18/2022,JH
vsafe-7-day-dose1,JH6-66704-10853,s246468577087742428446194530117342609476,01/21/2021,Urticaria,Hives,25.1,YES,NO,,11/21/2022,JH
vsafe-7-day-dose1,JHU-13339-94854,s246492022832846901901163010663792699691,01/21/2021,Myalgia,Myalgia,25.1,YES,NO,,11/21/2022,JH
vsafe-0-day-dose1,JH8-25642-34012,s246607981680990078601111635030803352230,01/22/2021,Supraventricular tachycardia,Supraventricular tachycardia,25.1,YES,NO,,11/21/2022,JH
vsafe-1-6-daily-dose1,JH2-78841-87801,s246604089879991897264357119174378159153,01/22/2021,Fatigue,Fatigue,25.1,YES,NO,,11/22/2022,JH
vsafe-1-6-daily-dose1,JH8-25642-34012,s246707535298102672116069428738185103890,01/23/2021,Sensitive skin,Hypersensitive skin,25.1,YES,NO,,11/22/2022,JH
vsafe-7-day-dose1,JHM-22015-84431,s248266328884078793737698328552252536424,02/07/2021,Arthralgia,Knee pain,25.1,NO,NO,09/10/2024,12/12/2022,JH
vsafe-7-day-dose1,JHM-22015-84431,s248266328884078793737698328552252536424,02/07/2021,Arthralgia,Shoulder pain,25.1,YES,NO,,12/12/2022,JH
vsafe-7-day-dose1,JHM-22015-84431,s248266328884078793737698328552252536424,02/07/2021,Arthralgia,Pain in knee,27.0,YES,YES,09/10/2024,12/12/2022,JH
vsafe-7-day-dose1,JHM-22015-84431,s248266328884078793737698328552252536424,02/07/2021,Neck pain,Pain neck,27.0,YES,YES,09/10/2024,12/12/2022,JH
vsafe-1-6-daily-dose2,JH8-12105-75670,s248586191518310230504094452860421057386,02/10/2021,Oropharyngeal pain,Sore throat,25.1,YES,NO,,12/16/2022,JH
vsafe-1-6-daily-dose2,JH2-78841-87801,s248703678406199103664359820392858839912,02/11/2021,Chest pain,Pain chest,25.1,YES,NO,,12/19/2022,JH
vsafe-1-6-daily-dose2,JH2-78841-87801,s248703678406199103664359820392858839912,02/11/2021,Back pain,Pain back,25.1,YES,NO,,12/19/2022,JH
vsafe-1-6-daily-dose2,JH2-78841-87801,s248799291522528048971133312694533889410,02/12/2021,Arthralgia,Shoulder pain,25.1,YES,NO,,12/20/2022,JH
vsafe-1-6-daily-dose2,JH2-78841-87801,s248799291522528048971133312694533889410,02/12/2021,Lymphadenopathy,Axillary lymph nodes enlarged,25.1,YES,NO,,12/20/2022,JH
vsafe-1-6-daily-dose2,JHU-13339-94854,s248785860246702012315644964085523182906,02/12/2021,Hyperhidrosis,Excess sweating,25.1,YES,NO,,12/20/2022,JH
vsafe-1-6-daily-dose2,JH2-78841-87801,s248891987632803590595344318918235451510,02/13/2021,Lymphadenopathy,Axillary lymph nodes enlarged,25.1,YES,NO,,12/21/2022,JH
vsafe-1-6-daily-dose2,JH2-78841-87801,s248891987632803590595344318918235451510,02/13/2021,Lymph node pain,Lymph node tenderness,25.1,YES,NO,,12/21/2022,JH
vsafe-1-6-daily-dose2,JH2-78841-87801,s248995109671334755199070303881202907691,02/14/2021,Lymphadenopathy,Axillary lymph nodes enlarged,25.1,YES,NO,,12/22/2022,JH
vsafe-1-6-daily-dose2,JHU-13339-94854,s249006098976427633156937691252973565797,02/14/2021,Neck pain,Neck pain,25.1,YES,NO,,12/22/2022,JH
vsafe-7-day-dose2,JH2-78841-87801,s249113638394731016795227547968494801170,02/15/2021,Lymphadenopathy,Axillary lymph nodes enlarged,25.1,YES,NO,,12/23/2022,JH
vsafe-1-6-daily-dose2,JHU-13339-94854,s249099693331820765246566604308994510810,02/15/2021,Neck pain,Neck pain,25.1,YES,NO,,12/22/2022,JH
vsafe-1-6-daily-dose2,JHU-15581-46865,s249214081496984178199603175953510566465,02/16/2021,Urticaria,Hives,25.1,YES,NO,,12/23/2022,JH
vsafe-1-6-daily-dose2,JHU-15581-46865,s249214081496984178199603175953510566465,02/16/2021,Urticaria,Welts,25.1,YES,NO,,12/23/2022,JH
vsafe-1-6-daily-dose2,JHU-15581-46865,s249311547980895767236609649927122485710,02/17/2021,Rash,Rash all over,25.1,YES,NO,,12/24/2022,JH
vsafe-1-6-daily-dose2,JHY-27065-18080,s249516224737835418494721623918587331363,02/19/2021,Chills,Chills,25.1,YES,NO,,12/28/2022,JH
vsafe-1-6-daily-dose2,JHY-27065-18080,s249516224737835418494721623918587331363,02/19/2021,Hyperhidrosis,Sweating,25.1,YES,NO,,12/28/2022,JH
vsafe-1-6-daily-dose2,JHU-16393-50398,s250558517458033321070783082815692630218,03/01/2021,Fatigue,Tiredness,25.1,YES,NO,,01/05/2023,JH
vsafe-7-day-dose2,JHM-22015-84431,s251175822377184992466454527170862264638,03/07/2021,Headache,Headache,25.1,YES,NO,,01/11/2023,JH
vsafe-7-day-dose2,JHM-22015-84431,s251175822377184992466454527170862264638,03/07/2021,Chillblains,Chillblains,25.1,YES,NO,,01/11/2023,JH
vsafe-7-day-dose2,JHM-22015-84431,s251175822377184992466454527170862264638,03/07/2021,Fatigue,Fatigue,25.1,YES,NO,,01/11/2023,JH
vsafe-7-day-dose2,JHM-22015-84431,s251175822377184992466454527170862264638,03/07/2021,Malaise,Feeling sick,25.1,YES,NO,,01/11/2023,JH
vsafe-1-6-daily-dose1,JHU-21996-16444,s251199242439794469046398480440181262465,03/07/2021,Myalgia,Pain muscle,25.1,YES,NO,,01/10/2023,JH
vsafe-0-day-dose1,JHQ-27079-95510,s251837182957991985745140247498108585731,03/13/2021,No adverse event,No adverse reaction,25.1,YES,NO,,01/24/2023,JH
vsafe-1-6-daily-dose1,JH3-71387-76081,s252347327896376862445449683471841293447,03/18/2021,Arthralgia,Shoulder pain,25.1,YES,NO,,01/30/2023,JH
vsafe-7-day-dose1,JHK-15578-51136,s252750990004447910523640316867566505845,03/22/2021,Pulmonary congestion,Lung congestion,25.1,YES,NO,,02/02/2023,JH
vsafe-0-day-dose1,JHY-33231-06262,s253187469557564222968740674769248734036,03/26/2021,Dysgeusia,Taste metallic,25.1,YES,NO,,02/06/2023,JH
vsafe-0-day-dose1,JH6-23129-23952,s254338277785455965748487016077977061737,04/06/2021,Feeling hot,Feeling of warmth,25.1,YES,NO,,02/16/2023,JH
vsafe-0-day-dose1,JH6-23129-23952,s254338277785455965748487016077977061737,04/06/2021,Pain in extremity,Pain in arm,25.1,YES,NO,,02/16/2023,JH
vsafe-0-day-dose1,JH6-23129-23952,s254338277785455965748487016077977061737,04/06/2021,Arthralgia,Pain in elbow,25.1,YES,NO,,02/16/2023,JH
vsafe-0-day-dose1,JH6-23129-23952,s254338277785455965748487016077977061737,04/06/2021,Pre-existing disease,Pre-existing disease,25.1,YES,NO,,02/16/2023,JH
vsafe-1-6-daily-dose1,JH6-23129-23952,s254454472153078799969586898527236785942,04/07/2021,Dizziness,Light-headed,25.1,YES,NO,,02/17/2023,JH
vsafe-1-6-daily-dose1,JH6-23129-23952,s254454472153078799969586898527236785942,04/07/2021,Nausea,Nauseous,25.1,YES,NO,,02/17/2023,JH
vsafe-1-6-daily-dose1,JH6-23129-23952,s254454472153078799969586898527236785942,04/07/2021,Fatigue,Tiredness,25.1,YES,NO,,02/17/2023,JH
vsafe-1-6-daily-dose1,JH6-23129-23952,s254454472153078799969586898527236785942,04/07/2021,Sleep deficit,Sleep deficit,25.1,YES,NO,,02/17/2023,JH
vsafe-1-6-daily-dose1,JH6-23129-23952,s254454472153078799969586898527236785942,04/07/2021,Yawning,Yawning,25.1,YES,NO,,02/17/2023,JH
vsafe-1-6-daily-dose1,JH6-23129-23952,s254558642273416404776271425370579437864,04/08/2021,Tenderness,Tenderness,25.1,YES,NO,,02/20/2023,JH
vsafe-1-6-daily-dose1,JH6-23129-23952,s254663995752942342525962672653858435482,04/09/2021,Fatigue,Tiredness,25.1,YES,NO,,02/21/2023,JH
vsafe-1-6-daily-dose1,JH6-23129-23952,s254663995752942342525962672653858435482,04/09/2021,Insomnia,Difficulty sleeping,25.1,YES,NO,,02/21/2023,JH
vsafe-1-6-daily-dose1,JH6-23129-23952,s254752156874168670104964745890414332286,04/10/2021,Nausea,Nauseous,25.1,YES,NO,,02/22/2023,JH
vsafe-1-6-daily-dose1,JH6-23129-23952,s254752156874168670104964745890414332286,04/10/2021,Rash,Hand rash,25.1,YES,NO,,02/22/2023,JH
vsafe-1-6-daily-dose1,JH6-23129-23952,s254873790384414612087316450888410338552,04/11/2021,Dizziness,Light headedness,25.1,YES,NO,,02/23/2023,JH
vsafe-7-day-dose1,JH6-23129-23952,s255093345483792798304179097830693713765,04/13/2021,Feeling of body temperature change,Feeling hot and cold,25.1,YES,NO,,02/27/2023,JH
vsafe-7-day-dose2,JHH-28201-41529,s255177362920111405902516740726492658467,04/14/2021,Dizziness,Dizziness,25.1,YES,NO,,02/27/2023,JH
vsafe-1-6-daily-dose2,JHJ-13406-61091,s255997104021401068621054181045036574311,04/22/2021,Constipation,Constipation,25.1,YES,NO,,03/07/2023,JH
vsafe-1-6-daily-dose2,JHB-13512-10866,s256214620387100496291988361811690429885,04/24/2021,Back pain,Back pain,25.1,YES,NO,,03/08/2023,JH
vsafe-1-6-daily-dose2,JHB-13512-10866,s256214620387100496291988361811690429885,04/24/2021,Arthralgia,Shoulder pain,25.1,YES,NO,,03/08/2023,JH
vsafe-1-6-daily-dose2,JHB-13512-10866,s256214620387100496291988361811690429885,04/24/2021,Self-medication,Self-medication,25.1,YES,NO,,03/08/2023,JH
vsafe-1-6-daily-dose2,JHB-13512-10866,s256311854990083643081988269629665610750,04/25/2021,Back pain,Back pain,25.1,YES,NO,,03/09/2023,JH
vsafe-1-6-daily-dose2,JHJ-13406-61091,s256305810987844830937168192906879202501,04/25/2021,Constipation,Constipation,25.1,YES,NO,,03/09/2023,JH
vsafe-1-6-daily-dose2,JHB-13512-10866,s256416761398393710287433479963038892314,04/26/2021,Injection site pain,Pain injection site,26.0,YES,NO,,03/09/2023,JH
vsafe-7-day-dose2,JHB-13512-10866,s256847211774839211573161886263808756654,04/30/2021,Vertigo,Vertigo,25.1,YES,NO,,03/13/2023,JH
vsafe-0-day-dose2,JH6-23129-23952,s257364557926155819938727028495347220717,05/05/2021,Feeling cold,Feeling cold,26.0,YES,NO,,03/15/2023,JH
vsafe-0-day-dose2,JH6-23129-23952,s257364557926155819938727028495347220717,05/05/2021,Respiratory tract congestion,Respiratory tract congestion,26.0,YES,NO,,03/15/2023,JH
vsafe-0-day-dose2,JH6-23129-23952,s257364557926155819938727028495347220717,05/05/2021,Hypersensitivity,Allergy,26.0,YES,NO,,03/15/2023,JH
vsafe-1-6-daily-dose2,JH6-23129-23952,s257767695425300560092088897753959806198,05/09/2021,Adverse reaction,Adverse reaction,26.0,NO,NO,09/20/2024,03/17/2023,JH
vsafe-1-6-daily-dose2,JH6-23129-23952,s257767695425300560092088897753959806198,05/09/2021,Impaired healing,Healing delayed,27.0,YES,YES,09/20/2024,03/17/2023,JH
vsafe-1-6-daily-dose2,JH6-23129-23952,s257767695425300560092088897753959806198,05/09/2021,Scratch,Scratch,27.0,YES,YES,09/20/2024,03/17/2023,JH
vsafe-1-6-daily-dose2,JH6-23129-23952,s257912837663235745707932418368764248198,05/10/2021,Oral herpes,Fever blister,26.0,YES,NO,,03/28/2023,JH
vsafe-7-day-dose2,JH6-23129-23952,s258101397541268676399330357804075251581,05/12/2021,Dizziness,Dizzy spells,26.0,YES,NO,,03/28/2023,JH
vsafe-1-6-daily-dose3,JHU-13339-94854,s271653041784554729041358315480981091857,09/19/2021,Insomnia,Insomnia,26.1,YES,NO,,12/04/2023,JH
vsafe-1-6-daily-dose1,JHM-57677-15835,s273335536909234336136604135210579802784,10/05/2021,Dizziness,Dizzy,26.1,YES,NO,,10/26/2023,JH
vsafe-1-6-daily-dose1,JHM-57677-15835,s273335536909234336136604135210579802784,10/05/2021,Palpitations,Heart racing,26.1,YES,NO,,10/26/2023,JH
vsafe-1-6-daily-dose1,JHM-57677-15835,s273335536909234336136604135210579802784,10/05/2021,Asthenia,Feelings of weakness,26.1,YES,NO,,10/26/2023,JH
vsafe-1-6-daily-dose1,JHM-57677-15835,s273335536909234336136604135210579802784,10/05/2021,Limb discomfort,Heaviness in leg,26.1,YES,NO,,10/26/2023,JH
vsafe-1-6-daily-dose1,JHM-57677-15835,s273446532150534052291567953765255007274,10/06/2021,Pulmonary congestion,Lung congestion,26.1,YES,NO,,10/30/2023,JH
vsafe-1-6-daily-dose1,JHM-57677-15835,s273446532150534052291567953765255007274,10/06/2021,Dyspnoea,Air hunger,26.1,YES,NO,,10/30/2023,JH
vsafe-1-6-daily-dose1,JHM-57677-15835,s273446532150534052291567953765255007274,10/06/2021,Palpitations,Heart racing,26.1,YES,NO,,10/30/2023,JH
vsafe-1-6-daily-dose1,JHM-57677-15835,s273446532150534052291567953765255007274,10/06/2021,Musculoskeletal pain,Shoulder blade pain,26.1,YES,NO,,10/30/2023,JH
vsafe-1-6-daily-dose1,JHM-57677-15835,s273446532150534052291567953765255007274,10/06/2021,Sensory disturbance,Abnormal sensation of limbs,26.1,YES,NO,,10/30/2023,JH
vsafe-7-day-dose1,JHM-57677-15835,s273564382304410993563499184702041515480,10/07/2021,Spinal pain,Pain in spine,26.1,YES,NO,,11/02/2023,JH
vsafe-7-day-dose1,JHM-57677-15835,s273564382304410993563499184702041515480,10/07/2021,Dizziness,Dizzy,26.1,YES,NO,,11/02/2023,JH
vsafe-7-day-dose1,JHM-57677-15835,s273564382304410993563499184702041515480,10/07/2021,Wheezing,Wheezing,26.1,YES,NO,,11/02/2023,JH
vsafe-7-day-dose1,JHM-57677-15835,s273564382304410993563499184702041515480,10/07/2021,Oropharyngeal pain,Sore throat,26.1,YES,NO,,11/02/2023,JH
vsafe-7-day-dose1,JHM-57677-15835,s273564382304410993563499184702041515480,10/07/2021,Asthenia,Weakness generalized,26.1,YES,NO,,11/02/2023,JH
vsafe-7-day-dose1,JHM-57677-15835,s273564382304410993563499184702041515480,10/07/2021,Back pain,Low back pain,26.1,YES,NO,,11/02/2023,JH
vsafe-7-day-dose1,JHM-57677-15835,s273564382304410993563499184702041515480,10/07/2021,Influenza like illness,Flu like symptoms,26.1,YES,NO,,11/02/2023,JH
vsafe-7-day-dose1,JHM-57677-15835,s273564382304410993563499184702041515480,10/07/2021,Balance disorder,Balance disorder,26.1,YES,NO,,11/02/2023,JH
vsafe-7-day-dose1,JHM-57677-15835,s273564382304410993563499184702041515480,10/07/2021,Vertigo,Vertigo,26.1,YES,NO,,11/02/2023,JH
vsafe-1-6-daily-dose3,JH6-23129-23952,s279615214325429355962021763391397977703,12/04/2021,Decreased appetite,Appetite absent,26.1,YES,NO,,01/19/2024,JH
vsafe-1-6-daily-dose3,JH6-23129-23952,s279819855328502822010776458438109723301,12/06/2021,Insomnia,Difficulty sleeping,26.1,YES,NO,,01/22/2024,JH
vsafe-1-6-daily-dose3,JH6-23129-23952,s279819855328502822010776458438109723301,12/06/2021,Fatigue,Tiredness,26.1,YES,NO,,01/22/2024,JH
vsafe-1-6-daily-dose3,JH6-23129-23952,s279946348998024723635018218914200612565,12/07/2021,Brain fog,Brain fog,26.1,YES,NO,,01/23/2024,JH
vsafe-1-6-daily-dose3,JH6-23129-23952,s280155411154627189688726088690424256983,12/09/2021,Musculoskeletal stiffness,Stiff neck,26.1,YES,NO,,01/24/2024,JH
vsafe-7-day-dose3,JH6-23129-23952,s280286305304551491749454773754540998826,12/11/2021,Palpitations,Heart racing,26.1,YES,NO,,01/25/2024,JH
vsafe-1-6-daily-dose3,JHY-33231-06262,s280652126660575286995638644351561255747,12/14/2021,Vertigo,Vertigo,26.1,YES,NO,,01/26/2024,JH
vsafe-1-6-daily-dose3,JHY-33231-06262,s280758149445105328084695647530447944676,12/15/2021,Vertigo,Vertigo,26.1,YES,NO,,01/26/2024,JH
vsafe-1-6-daily-dose3,JHY-33231-06262,s280859956860007920152782700876122474615,12/16/2021,Vertigo,Vertigo,26.1,YES,NO,,01/29/2024,JH
vsafe-1-6-daily-dose3,JHY-33231-06262,s280965661633691200731638628645618741138,12/17/2021,Vertigo,Vertigo,26.1,YES,NO,,01/29/2024,JH
vsafe-1-6-daily-dose3,JHX-19876-86103,s294647851577304769618164923571561434666,04/27/2022,Peripheral swelling,Swollen arm,27.0,YES,NO,,04/30/2024,JH
vsafe-1-6-daily-dose3,JHX-19876-86103,s294647851577304769618164923571561434666,04/27/2022,Pain in extremity,Pain in arm,27.0,YES,NO,,04/30/2024,JH
vsafe-1-6-daily-dose3,JHX-19876-86103,s294647851577304769618164923571561434666,04/27/2022,Fatigue,Tiredness,27.0,YES,NO,,04/30/2024,JH
vsafe-1-6-daily-dose3,JHX-19876-86103,s294647851577304769618164923571561434666,04/27/2022,Somnolence,Sleepy,27.0,YES,NO,,04/30/2024,JH
vsafe-1-6-daily-dose4,JH2-78841-87801,s296823544837656415653291244674538442393,05/18/2022,Nausea,Nausea,27.0,YES,NO,,05/16/2024,JH
vsafe-1-6-daily-dose4,JH8-12105-75670,s303721574415527522163147065059428683965,07/23/2022,Insomnia,Insomnia,27.0,YES,NO,,06/12/2024,JH
vsafe-1-6-daily-dose4,JH8-12105-75670,s303825951327199974362011520949272898742,07/24/2022,Insomnia,Insomnia,27.0,YES,NO,,06/12/2024,JH
vsafe-1-6-daily-dose4,JHU-16393-50398,s304344036307215836445167020822407826315,07/29/2022,Pulmonary congestion,Lung congestion,27.0,YES,NO,,06/12/2024,JH
vsafe-1-6-daily-dose1,JH7-15686-86001,s244397192924968068384831148488817028338,01/01/2021,Oropharyngeal pain,Sore throat,25.1,YES,NO,,11/02/2022,JH
vsafe-1-6-daily-dose2,JH8-10113-75028,s245654691255347633705277445341639777761,01/13/2021,Oropharyngeal pain,Sore throat,25.1,YES,NO,,11/14/2022,JH
vsafe-1-6-daily-dose2,JHR-14099-59557,s246169876700312221418844200783953149923,01/18/2021,Rhinorrhoea,Runny nose,25.1,YES,NO,,11/18/2022,JH
vsafe-1-6-daily-dose1,JH2-24916-41956,s247667635314872209693391086894612882389,02/01/2021,No adverse event,No adverse reaction,25.1,YES,NO,,12/02/2022,JH
vsafe-1-6-daily-dose2,JH9-18173-44711,s247946050570077411531985593929082501357,02/04/2021,Respiratory tract congestion,Respiratory tract congestion,25.1,YES,NO,,12/07/2022,JH
vsafe-1-6-daily-dose2,JHG-20812-55047,s247962769750113150442089604556402614525,02/04/2021,Chest pain,Chest pain,25.1,YES,NO,,12/07/2022,JH
vsafe-0-day-dose1,JHM-88708-21615,s248376309583083769779175807790829145562,02/08/2021,Paraesthesia,Localized tingling,25.1,YES,NO,,12/12/2022,JH
vsafe-7-day-dose2,JHN-12443-12547,s248585130672396424924109828097168816067,02/10/2021,Bell's palsy,Bell's palsy,25.1,YES,NO,,12/19/2022,JH
vsafe-1-6-daily-dose1,JHM-88708-21615,s248796387105798410052092708817614853520,02/12/2021,Dyspepsia,Heartburn,25.1,YES,NO,,12/20/2022,JH
vsafe-1-6-daily-dose1,JHM-88708-21615,s248891634906142717986760249686706801722,02/13/2021,Axillary pain,Armpit pain,25.1,YES,NO,,12/21/2022,JH
vsafe-1-6-daily-dose1,JHM-88708-21615,s249001756600979471172010593113739030605,02/14/2021,Lymphadenopathy,Axillary lymph nodes enlarged,25.1,YES,NO,,12/21/2022,JH
vsafe-7-day-dose1,JHM-88708-21615,s249100914582941715479422013952852901635,02/15/2021,Lymphadenopathy,Axillary lymph nodes enlarged,25.1,YES,NO,,12/23/2022,JH
vsafe-1-6-daily-dose2,JHJ-33962-60971,s249410385590731072383165158510423614538,02/18/2021,Rhinorrhoea,Runny nose,25.1,YES,NO,,12/27/2022,JH
vsafe-1-6-daily-dose2,JHJ-33962-60971,s249410385590731072383165158510423614538,02/18/2021,Self-medication,Self-medication,25.1,YES,NO,,12/27/2022,JH
vsafe-1-6-daily-dose2,JHJ-33962-60971,s249410385590731072383165158510423614538,02/18/2021,Sneezing,Sneezing,25.1,YES,NO,,12/27/2022,JH
vsafe-1-6-daily-dose2,JHJ-33962-60971,s249410385590731072383165158510423614538,02/18/2021,Cough,Cough,25.1,YES,NO,,12/27/2022,JH
vsafe-1-6-daily-dose2,JHD-14322-75921,s249516915486803986211548678113737714437,02/19/2021,Fatigue,Fatigue,25.1,YES,NO,,12/28/2022,JH
vsafe-1-6-daily-dose2,JHD-14322-75921,s249516915486803986211548678113737714437,02/19/2021,Insomnia,Difficulty sleeping,25.1,YES,NO,,12/28/2022,JH
vsafe-1-6-daily-dose2,JHJ-33962-60971,s249516482014187255605033571005680501526,02/19/2021,Nasopharyngitis,Cold,25.1,YES,NO,,12/28/2022,JH
vsafe-1-6-daily-dose2,JHJ-33962-60971,s249622417057335358435835523359799152185,02/20/2021,Nasopharyngitis,Common cold,25.1,YES,NO,,12/28/2022,JH
vsafe-1-6-daily-dose1,JH4-17522-90036,s249835019402449590081893007008232790611,02/22/2021,No adverse event,No adverse reaction,25.1,YES,NO,,12/29/2022,JH
vsafe-7-day-dose1,JH7-25767-02591,s251396518542429695862238956395992589005,03/09/2021,Upper-airway cough syndrome,Postnasal drip,25.1,YES,NO,,01/12/2023,JH
vsafe-7-day-dose1,JH7-25767-02591,s251396518542429695862238956395992589005,03/09/2021,Cough,Coughing,25.1,YES,NO,,01/12/2023,JH
vsafe-0-day-dose1,JHL-19515-05576,s252123426306598418130194015903082511281,03/16/2021,Dizziness,Dizziness,25.1,YES,NO,,01/26/2023,JH
vsafe-1-6-daily-dose1,JHL-19515-05576,s252241097605392311731322264540985086741,03/17/2021,Dizziness,Dizziness,25.1,YES,NO,,01/27/2023,JH
vsafe-1-6-daily-dose1,JHL-19515-05576,s252344516772257939958384496298909430225,03/18/2021,Arthralgia,Joint pain,25.1,YES,NO,,01/30/2023,JH
vsafe-1-6-daily-dose2,JH4-17522-90036,s252337150343638442665731559727456464600,03/18/2021,Pyrexia,Fever,25.1,YES,NO,,01/30/2023,JH
vsafe-1-6-daily-dose2,JH4-17522-90036,s252337150343638442665731559727456464600,03/18/2021,Chills,Chills,25.1,YES,NO,,01/30/2023,JH
vsafe-1-6-daily-dose2,JH4-17522-90036,s252451216491001477481423756179727351843,03/19/2021,No adverse event,No adverse reaction,25.1,YES,NO,,01/31/2023,JH
vsafe-1-6-daily-dose2,JHS-12124-38392,s252644536235801742912655784660848770271,03/21/2021,Diarrhoea,Loose bowels,25.1,YES,NO,,02/01/2023,JH
vsafe-1-6-daily-dose2,JHS-12124-38392,s252755165064371393973270319977898586967,03/22/2021,Diarrhoea,Loose bowels,25.1,YES,NO,,02/02/2023,JH
vsafe-7-day-dose1,JHL-19515-05576,s252868302788615392548497326810447122507,03/23/2021,Inflammatory bowel disease,IBD,25.1,NO,NO,09/13/2024,02/03/2023,JH
vsafe-7-day-dose1,JHL-19515-05576,s252868302788615392548497326810447122507,03/23/2021,Pre-existing disease,Pre-existing disease,27.0,YES,YES,09/13/2024,02/03/2023,JH
vsafe-7-day-dose1,JHL-19515-05576,s252868302788615392548497326810447122507,03/23/2021,Condition aggravated,Condition aggravated,27.0,YES,YES,09/13/2024,02/03/2023,JH
vsafe-1-6-daily-dose1,JHT-23763-99463,s253187753224310937379986744182487820428,03/26/2021,Arthralgia,Pain in joint involving shoulder region,25.1,YES,NO,,02/07/2023,JH
vsafe-1-6-daily-dose1,JHT-23763-99463,s253394902141913481365670735604741740430,03/28/2021,Myalgia,Muscle pain,25.1,YES,NO,,02/08/2023,JH
vsafe-7-day-dose1,JHT-23763-99463,s253603134485257205578393361276214107869,03/30/2021,Dysmenorrhoea,Menstrual cramps,25.1,YES,NO,,02/10/2023,JH
vsafe-7-day-dose1,JHV-18284-03681,s254345267381765393138196995078215051478,04/06/2021,Retching,Gagging,25.1,YES,NO,,02/17/2023,JH
vsafe-7-day-dose1,JHV-18284-03681,s254345267381765393138196995078215051478,04/06/2021,Mouth ulceration,Mouth ulcer,25.1,YES,NO,,02/17/2023,JH
vsafe-7-day-dose1,JHV-18284-03681,s254345267381765393138196995078215051478,04/06/2021,Dysphonia,Hoarse voice,25.1,YES,NO,,02/17/2023,JH
vsafe-7-day-dose1,JHV-18284-03681,s254345267381765393138196995078215051478,04/06/2021,Headache,Headache,25.1,YES,NO,,02/17/2023,JH
vsafe-7-day-dose1,JHV-18284-03681,s254345267381765393138196995078215051478,04/06/2021,Emergency care,Emergency care,25.1,YES,NO,,02/17/2023,JH
vsafe-7-day-dose1,JHV-18284-03681,s254345267381765393138196995078215051478,04/06/2021,Injection site reaction,Injection site reaction,25.1,YES,NO,,02/17/2023,JH
vsafe-7-day-dose1,JHV-18284-03681,s254345267381765393138196995078215051478,04/06/2021,Enlarged uvula,Uvula swelling,25.1,YES,NO,,02/17/2023,JH
vsafe-0-day-dose2,JHG-25953-47385,s254733440826313511578516760819730662236,04/10/2021,Oropharyngeal pain,Throat sore,25.1,YES,NO,,02/22/2023,JH
vsafe-0-day-dose2,JHG-25953-47385,s254733440826313511578516760819730662236,04/10/2021,Paraesthesia oral,Tingling lips,25.1,YES,NO,,02/22/2023,JH
vsafe-1-6-daily-dose2,JHG-25953-47385,s254848859722384581130099664639568308949,04/11/2021,Oropharyngeal pain,Sore throat,25.1,YES,NO,,02/23/2023,JH
vsafe-1-6-daily-dose2,JHT-23763-99463,s255385535335333802993759135729395055358,04/16/2021,Sensitive skin,Sensitive skin,25.1,YES,NO,,03/01/2023,JH
vsafe-1-6-daily-dose2,JHT-23763-99463,s255385535335333802993759135729395055358,04/16/2021,Headache,Pain head,25.1,YES,NO,,03/01/2023,JH
vsafe-1-6-daily-dose2,JHT-23763-99463,s255709379956610612260694125431631789112,04/19/2021,Rhinalgia,Nasal pain,25.1,YES,NO,,03/03/2023,JH
vsafe-1-6-daily-dose2,JHT-16941-41395,s256407175027213812305928495978290745447,04/26/2021,Lymphadenopathy,Lymph node disorder,26.0,YES,NO,,03/09/2023,JH
vsafe-1-6-daily-dose1-dep,JH3-22387-84031,s264770411547358177619759330081894964311,07/15/2021,Ear pain,Ear ache,26.1,YES,NO,,09/14/2023,JH
vsafe-1-6-daily-dose3,JHN-17330-29164,s268414919169682788024236035439137031907,08/19/2021,Medical counselling,Medical counseling,26.0,YES,NO,,07/07/2023,JH
vsafe-1-6-daily-dose3,JHN-17330-29164,s268414919169682788024236035439137031907,08/19/2021,Self-medication,Self-medication,26.0,YES,NO,,07/07/2023,JH
vsafe-7-day-dose3,JHN-17330-29164,s268626716284627636263835659521426595880,08/21/2021,Oropharyngeal pain,Throat pain,26.0,YES,NO,,07/18/2023,JH
vsafe-0-day-dose3,JHL-19515-05576,s279085314766165204170229687472154611166,11/29/2021,Lethargy,Lethargy,26.1,YES,NO,,02/05/2024,JH
vsafe-1-6-daily-dose2,JH6-26592-73208,s245455524957788887734207411443278179137,01/11/2021,Cognitive disorder,Cognitive disorders,25.1,YES,NO,,11/10/2022,JH
vsafe-1-6-daily-dose1,JHS-20011-33607,s245757472831264340621040907176129473422,01/14/2021,Decreased appetite,Appetite absent,25.1,YES,NO,,11/15/2022,JH
vsafe-1-6-daily-dose2,JHX-17942-92947,s246593850889294683807182139630121821264,01/22/2021,Oropharyngeal pain,Sore throat,25.1,YES,NO,,11/22/2022,JH
vsafe-1-6-daily-dose2,JHX-17942-92947,s246703373094980303982749686037446538584,01/23/2021,Oropharyngeal pain,Sore throat,25.1,YES,NO,,11/22/2022,JH
vsafe-1-6-daily-dose1,JH8-10202-92554,s246695985368917241708936836997054083427,01/23/2021,Arthralgia,Joint pain,25.1,YES,NO,,11/22/2022,JH
vsafe-0-day-dose1,JHT-13806-83283,s247192543036147044003429504498983902433,01/28/2021,No adverse event,No adverse reaction,25.1,YES,NO,,11/28/2022,JH
vsafe-1-6-daily-dose2,JHC-30063-03631,s247344375381346604499403001947501534884,01/29/2021,Adverse reaction,Adverse reaction,25.1,YES,NO,,11/30/2022,JH
vsafe-1-6-daily-dose1,JHX-24124-14474,s247861512087721264995902257212521359555,02/03/2021,Urinary tract infection,UTI,25.1,YES,NO,,12/05/2022,JH
vsafe-7-day-dose1,JHX-24124-14474,s248043797318503152557183882985340570253,02/05/2021,Urinary tract infection,UTI,25.1,YES,NO,,12/08/2022,JH
vsafe-1-6-daily-dose2,JHE-15361-09688,s248490925532842730461449787167958764029,02/09/2021,No adverse event,No adverse reaction,25.1,YES,NO,,12/15/2022,JH
vsafe-1-6-daily-dose2,JH8-10202-92554,s248693510715545115008539387705021865954,02/11/2021,Pre-existing disease,Pre-existing disease,25.1,YES,NO,,12/19/2022,JH
vsafe-1-6-daily-dose2,JH8-10202-92554,s248802108599757445756103216287971997742,02/12/2021,Pre-existing disease,Pre-existing disease,25.1,YES,NO,,12/20/2022,JH
vsafe-1-6-daily-dose2,JH8-10202-92554,s248896895036026791788097208326157901280,02/13/2021,Pre-existing disease,Pre-existing disease,25.1,YES,NO,,12/21/2022,JH
vsafe-1-6-daily-dose2,JH8-10202-92554,s248896895036026791788097208326157901280,02/13/2021,Rheumatoid arthritis,Rheumatoid arthritis aggravated,25.1,YES,NO,,12/21/2022,JH
vsafe-1-6-daily-dose2,JH8-10202-92554,s249006109324545366401935246995275564175,02/14/2021,Pre-existing disease,Pre-existing disease,25.1,YES,NO,,12/22/2022,JH
vsafe-1-6-daily-dose2,JH8-10202-92554,s249208674483380129515848561086167659169,02/16/2021,Pain,Pain upon movement,25.1,YES,NO,,12/23/2022,JH
vsafe-1-6-daily-dose2,JH8-10202-92554,s249208674483380129515848561086167659169,02/16/2021,Pain in extremity,Pain in arm,25.1,YES,NO,,12/23/2022,JH
vsafe-0-day-dose2,JHX-24124-14474,s249426602541497577708425457192328102397,02/18/2021,Hypoaesthesia,Numbness in feet,25.1,YES,NO,,12/27/2022,JH
vsafe-0-day-dose2,JHX-24124-14474,s249426602541497577708425457192328102397,02/18/2021,Hypoaesthesia,Numbness in leg,25.1,YES,NO,,12/27/2022,JH
vsafe-1-6-daily-dose1,JHD-23369-76269,s250784076652940277603555570331090078207,03/03/2021,Dizziness,Dizziness,25.1,YES,NO,,01/06/2023,JH
vsafe-1-6-daily-dose1,JHJ-85480-79693,s250886793688038294935337685070482411350,03/04/2021,Rhinorrhoea,Runny nose,25.1,YES,NO,,01/09/2023,JH
vsafe-1-6-daily-dose1,JH2-11467-21801,s251403833776978497966271959633802969095,03/09/2021,Dizziness,Light-headed,25.1,YES,NO,,01/12/2023,JH
vsafe-1-6-daily-dose1,JH2-11467-21801,s251509023076416832488177483841826079271,03/10/2021,Insomnia,Insomnia,25.1,YES,NO,,01/13/2023,JH
vsafe-1-6-daily-dose1,JH2-11467-21801,s251509023076416832488177483841826079271,03/10/2021,Chills,Chills,25.1,YES,NO,,01/13/2023,JH
vsafe-1-6-daily-dose1,JH2-11467-21801,s251509023076416832488177483841826079271,03/10/2021,Pyrexia,Feverish,25.1,YES,NO,,01/13/2023,JH
vsafe-0-day-dose1,JHK-26925-75356,s251722493835961323918794366822199732834,03/12/2021,Injection site pain,Pain injection site,25.1,YES,NO,,01/23/2023,JH
vsafe-1-6-daily-dose1,JHQ-18353-35167,s251823089075977521142324825032594488044,03/13/2021,Dizziness,Dizziness,25.1,YES,NO,,01/24/2023,JH
vsafe-1-6-daily-dose1,JH2-11467-21801,s251914052679588059128881992218178112788,03/14/2021,Dizziness,Dizziness,25.1,YES,NO,,01/25/2023,JH
vsafe-1-6-daily-dose1,JHK-26925-75356,s252021513291873630658113534161435896350,03/15/2021,Cough,Cough,25.1,YES,NO,,01/25/2023,JH
vsafe-1-6-daily-dose1,JHQ-18353-35167,s252027978221358039150951134720065977895,03/15/2021,Dizziness,Dizziness,25.1,YES,NO,,01/25/2023,JH
vsafe-1-6-daily-dose1,JHK-26925-75356,s252231823624728862164586849574039775642,03/17/2021,SARS-CoV-2 test positive,COVID-19 virus test positive,25.1,YES,NO,,01/27/2023,JH
vsafe-1-6-daily-dose1,JHJ-67867-95626,s252351080800325616671421181467476799057,03/18/2021,Dyspnoea,Shortness of breath,25.1,YES,NO,,01/30/2023,JH
vsafe-0-day-dose1,JH6-21091-21502,s252754405523464419753039875748676668189,03/22/2021,Heart rate increased,Heart rate increased,25.1,YES,NO,,02/01/2023,JH
vsafe-7-day-dose2,JHD-23369-76269,s253917926680565433897813213792980091012,04/02/2021,Upper-airway cough syndrome,Postnasal drip,25.1,YES,NO,,02/14/2023,JH
vsafe-7-day-dose2,JHD-23369-76269,s253917926680565433897813213792980091012,04/02/2021,Paranasal sinus discomfort,Sinus pressure,25.1,YES,NO,,02/14/2023,JH
vsafe-7-day-dose2,JHD-23369-76269,s253917926680565433897813213792980091012,04/02/2021,Nasopharyngitis,Cold symptoms,25.1,YES,NO,,02/14/2023,JH
vsafe-7-day-dose1,JHV-15995-60058,s254847770190865813034865995235440869365,04/11/2021,Dizziness,Dizziness,25.1,YES,NO,,02/23/2023,JH
vsafe-7-day-dose1,JHU-74786-27917,s255464290549254073496999285299276871215,04/17/2021,Migraine,Migraine,26.0,YES,NO,,03/23/2023,JH
vsafe-7-day-dose1,JHU-74786-27917,s255464290549254073496999285299276871215,04/17/2021,Hypoaesthesia,Numbness facial,26.0,NO,NO,09/17/2024,03/23/2023,JH
vsafe-7-day-dose1,JHU-74786-27917,s255464290549254073496999285299276871215,04/17/2021,Hypoaesthesia,Numbness in face,27.0,YES,YES,09/17/2024,03/23/2023,JH
vsafe-7-day-dose2,JHV-15995-60058,s256623382271224654025924796678685729373,04/28/2021,Pain,Pain,25.1,YES,NO,,03/10/2023,JH
vsafe-7-day-dose2,JHV-15995-60058,s256623382271224654025924796678685729373,04/28/2021,Pre-existing disease,Pre-existing disease,26.0,YES,NO,,03/10/2023,JH
vsafe-7-day-dose2,JHV-15995-60058,s256623382271224654025924796678685729373,04/28/2021,Fatigue,Chronic fatigue,26.0,YES,NO,,03/10/2023,JH
vsafe-7-day-dose1,JHA-30914-03789,s257348042979183882273195653497141000959,05/05/2021,Oropharyngeal pain,Sore throat,25.1,YES,NO,,03/15/2023,JH
vsafe-1-6-daily-dose2,JHA-30914-03789,s260790242674628032910003971233642356565,06/07/2021,Cough,Cough,26.0,YES,NO,,04/03/2023,JH
vsafe-1-6-daily-dose2,JHA-30914-03789,s260790242674628032910003971233642356565,06/07/2021,Rhinorrhoea,Runny nose,26.0,YES,NO,,04/03/2023,JH
vsafe-1-6-daily-dose2,JHA-30914-03789,s260911554083533908698159563412561626310,06/08/2021,Cough,Cough,26.0,YES,NO,,04/03/2023,JH
vsafe-1-6-daily-dose2,JHA-30914-03789,s260911554083533908698159563412561626310,06/08/2021,Rhinorrhoea,Runny nose,26.0,YES,NO,,04/03/2023,JH
vsafe-1-6-daily-dose3,JH3-38585-71477,s277822412718270289460512683517650022746,11/17/2021,Lymphadenopathy,Axillary lymph nodes enlarged,26.1,YES,NO,,01/15/2024,JH
vsafe-7-day-dose4,JHT-46788-26365,s293994951734811200668271135011776428759,04/21/2022,Cough,Coughing,27.0,YES,NO,,04/25/2024,JH
vsafe-7-day-dose4,JHT-46788-26365,s293994951734811200668271135011776428759,04/21/2022,Lung disorder,Lung disorder,27.0,YES,NO,,04/25/2024,JH
vsafe-1-6-daily-dose1,JHJ-15764-58673,s245023767732835204379226791944947113407,01/07/2021,Abdominal pain,Abdominal pain,25.1,YES,NO,,11/08/2022,JH
vsafe-1-6-daily-dose1,JH8-31054-97689,s245982840425382129801944910580572419679,01/16/2021,Fatigue,Tiredness,25.1,YES,NO,,11/16/2022,JH
vsafe-1-6-daily-dose1,JH8-31054-97689,s246066272688752702302692776883159479447,01/17/2021,Dizziness,Dizzy,25.1,YES,NO,,11/17/2022,JH
vsafe-0-day-dose2,JH3-17999-53740,s246283379402498706353147242697225594918,01/19/2021,Dyspnoea,Shortness of breath,25.1,YES,NO,,11/18/2022,JH
vsafe-0-day-dose2,JH3-17999-53740,s246283379402498706353147242697225594918,01/19/2021,Cough,Cough,25.1,YES,NO,,11/18/2022,JH
vsafe-0-day-dose2,JH3-17999-53740,s246283379402498706353147242697225594918,01/19/2021,Stridor,Stridor,26.1,YES,YES,09/08/2023,11/18/2022,JH
vsafe-1-6-daily-dose2,JH3-17999-53740,s246414656138781834627910109499289681611,01/20/2021,Cough,Cough,25.1,YES,NO,,11/21/2022,JH
vsafe-1-6-daily-dose1,JH6-10155-88819,s246608409682050942463305770813467799502,01/22/2021,Nasal congestion,Nasal stuffiness,25.1,YES,NO,,11/22/2022,JH
vsafe-1-6-daily-dose1,JH6-10155-88819,s246706313451690632417490704041461315295,01/23/2021,Oropharyngeal pain,Sore throat,25.1,YES,NO,,11/22/2022,JH
vsafe-1-6-daily-dose1,JHQ-28122-00288,s246704819969200565032135052309073378728,01/23/2021,Ear pain,Earache,25.1,YES,NO,,11/22/2022,JH
vsafe-1-6-daily-dose2,JH3-18172-48177,s247134012413825885359469636946385048457,01/27/2021,Heart rate increased,Heart rate increased,25.1,YES,NO,,11/28/2022,JH
vsafe-1-6-daily-dose2,JH3-18172-48177,s247134012413825885359469636946385048457,01/27/2021,Dyspnoea,Shortness of breath,25.1,YES,NO,,11/28/2022,JH
vsafe-1-6-daily-dose1,JHM-12416-12878,s247646968242815490271066861924048868560,02/01/2021,Limb discomfort,Arm discomfort,25.1,YES,NO,,12/02/2022,JH
vsafe-1-6-daily-dose1,JHQ-30522-92612,s248588664014116669611950167235685414353,02/10/2021,Hypertension,Blood pressure high,25.1,YES,NO,,12/16/2022,JH
vsafe-1-6-daily-dose1,JHQ-30522-92612,s248809739238978108164833436055892579207,02/12/2021,Headache,Headache,25.1,YES,NO,,12/20/2022,JH
vsafe-1-6-daily-dose1,JHQ-30522-92612,s248809739238978108164833436055892579207,02/12/2021,Blood pressure increased,Rise in BP,25.1,NO,NO,08/15/2023,12/20/2022,JH
vsafe-1-6-daily-dose1,JHQ-30522-92612,s248809739238978108164833436055892579207,02/12/2021,Office visit,Office visit,26.0,YES,YES,08/15/2023,12/20/2022,JH
vsafe-1-6-daily-dose1,JHQ-30522-92612,s248809739238978108164833436055892579207,02/12/2021,Emergency care,Emergency care,26.0,YES,YES,08/15/2023,12/20/2022,JH
vsafe-1-6-daily-dose2,JH8-31054-97689,s249094624047931484585547496070448864106,02/15/2021,Oropharyngeal pain,Sore throat,25.1,YES,NO,,12/22/2022,JH
vsafe-7-day-dose1,JHQ-30522-92612,s249219189649862825254303809880176905374,02/16/2021,Immediate post-injection reaction,Immediate post-injection reaction,25.1,YES,NO,,12/23/2022,JH
vsafe-7-day-dose1,JHQ-30522-92612,s249219189649862825254303809880176905374,02/16/2021,Headache,Headache,25.1,YES,NO,,12/23/2022,JH
vsafe-7-day-dose1,JHQ-30522-92612,s249219189649862825254303809880176905374,02/16/2021,Medical observation,Medical observation,25.1,YES,NO,,12/23/2022,JH
vsafe-7-day-dose1,JHQ-30522-92612,s249219189649862825254303809880176905374,02/16/2021,Emergency care,Emergency care,25.1,YES,NO,,12/23/2022,JH
vsafe-1-6-daily-dose2,JHT-13191-83030,s249945468572921967956822420375458162023,02/23/2021,Pre-existing disease,Pre-existing disease,25.1,YES,NO,,12/29/2022,JH
vsafe-1-6-daily-dose2,JHT-13191-83030,s249945468572921967956822420375458162023,02/23/2021,Pain in extremity,Pain in arm,25.1,YES,NO,,12/29/2022,JH
vsafe-1-6-daily-dose2,JHT-13191-83030,s249945468572921967956822420375458162023,02/23/2021,Pain,Radiating pain,25.1,YES,NO,,12/29/2022,JH
vsafe-1-6-daily-dose2,JHT-13191-83030,s249945468572921967956822420375458162023,02/23/2021,Arthralgia,Shoulder pain,25.1,YES,NO,,12/29/2022,JH
vsafe-1-6-daily-dose2,JHT-13191-83030,s249945468572921967956822420375458162023,02/23/2021,Injury,Injury,25.1,YES,NO,,12/29/2022,JH
vsafe-1-6-daily-dose2,JHT-13191-83030,s249945468572921967956822420375458162023,02/23/2021,Injection site swelling,Swelling of injection site,25.1,YES,NO,,12/29/2022,JH
vsafe-1-6-daily-dose2,JHM-12416-12878,s250150458132675471457288050829123277161,02/25/2021,Adverse reaction,Adverse reaction,25.1,YES,NO,,01/03/2023,JH
vsafe-7-day-dose2,JHQ-32561-09275,s250244348970883469330342800138881916275,02/26/2021,Pruritus,Itching,25.1,YES,NO,,01/04/2023,JH
vsafe-7-day-dose2,JHQ-32561-09275,s250244348970883469330342800138881916275,02/26/2021,Fatigue,Fatigue,25.1,YES,NO,,01/04/2023,JH
vsafe-0-day-dose1,JH5-24650-46264,s250983912061606166646822512526006851954,03/05/2021,Flushing,Flushing,25.1,YES,NO,,01/09/2023,JH
vsafe-1-6-daily-dose1,JHY-33979-33871,s251188422427584496480418375079534705825,03/07/2021,Headache,Headache,25.1,YES,NO,,01/10/2023,JH
vsafe-1-6-daily-dose1,JHA-23158-15066,s251300795082543000527536680158982967014,03/08/2021,Somnolence,Sleepiness,25.1,YES,NO,,01/11/2023,JH
vsafe-1-6-daily-dose1,JHD-11780-90598,s251825618230256920966643810496821253751,03/13/2021,Injection site pain,Injection site tenderness,25.1,YES,NO,,01/24/2023,JH
vsafe-1-6-daily-dose1,JHD-11780-90598,s252029781805265996044451604887518187622,03/15/2021,No adverse event,No adverse reaction,25.1,YES,NO,,01/25/2023,JH
vsafe-1-6-daily-dose1,JHL-24203-07911,s252880952819822452308712084834515308926,03/23/2021,No adverse event,No adverse reaction,25.1,YES,NO,,02/02/2023,JH
vsafe-1-6-daily-dose1,JHL-24203-07911,s252976296673227968357075309640624510530,03/24/2021,No adverse event,No adverse reaction,25.1,YES,NO,,02/03/2023,JH
vsafe-1-6-daily-dose1,JHL-24203-07911,s253082445109245293808117324422293649842,03/25/2021,No adverse event,No adverse reaction,25.1,YES,NO,,02/06/2023,JH
vsafe-1-6-daily-dose1,JHR-29734-14326,s253069081356998628636310911726878616115,03/25/2021,Anxiety,Anxiety,25.1,YES,NO,,02/06/2023,JH
vsafe-1-6-daily-dose1,JHL-24203-07911,s253186801428699219845989549514125089286,03/26/2021,No adverse event,No adverse reaction,25.1,YES,NO,,02/07/2023,JH
vsafe-1-6-daily-dose1,JHL-24203-07911,s253294164493716212724588598021327566145,03/27/2021,No adverse event,No adverse reaction,25.1,YES,NO,,02/07/2023,JH
vsafe-7-day-dose1,JHL-24203-07911,s253493921940303982273860106915876074473,03/29/2021,No adverse event,No adverse reaction,25.1,YES,NO,,02/09/2023,JH
vsafe-1-6-daily-dose2,JH2-59688-37376,s253485984252001485830297023851453359691,03/29/2021,Eye inflammation,Eye inflammation,25.1,YES,NO,,02/09/2023,JH
vsafe-1-6-daily-dose2,JH2-59688-37376,s253485984252001485830297023851453359691,03/29/2021,Vision blurred,Vision blurred,25.1,YES,NO,,02/09/2023,JH
vsafe-1-6-daily-dose1,JHD-63178-82253,s253487642030619120126209997724136926506,03/29/2021,Headache,Headache,25.1,YES,NO,,02/09/2023,JH
vsafe-1-6-daily-dose2,JH2-59688-37376,s253583885761861661597281985671604134252,03/30/2021,Vision blurred,Vision blurred,25.1,YES,NO,,02/10/2023,JH
vsafe-1-6-daily-dose2,JH2-59688-37376,s253583885761861661597281985671604134252,03/30/2021,Chest discomfort,Chest tightness,25.1,YES,NO,,02/10/2023,JH
vsafe-1-6-daily-dose2,JH8-16467-70603,s253697860110967298519162362350845704646,03/31/2021,Cough,Cough,25.1,YES,NO,,02/10/2023,JH
vsafe-1-6-daily-dose2,JH2-59688-37376,s253903457330267384387658673434810547370,04/02/2021,Unevaluable event,Reaction unevaluable,25.1,YES,NO,,02/14/2023,JH
vsafe-0-day-dose2,JHY-33979-33871,s253900239150529712731834018372407414720,04/02/2021,Limb discomfort,Arm discomfort,25.1,YES,NO,,02/13/2023,JH
vsafe-1-6-daily-dose2,JHC-18094-57363,s254106089344918501428969138119376507265,04/04/2021,Myalgia,Muscle soreness,25.1,YES,NO,,02/15/2023,JH
vsafe-1-6-daily-dose2,JHC-18094-57363,s254106089344918501428969138119376507265,04/04/2021,Injection site reaction,Injection site reaction,25.1,YES,NO,,02/15/2023,JH
vsafe-1-6-daily-dose1,JH8-32502-83255,s254319721073288701750456404053131398725,04/06/2021,Toothache,Tooth pain,25.1,YES,NO,,02/16/2023,JH
vsafe-1-6-daily-dose1,JH8-32502-83255,s254319721073288701750456404053131398725,04/06/2021,Pain in jaw,Jaw pain,25.1,YES,NO,,02/16/2023,JH
vsafe-1-6-daily-dose2,JHE-33858-01876,s254448343498425365968726719295350564008,04/07/2021,Dysgeusia,Taste metallic,25.1,YES,NO,,02/17/2023,JH
vsafe-1-6-daily-dose2,JHE-33858-01876,s254448343498425365968726719295350564008,04/07/2021,Paraesthesia,Tingling of extremity,25.1,YES,NO,,02/17/2023,JH
vsafe-1-6-daily-dose2,JHE-29187-02988,s256008284340639001549154204015401808549,04/22/2021,Ear pain,Pain in ear,25.1,YES,NO,,03/07/2023,JH
vsafe-1-6-daily-dose2,JHE-29187-02988,s256008284340639001549154204015401808549,04/22/2021,Rash,Rash face,25.1,YES,NO,,03/07/2023,JH
vsafe-1-6-daily-dose2,JHE-29187-02988,s256008284340639001549154204015401808549,04/22/2021,Acne,Acne,25.1,YES,NO,,03/07/2023,JH
vsafe-0-day-dose2,JH5-32077-59432,s257465898008420872808144851068300992246,05/06/2021,Dizziness,Light-headed,25.1,YES,NO,,03/15/2023,JH
vsafe-1-6-daily-dose1,JH7-14736-98413,s259884470289410014908491292413484744017,05/29/2021,Axillary pain,Armpit pain,26.0,YES,NO,,03/31/2023,JH
vsafe-1-6-daily-dose1,JH7-14736-98413,s259991023439015370221696789778866514477,05/30/2021,Decreased appetite,Appetite absent,26.0,YES,NO,,03/31/2023,JH
vsafe-1-6-daily-dose2,JH7-14736-98413,s263753821129362268841508425009514339307,07/05/2021,Cough,Coughing,26.0,YES,NO,,04/07/2023,JH
vsafe-1-6-daily-dose2,JH7-14736-98413,s263753821129362268841508425009514339307,07/05/2021,Cough,Dry cough,26.0,YES,NO,,04/07/2023,JH
vsafe-1-6-daily-dose1,JHW-12341-29901,s266537956417209350347699714212154191661,08/01/2021,Pain,Generalized aching,26.0,YES,NO,,04/28/2023,JH
vsafe-7-day-dose2,JHW-12341-29901,s269784066475670266540497225199555093584,09/01/2021,Pain,Generalized aching,26.0,YES,NO,,08/25/2023,JH
vsafe-7-day-dose2,JHW-12341-29901,s269784066475670266540497225199555093584,09/01/2021,Seizure,Seizure,26.0,YES,NO,,08/25/2023,JH
vsafe-7-day-dose2,JHW-12341-29901,s269784066475670266540497225199555093584,09/01/2021,Chills,Chills,26.0,YES,NO,,08/25/2023,JH
vsafe-7-day-dose2,JHW-12341-29901,s269784066475670266540497225199555093584,09/01/2021,Fatigue,Fatigue,26.0,YES,NO,,08/25/2023,JH
vsafe-7-day-dose2,JHW-12341-29901,s269784066475670266540497225199555093584,09/01/2021,Fatigue,Tiredness,26.0,YES,NO,,08/25/2023,JH
vsafe-7-day-dose2,JHW-12341-29901,s269784066475670266540497225199555093584,09/01/2021,Diarrhoea,Diarrhea,26.0,YES,NO,,08/25/2023,JH
vsafe-7-day-dose2,JH7-92454-96792,s276375481828726552503837256581858859486,11/03/2021,Injection site bruising,Injection site bruising,26.1,YES,NO,,12/14/2023,JH
vsafe-1-6-daily-dose2,JHX-10294-89259,s277726699963168854842645873675792443661,11/16/2021,Chest discomfort,Tight chest,26.1,YES,NO,,01/12/2024,JH
vsafe-1-6-daily-dose3,JHX-13590-83777,s277831686612293898742980550106827893356,11/17/2021,Paraesthesia,Localized tingling,26.1,YES,NO,,01/15/2024,JH
vsafe-1-6-daily-dose3,JHX-13590-83777,s277831686612293898742980550106827893356,11/17/2021,Hypoaesthesia,Numbness in face,26.1,YES,NO,,01/15/2024,JH
vsafe-1-6-daily-dose3,JH6-10155-88819,s278030924091797399147590126518726705661,11/19/2021,Oropharyngeal pain,Sore throat,26.1,YES,NO,,01/16/2024,JH
vsafe-1-6-daily-dose3,JHX-13590-83777,s278044286065760378408614777401635389497,11/19/2021,Pain,Pain,26.1,YES,NO,,01/16/2024,JH
vsafe-1-6-daily-dose3,JHX-13590-83777,s278044286065760378408614777401635389497,11/19/2021,Dizziness,Light headedness,26.1,YES,NO,,01/16/2024,JH
vsafe-1-6-daily-dose3,JHR-29734-14326,s298073247378953732916929571504981201665,05/30/2022,Dizziness,Dizziness,27.0,YES,NO,,05/23/2024,JH
vsafe-0-day-dose1,JHS-25765-94636,s244847767387881999053847332730583000883,01/05/2021,Paraesthesia,Localized tingling,25.1,NO,NO,01/18/2023,11/04/2022,JH
vsafe-0-day-dose1,JHS-25765-94636,s244847767387881999053847332730583000883,01/05/2021,Muscle twitching,Twitching of limbs,25.1,YES,YES,01/18/2023,11/04/2022,JH
vsafe-0-day-dose2,JHX-11362-11663,s244930549748984906433585482880959305434,01/06/2021,Dizziness,Dizzy,25.1,YES,NO,,11/07/2022,JH
vsafe-1-6-daily-dose2,JHS-25765-94636,s247861805783684012513168655008196598500,02/03/2021,Photophobia,Light sensitivity to eye,25.1,YES,NO,,12/06/2022,JH
vsafe-1-6-daily-dose2,JHS-25765-94636,s248177093609851658119404386708471070973,02/06/2021,Pain in extremity,Pain legs,25.1,YES,NO,,12/09/2022,JH
vsafe-1-6-daily-dose2,JH2-16793-94909,s248268790165102979619101839097879726761,02/07/2021,Pain in extremity,Pain in arm,25.1,YES,NO,,12/12/2022,JH
vsafe-1-6-daily-dose2,JHS-25765-94636,s248277925070249303272701032565144469230,02/07/2021,Inflammation,Inflammation localized,25.1,YES,NO,,12/12/2022,JH
vsafe-0-day-dose1,JHY-24775-51518,s248590828164651112680119624365119246153,02/10/2021,Injection site coldness,Injection site coldness,25.1,YES,NO,,12/15/2022,JH
vsafe-0-day-dose1,JHY-24775-51518,s248590828164651112680119624365119246153,02/10/2021,Injection site pain,Injection site burning,25.1,YES,NO,,12/15/2022,JH
vsafe-1-6-daily-dose1,JHL-17463-43831,s249107989937788159269658098648224562128,02/15/2021,No adverse event,No adverse reaction,25.1,YES,NO,,12/22/2022,JH
vsafe-1-6-daily-dose1,JHL-17463-43831,s249230741622838304080312719194603554938,02/16/2021,Oropharyngeal pain,Sore throat,25.1,YES,NO,,12/23/2022,JH
vsafe-0-day-dose1,JHN-99372-69802,s249429624547021457569199764248692695897,02/18/2021,Flushing,Flushed,25.1,YES,NO,,12/27/2022,JH
vsafe-1-6-daily-dose2,JHG-30345-21263,s250286202837545131175967112040463083115,02/26/2021,Lymphadenopathy,Axillary lymph nodes enlarged,25.1,YES,NO,,01/03/2023,JH
vsafe-1-6-daily-dose2,JHG-30345-21263,s250569704228824861961718026121534640630,03/01/2021,Oropharyngeal pain,Sore throat,25.1,YES,NO,,01/05/2023,JH
vsafe-1-6-daily-dose2,JHG-30345-21263,s250569704228824861961718026121534640630,03/01/2021,Chest pain,Pain chest,25.1,YES,NO,,01/05/2023,JH
vsafe-1-6-daily-dose2,JHG-26470-86579,s250777772217830746916505433532361480730,03/03/2021,Chills,Chills,25.1,YES,NO,,01/06/2023,JH
vsafe-0-day-dose1,JH7-29742-93159,s250995245739624412923743389817890283531,03/05/2021,Injection site pain,Pain injection site,25.1,YES,NO,,01/09/2023,JH
vsafe-1-6-daily-dose1,JHC-31527-06919,s251300836214108631102977466011942055600,03/08/2021,Swelling,Swelling,25.1,YES,NO,,01/11/2023,JH
vsafe-1-6-daily-dose1,JHA-15896-21254,s251411132994436144728447537605469984335,03/09/2021,Blood pressure decreased,Blood pressure decreased,25.1,YES,NO,,01/12/2023,JH
vsafe-1-6-daily-dose1,JHC-31527-06919,s251405883074454692523267098415102340684,03/09/2021,Peripheral swelling,Swelling of hands,25.1,YES,NO,,01/12/2023,JH
vsafe-1-6-daily-dose1,JHC-31527-06919,s251405883074454692523267098415102340684,03/09/2021,Peripheral swelling,Swelling of legs,25.1,YES,NO,,01/12/2023,JH
vsafe-1-6-daily-dose1,JHC-31527-06919,s251405883074454692523267098415102340684,03/09/2021,Fatigue,Fatigue extreme,25.1,YES,NO,,01/12/2023,JH
vsafe-1-6-daily-dose1,JHC-31527-06919,s251618281984415546011979400956057658578,03/11/2021,Chromaturia,Urine coloring green,25.1,YES,NO,,01/14/2023,JH
vsafe-7-day-dose1,JHC-31527-06919,s251724366242102581564712600083041499959,03/12/2021,No adverse event,No adverse reaction,25.1,YES,NO,,01/24/2023,JH
vsafe-1-6-daily-dose1,JHC-27346-23522,s252547519713181464535187387837997298191,03/20/2021,Unevaluable event,Reaction unevaluable,25.1,YES,NO,,01/31/2023,JH
vsafe-1-6-daily-dose1,JHE-19912-38069,s252771847342314708995599177502364973068,03/22/2021,Eye pain,Eye pain,25.1,YES,NO,,02/02/2023,JH
vsafe-1-6-daily-dose1,JHH-15097-95795,s253189962678363725534944099134343877082,03/26/2021,Anosmia,Loss of smell,25.1,YES,NO,,02/07/2023,JH
vsafe-1-6-daily-dose1,JHH-15097-95795,s253189962678363725534944099134343877082,03/26/2021,Ageusia,Loss of taste,25.1,YES,NO,,02/07/2023,JH
vsafe-1-6-daily-dose1,JHH-15097-95795,s253189962678363725534944099134343877082,03/26/2021,Oral pain,Stinging mouth,25.1,YES,NO,,02/07/2023,JH
vsafe-1-6-daily-dose1,JHH-15097-95795,s253189962678363725534944099134343877082,03/26/2021,Headache,Pain head,25.1,YES,NO,,02/07/2023,JH
vsafe-1-6-daily-dose1,JHH-15097-95795,s253189962678363725534944099134343877082,03/26/2021,Head discomfort,Head pressure,25.1,YES,NO,,02/07/2023,JH
vsafe-1-6-daily-dose1,JHH-15097-95795,s253189962678363725534944099134343877082,03/26/2021,Ear pain,Pain ear,25.1,YES,NO,,02/07/2023,JH
vsafe-1-6-daily-dose1,JHH-15097-95795,s253189962678363725534944099134343877082,03/26/2021,Ear discomfort,Sensation of pressure in ear,25.1,YES,NO,,02/07/2023,JH
vsafe-1-6-daily-dose1,JHH-15097-95795,s253189962678363725534944099134343877082,03/26/2021,Sinus disorder,Sinus disorder,25.1,YES,NO,,02/07/2023,JH
vsafe-1-6-daily-dose1,JHH-15097-95795,s253189962678363725534944099134343877082,03/26/2021,Glossodynia,Pain tongue,25.1,YES,NO,,02/07/2023,JH
vsafe-1-6-daily-dose1,JHH-15097-95795,s253189962678363725534944099134343877082,03/26/2021,Tongue discomfort,Burning tongue,25.1,YES,NO,,02/07/2023,JH
vsafe-1-6-daily-dose1,JHH-15097-95795,s253189962678363725534944099134343877082,03/26/2021,Glossodynia,Stinging tongue,25.1,YES,NO,,02/07/2023,JH
vsafe-1-6-daily-dose1,JHH-15097-95795,s253189962678363725534944099134343877082,03/26/2021,Gingival pain,Pain gum,25.1,YES,NO,,02/07/2023,JH
vsafe-1-6-daily-dose1,JHH-15097-95795,s253189962678363725534944099134343877082,03/26/2021,Oral pain,Pain mouth,25.1,YES,NO,,02/07/2023,JH
vsafe-1-6-daily-dose1,JHH-15097-95795,s253189962678363725534944099134343877082,03/26/2021,Oropharyngeal pain,Pain throat,25.1,YES,NO,,02/07/2023,JH
vsafe-1-6-daily-dose2,JHS-32192-54344,s253899604263474115854170307346664418439,04/02/2021,Influenza like illness,Flu like symptoms,25.1,YES,NO,,02/14/2023,JH
vsafe-1-6-daily-dose2,JHS-32192-54344,s253899604263474115854170307346664418439,04/02/2021,Feeling abnormal,Feeling miserable,25.1,YES,NO,,02/14/2023,JH
vsafe-1-6-daily-dose2,JHS-32192-54344,s253899604263474115854170307346664418439,04/02/2021,Insomnia,Difficulty sleeping,25.1,YES,NO,,02/14/2023,JH
vsafe-1-6-daily-dose2,JHC-27346-23522,s255568420838473985669310680544156754173,04/18/2021,No adverse event,No adverse reaction,26.0,YES,NO,,03/23/2023,JH
vsafe-1-6-daily-dose2,JH5-47948-97683,s255678974951634085931370485413367700435,04/19/2021,Insomnia,Insomnia,26.0,YES,NO,,03/27/2023,JH
vsafe-1-6-daily-dose2,JH5-47948-97683,s255678974951634085931370485413367700435,04/19/2021,Sleep disorder,Sleep disturbance,26.0,YES,NO,,03/27/2023,JH
vsafe-1-6-daily-dose2,JH5-47948-97683,s255678974951634085931370485413367700435,04/19/2021,Nightmare,Nightmares,26.0,YES,NO,,03/27/2023,JH
vsafe-1-6-daily-dose2,JH5-47948-97683,s255801403286712843936728099486828240730,04/20/2021,Lymph node pain,Lymph node pain,25.1,YES,NO,,03/03/2023,JH
vsafe-1-6-daily-dose2,JH5-47948-97683,s255801403286712843936728099486828240730,04/20/2021,Lymphadenopathy,Swollen lymph nodes,25.1,YES,NO,,03/03/2023,JH
vsafe-1-6-daily-dose2,JH5-47948-97683,s255886911330295480096303444466579678485,04/21/2021,Lymph node pain,Lymph node pain,25.1,YES,NO,,03/06/2023,JH
vsafe-1-6-daily-dose2,JH5-47948-97683,s255886911330295480096303444466579678485,04/21/2021,Lymphadenopathy,Swollen lymph nodes,25.1,YES,NO,,03/06/2023,JH
vsafe-7-day-dose2,JHG-60489-07702,s256731494257816711555154872583078982830,04/29/2021,Rash,Skin breakout,26.0,YES,NO,,03/10/2023,JH
vsafe-1-6-daily-dose2,JHZ-17555-91512,s259567538397074102247183191891335897408,05/26/2021,Nausea,Nausea,26.0,YES,NO,,03/30/2023,JH
vsafe-1-6-daily-dose1,JH8-11353-37883,s260060358848970453055669457385893276300,05/31/2021,Hyperhidrosis,Sweating,26.0,YES,NO,,03/31/2023,JH
vsafe-7-day-dose3,JHL-17463-43831,s272809838021507935050722482720388842967,09/30/2021,No adverse event,No adverse reaction,26.1,YES,NO,,10/20/2023,JH
vsafe-1-6-daily-dose3,JHA-24709-32270,s275756510073518953981961822399550327881,10/28/2021,Diarrhoea,Diarrhea,26.1,YES,NO,,01/04/2024,JH
vsafe-1-6-daily-dose3,JHG-96978-74822,s276456555822877022160300231734594248755,11/04/2021,Blepharospasm,Eyelid twitching,26.1,YES,NO,,12/14/2023,JH
vsafe-1-6-daily-dose3,JHG-96978-74822,s276562085119689564312705939534129062990,11/05/2021,Blepharospasm,Eyelid twitching,26.1,YES,NO,,12/18/2023,JH
vsafe-1-6-daily-dose3,JHG-96978-74822,s276664911418795084363122969539594866332,11/06/2021,Blepharospasm,Eyelid twitching,26.1,YES,NO,,12/19/2023,JH
vsafe-1-6-daily-dose3,JHG-96978-74822,s276878230019226775209831723374073250747,11/08/2021,Injection site pain,Pain injection site,26.1,YES,NO,,12/20/2023,JH
vsafe-1-6-daily-dose1-dep,JH4-80573-56579,s278349169354929288440325834127060926842,11/22/2021,Swelling face,Swelling face,26.1,YES,NO,,01/30/2024,JH
vsafe-1-6-daily-dose1-dep,JH4-80573-56579,s278456664901111828826983835507716956955,11/23/2021,Swelling face,Swelling of face,26.1,YES,NO,,01/31/2024,JH
vsafe-1-6-daily-dose1-dep,JH4-80573-56579,s278557015917976837760349890685811988773,11/24/2021,Swelling face,Swelling of face,26.1,YES,NO,,02/01/2024,JH
vsafe-1-6-daily-dose1-dep,JH4-80573-56579,s278661327116298785570188870385171880075,11/25/2021,Swelling face,Swelling of face,26.1,YES,NO,,02/01/2024,JH
vsafe-1-6-daily-dose1-dep,JH4-80573-56579,s278661327116298785570188870385171880075,11/25/2021,Skin exfoliation,Skin peeling,26.1,YES,NO,,02/01/2024,JH
vsafe-7-day-dose1-dep,JH4-80573-56579,s278766215499627895249207150995328137172,11/26/2021,Swelling face,Swelling of face,26.1,YES,NO,,02/02/2024,JH
vsafe-7-day-dose1-dep,JH4-80573-56579,s278766215499627895249207150995328137172,11/26/2021,Skin exfoliation,Skin peeling,26.1,YES,NO,,02/02/2024,JH
vsafe-1-6-daily-dose3,JH5-47948-97683,s280637957210226596724772573419810739499,12/14/2021,Insomnia,Insomnia,26.1,YES,NO,,01/26/2024,JH
vsafe-1-6-daily-dose3,JH5-47948-97683,s280637957210226596724772573419810739499,12/14/2021,Palpitations,Heart racing,26.1,YES,NO,,01/26/2024,JH
vsafe-1-6-daily-dose3,JH5-47948-97683,s280637957210226596724772573419810739499,12/14/2021,Lymph node pain,Lymph node pain,26.1,YES,NO,,01/26/2024,JH
vsafe-1-6-daily-dose3,JH5-47948-97683,s280637957210226596724772573419810739499,12/14/2021,Lymphadenopathy,Swollen lymph nodes,26.1,YES,NO,,01/26/2024,JH
vsafe-1-6-daily-dose3,JH5-47948-97683,s280743170902748743918702194838653782979,12/15/2021,Lymphadenopathy,Swollen lymph nodes,26.1,YES,NO,,01/26/2024,JH
vsafe-1-6-daily-dose3,JH5-47948-97683,s280743170902748743918702194838653782979,12/15/2021,Lymph node pain,Lymph node pain,26.1,YES,NO,,01/26/2024,JH
vsafe-1-6-daily-dose3,JH5-47948-97683,s280856054528412716227377208220661215200,12/16/2021,Lymphadenopathy,Swollen lymph nodes,26.1,YES,NO,,01/29/2024,JH
vsafe-1-6-daily-dose3,JH5-47948-97683,s280856054528412716227377208220661215200,12/16/2021,Lymph node pain,Lymph node pain,26.1,YES,NO,,01/29/2024,JH
vsafe-1-6-daily-dose3,JH5-47948-97683,s280952049537370981215531259986956702973,12/17/2021,Lymph node pain,Lymph node pain,26.1,YES,NO,,01/29/2024,JH
vsafe-1-6-daily-dose3,JH5-47948-97683,s280952049537370981215531259986956702973,12/17/2021,Lymphadenopathy,Swollen lymph nodes,26.1,YES,NO,,01/29/2024,JH
vsafe-1-6-daily-dose3,JHK-19121-40068,s311562702455733210451382636410108032663,10/06/2022,Headache,Headache,27.0,YES,NO,,06/28/2024,JH
vsafe-1-6-daily-dose3,JHK-19121-40068,s311562702455733210451382636410108032663,10/06/2022,Night sweats,Night sweats,27.0,YES,NO,,06/28/2024,JH
vsafe-1-6-daily-dose3,JHK-19121-40068,s311562702455733210451382636410108032663,10/06/2022,Feeling of body temperature change,Feeling hot and cold,27.0,YES,NO,,06/28/2024,JH
vsafe-1-6-daily-dose3,JHK-19121-40068,s311562702455733210451382636410108032663,10/06/2022,Asthenia,Weakness,27.0,YES,NO,,06/28/2024,JH
vsafe-1-6-daily-dose3,JHK-19121-40068,s311562702455733210451382636410108032663,10/06/2022,Pain,Ache,27.0,YES,NO,,06/28/2024,JH
vsafe-1-6-daily-dose1,JHH-63930-75929,s244304023734060047915839439805249931376,12/31/2020,Back pain,Back pain,25.1,YES,NO,,11/02/2022,JH
vsafe-1-6-daily-dose1,JHH-63930-75929,s244304023734060047915839439805249931376,12/31/2020,Pain in extremity,Pain in arm,25.1,YES,NO,,11/02/2022,JH
vsafe-0-day-dose1,JH2-16146-88019,s244618785495874088691422100659083315382,01/03/2021,Pain in extremity,Pain in arm,25.1,YES,NO,,11/03/2022,JH
vsafe-1-6-daily-dose1,JH2-16146-88019,s244724539129957958652291243287348133511,01/04/2021,Pain,Ache,25.1,YES,NO,,11/04/2022,JH
vsafe-1-6-daily-dose1,JH2-16146-88019,s244724539129957958652291243287348133511,01/04/2021,Fatigue,Fatigue,25.1,YES,NO,,11/04/2022,JH
vsafe-1-6-daily-dose1,JHN-11667-36189,s245878501867161611269958430213658011390,01/15/2021,Throat irritation,Scratchy throat,25.1,YES,NO,,11/16/2022,JH
vsafe-1-6-daily-dose1,JHN-11667-36189,s245878501867161611269958430213658011390,01/15/2021,Epistaxis,Bleeding nose,25.1,YES,NO,,11/16/2022,JH
vsafe-7-day-dose1,JHN-11667-36189,s246179434294421135697685619485652441088,01/18/2021,Oropharyngeal pain,Sore throat,25.1,YES,NO,,11/18/2022,JH
vsafe-1-6-daily-dose2,JH2-16146-88019,s247660334951379315951840518629621390343,02/01/2021,Paranasal sinus discomfort,Sinus pressure,25.1,YES,NO,,12/02/2022,JH
vsafe-1-6-daily-dose2,JH2-16146-88019,s247752860529361748956623712547875979481,02/02/2021,Paranasal sinus discomfort,Sinus pressure,25.1,YES,NO,,12/05/2022,JH
vsafe-1-6-daily-dose2,JH6-32249-23453,s248164878078506599731743992749327266580,02/06/2021,Nodule,Nodule on extremity,25.1,YES,NO,,12/09/2022,JH
vsafe-7-day-dose1,JH6-10592-71938,s249205623220556651130149588020396473343,02/16/2021,Swelling,Neck swelling,25.1,YES,NO,,12/23/2022,JH
vsafe-1-6-daily-dose2,JHJ-18715-32152,s250572281146001516921679372926965128779,03/01/2021,Oropharyngeal pain,Sore throat,25.1,YES,NO,,01/05/2023,JH
vsafe-1-6-daily-dose2,JHJ-18715-32152,s250572281146001516921679372926965128779,03/01/2021,Tonsillar inflammation,Tonsillar inflammation,25.1,YES,NO,,01/05/2023,JH
vsafe-1-6-daily-dose2,JHJ-18715-32152,s250572281146001516921679372926965128779,03/01/2021,Dysphagia,Swallowing difficult,25.1,YES,NO,,01/05/2023,JH
vsafe-1-6-daily-dose2,JHJ-18715-32152,s250677463750294460432989111001666970078,03/02/2021,Tonsillar inflammation,Tonsillar inflammation,25.1,YES,NO,,01/06/2023,JH
vsafe-0-day-dose1,JHE-25996-28272,s250780712701353152055361535772300302929,03/03/2021,Unevaluable event,Reaction unevaluable,25.1,YES,NO,,01/06/2023,JH
vsafe-1-6-daily-dose2,JHJ-18715-32152,s250794836285158401596439263381826458250,03/03/2021,Tonsillar hypertrophy,Swollen tonsils,25.1,YES,NO,,01/06/2023,JH
vsafe-1-6-daily-dose2,JHJ-18715-32152,s250890659827108511050288358511285564743,03/04/2021,Tonsillar hypertrophy,Swollen tonsils,25.1,YES,NO,,01/09/2023,JH
vsafe-1-6-daily-dose2,JHJ-18715-32152,s250890659827108511050288358511285564743,03/04/2021,Ear pain,Ear ache,25.1,YES,NO,,01/09/2023,JH
vsafe-1-6-daily-dose2,JHJ-18715-32152,s251000524704855965272056808399587388892,03/05/2021,Tonsillar hypertrophy,Swollen tonsils,25.1,YES,NO,,01/09/2023,JH
vsafe-1-6-daily-dose2,JHJ-18715-32152,s251000524704855965272056808399587388892,03/05/2021,Ear pain,Ear ache,25.1,YES,NO,,01/09/2023,JH
vsafe-7-day-dose2,JHJ-18715-32152,s251106078938156700526167917027754963962,03/06/2021,Tonsillar hypertrophy,Swollen tonsils,25.1,YES,NO,,01/10/2023,JH
vsafe-7-day-dose2,JHK-24756-65431,s251095468104484001950165259781573087974,03/06/2021,Hospitalisation,Hospitalization,25.1,YES,NO,,01/10/2023,JH
vsafe-7-day-dose2,JHK-24756-65431,s251095468104484001950165259781573087974,03/06/2021,Renal failure,Renal failure,25.1,YES,NO,,01/10/2023,JH
vsafe-1-6-daily-dose1,JHE-25996-28272,s251323986732972154907504750083586004592,03/08/2021,Chills,Chills,25.1,YES,NO,,01/11/2023,JH
vsafe-1-6-daily-dose1,JHE-25996-28272,s251323986732972154907504750083586004592,03/08/2021,Headache,Headache,25.1,YES,NO,,01/11/2023,JH
vsafe-7-day-dose1,JHE-25996-28272,s251539112008856779038926374302512720837,03/10/2021,Oropharyngeal pain,Sore throat,25.1,YES,NO,,01/13/2023,JH
vsafe-0-day-dose1,JHY-33281-10036,s252123035072351742470482736326743075141,03/16/2021,Dizziness,Dizziness,25.1,YES,NO,,01/26/2023,JH
vsafe-1-6-daily-dose1,JHY-33281-10036,s252542998989587193513334040990296218932,03/20/2021,Oropharyngeal pain,Sore throat,25.1,YES,NO,,01/31/2023,JH
vsafe-1-6-daily-dose1,JHY-33281-10036,s252542998989587193513334040990296218932,03/20/2021,Lymphadenopathy,Swollen glands,25.1,YES,NO,,01/31/2023,JH
vsafe-1-6-daily-dose1,JHY-33281-10036,s252668748605800642663068482732884102236,03/21/2021,Oropharyngeal pain,Sore throat,25.1,YES,NO,,02/01/2023,JH
vsafe-1-6-daily-dose1,JHY-33281-10036,s252668748605800642663068482732884102236,03/21/2021,Lymphadenopathy,Swollen glands,25.1,YES,NO,,02/01/2023,JH
vsafe-1-6-daily-dose2,JHE-25996-28272,s252966976573037377288943715517152811772,03/24/2021,Unevaluable event,Reaction unevaluable,25.1,YES,NO,,02/03/2023,JH
vsafe-7-day-dose2,JHM-28484-92698,s253486583902270108763046259293950734266,03/29/2021,Respiratory tract congestion,Respiratory tract congestion,25.1,YES,NO,,02/09/2023,JH
vsafe-7-day-dose2,JHM-28484-92698,s253486583902270108763046259293950734266,03/29/2021,Dizziness,Light-headed,25.1,YES,NO,,02/09/2023,JH
vsafe-0-day-dose1,JHZ-19916-11340,s253910267597872689078821795420198038959,04/02/2021,Uterine pain,Uterine pain,25.1,YES,NO,,02/13/2023,JH
vsafe-1-6-daily-dose1,JHG-24004-80050,s254636047278268289528749158244217929413,04/09/2021,Vision blurred,Blurry vision,25.1,YES,NO,,02/21/2023,JH
vsafe-1-6-daily-dose1,JHG-24004-80050,s254636047278268289528749158244217929413,04/09/2021,Throat irritation,Throat irritation,25.1,YES,NO,,02/21/2023,JH
vsafe-1-6-daily-dose1,JHG-24004-80050,s254636047278268289528749158244217929413,04/09/2021,Eye irritation,Eye irritation,25.1,YES,NO,,02/21/2023,JH
vsafe-7-day-dose1,JHZ-19916-11340,s254827502880025692830124592877154214993,04/11/2021,Facial pain,Pain in face,25.1,YES,NO,,02/23/2023,JH
vsafe-7-day-dose1,JHZ-19916-11340,s254827502880025692830124592877154214993,04/11/2021,Pain in jaw,Pain in jaw,25.1,YES,NO,,02/23/2023,JH
vsafe-7-day-dose1,JHV-55785-96362,s255058539848292584576848362481491017563,04/13/2021,Tinnitus,Tinnitus,25.1,YES,NO,,02/27/2023,JH
vsafe-7-day-dose1,JHV-55785-96362,s255058539848292584576848362481491017563,04/13/2021,Dizziness,Dizziness,25.1,YES,NO,,02/27/2023,JH
vsafe-7-day-dose1,JHV-55785-96362,s255058539848292584576848362481491017563,04/13/2021,Vertigo,Vertigo,25.1,YES,NO,,02/27/2023,JH
vsafe-1-6-daily-dose1,JHG-24004-80050,s255054095206572076727932966545830613174,04/13/2021,Eye disorder,Eye disorder,25.1,YES,NO,,02/24/2023,JH
vsafe-1-6-daily-dose1,JHG-24004-80050,s255054095206572076727932966545830613174,04/13/2021,Office visit,Office visit,25.1,YES,NO,,02/24/2023,JH
vsafe-1-6-daily-dose2,JHY-33281-10036,s255153533851084162557971030209211298845,04/14/2021,Feeling hot,Feeling hot,25.1,YES,NO,,02/27/2023,JH
vsafe-1-6-daily-dose2,JHY-33281-10036,s255153533851084162557971030209211298845,04/14/2021,Fatigue,Tiredness,25.1,YES,NO,,02/27/2023,JH
vsafe-1-6-daily-dose2,JH3-59331-51332,s255801646233657291884376411299193205818,04/20/2021,Rash,Rash trunk,25.1,YES,NO,,03/03/2023,JH
vsafe-1-6-daily-dose2,JH3-59331-51332,s255801646233657291884376411299193205818,04/20/2021,Pityriasis rosea,Pityriasis rosea,25.1,YES,NO,,03/03/2023,JH
vsafe-7-day-dose2,JHV-55785-96362,s256623245003528109182695428662800046622,04/28/2021,Dizziness,Dizziness,25.1,YES,NO,,03/10/2023,JH
vsafe-0-day-dose1,JH7-69664-79363,s257992232933285497964240965363554721425,05/11/2021,Nasal congestion,Nasal stuffiness,26.0,YES,NO,,03/20/2023,JH
vsafe-1-6-daily-dose1,JH7-69664-79363,s258092521493707316487617786975277953621,05/12/2021,Nasal congestion,Nasal stuffiness,26.0,YES,NO,,03/20/2023,JH
vsafe-1-6-daily-dose1,JH7-69664-79363,s258197440102689417521565258712854711461,05/13/2021,Nasal congestion,Nasal stuffiness,26.0,YES,NO,,03/21/2023,JH
vsafe-1-6-daily-dose1,JH7-69664-79363,s258306609514869705190578048980075862023,05/14/2021,Nasal congestion,Nasal stuffiness,26.0,YES,NO,,03/21/2023,JH
vsafe-1-6-daily-dose1,JH7-69664-79363,s258306609514869705190578048980075862023,05/14/2021,Rhinorrhoea,Runny nose,26.0,YES,NO,,03/21/2023,JH
vsafe-1-6-daily-dose1,JH7-69664-79363,s258413382146610483177009906268148204220,05/15/2021,Nasal congestion,Nasal stuffiness,26.0,YES,NO,,03/21/2023,JH
vsafe-1-6-daily-dose1,JH7-69664-79363,s258413382146610483177009906268148204220,05/15/2021,Rhinorrhoea,Runny nose,26.0,YES,NO,,03/21/2023,JH
vsafe-1-6-daily-dose2,JHF-27313-04234,s258922478127967241927089147116593525344,05/20/2021,Pre-existing disease,Pre-existing disease,26.0,YES,NO,,03/27/2023,JH
vsafe-1-6-daily-dose2,JHF-27313-04234,s258922478127967241927089147116593525344,05/20/2021,Lymphadenopathy,Axillary lymph nodes enlarged,26.0,YES,NO,,03/27/2023,JH
vsafe-1-6-daily-dose2,JHF-27313-04234,s258922478127967241927089147116593525344,05/20/2021,Lymph node pain,Lymph node pain,26.0,YES,NO,,03/27/2023,JH
vsafe-1-6-daily-dose2,JHF-27313-04234,s258922478127967241927089147116593525344,05/20/2021,Vaccine positive rechallenge,Vaccine positive rechallenge,26.0,YES,NO,,03/27/2023,JH
vsafe-1-6-daily-dose2,JHF-27313-04234,s259027951842049320287048304846187411246,05/21/2021,Lymphadenopathy,Axillary lymph nodes enlarged,26.0,YES,NO,,03/28/2023,JH
vsafe-1-6-daily-dose2,JHF-27313-04234,s259027951842049320287048304846187411246,05/21/2021,Lymph node pain,Lymph node pain,26.0,YES,NO,,03/28/2023,JH
vsafe-1-6-daily-dose2,JHF-27313-04234,s259027951842049320287048304846187411246,05/21/2021,Pre-existing disease,Pre-existing disease,26.0,YES,NO,,03/28/2023,JH
vsafe-1-6-daily-dose2,JHF-27313-04234,s259134147250623529358330251712374926901,05/22/2021,Lymphadenopathy,Axillary lymph nodes enlarged,26.0,YES,NO,,03/29/2023,JH
vsafe-1-6-daily-dose2,JHF-27313-04234,s259134147250623529358330251712374926901,05/22/2021,Lymphoedema,Lymphedema,26.0,YES,NO,,03/29/2023,JH
vsafe-1-6-daily-dose2,JHF-27313-04234,s259134147250623529358330251712374926901,05/22/2021,Pre-existing disease,Pre-existing disease,26.0,YES,NO,,03/29/2023,JH
vsafe-1-6-daily-dose2,JHF-27313-04234,s259241108434373418351379366344164795786,05/23/2021,Lymphadenopathy,Axillary lymph nodes enlarged,26.0,YES,NO,,03/29/2023,JH
vsafe-1-6-daily-dose2,JHF-27313-04234,s259241108434373418351379366344164795786,05/23/2021,Pre-existing disease,Pre-existing disease,26.0,YES,NO,,03/29/2023,JH
vsafe-7-day-dose2,JHF-27313-04234,s259339515558654249809466257040036492761,05/24/2021,Lymphadenopathy,Axillary lymph nodes enlarged,26.0,YES,NO,,03/29/2023,JH
vsafe-7-day-dose2,JHF-27313-04234,s259339515558654249809466257040036492761,05/24/2021,Lymphoedema,Lymphedema,26.0,YES,NO,,03/29/2023,JH
vsafe-1-6-daily-dose2,JH2-26778-07753,s259538348051666981002387684915952650032,05/26/2021,Tinnitus,Ringing in ears,26.0,YES,NO,,03/30/2023,JH
vsafe-0-day-dose2,JH7-69664-79363,s260916975631407400353983543927810711248,06/08/2021,Rhinorrhoea,Runny nose,26.0,YES,NO,,04/03/2023,JH
vsafe-7-day-dose2,JH7-69664-79363,s261853113845035259482123953441459593018,06/17/2021,Rhinorrhoea,Runny nose,26.0,YES,NO,,04/05/2023,JH
vsafe-1-6-daily-dose1,JHH-23637-67766,s267296260084714417481158820308655449558,08/08/2021,Lymphadenopathy,Axillary lymph nodes enlarged,26.0,YES,NO,,05/26/2023,JH
vsafe-1-6-daily-dose1,JHH-23637-67766,s267398299607041248993415116381993185813,08/09/2021,Lymphadenopathy,Axillary lymph nodes enlarged,26.0,YES,NO,,05/31/2023,JH
vsafe-1-6-daily-dose1,JHH-23637-67766,s267496231729992757321582603652976755574,08/10/2021,Lymphadenopathy,Axillary lymph nodes enlarged,26.0,YES,NO,,06/02/2023,JH
vsafe-7-day-dose1,JHH-23637-67766,s267599821901860327101952589820091565389,08/11/2021,Lymphadenopathy,Axillary lymph nodes enlarged,26.0,YES,NO,,06/12/2023,JH
vsafe-1-6-daily-dose2,JHH-23637-67766,s269393808203277118836726495906718437587,08/28/2021,Axillary pain,Armpit pain,26.0,YES,NO,,08/10/2023,JH
vsafe-1-6-daily-dose1,JHP-24421-63315,s269989110768766014578284860049371865282,09/03/2021,Dyspnoea,Shortness of breath,26.0,YES,NO,,08/29/2023,JH
vsafe-1-6-daily-dose1,JHP-24421-63315,s269989110768766014578284860049371865282,09/03/2021,Oropharyngeal pain,Sore throat,26.0,YES,NO,,08/29/2023,JH
vsafe-1-6-daily-dose1,JHP-24421-63315,s270084992004944947610985897851271957086,09/04/2021,Oropharyngeal pain,Sore throat,26.0,YES,NO,,09/04/2023,JH
vsafe-1-6-daily-dose1,JHP-24421-63315,s270084992004944947610985897851271957086,09/04/2021,Dyspnoea,Shortness of breath,26.0,YES,NO,,09/04/2023,JH
vsafe-1-6-daily-dose1,JHP-24421-63315,s270084992004944947610985897851271957086,09/04/2021,Rhinorrhoea,Runny nose,26.0,YES,NO,,09/04/2023,JH
vsafe-1-6-daily-dose1,JHP-24421-63315,s270187546929539126812999362212149206255,09/05/2021,Cough,Coughing,26.0,YES,NO,,09/06/2023,JH
vsafe-1-6-daily-dose1,JHP-24421-63315,s270187546929539126812999362212149206255,09/05/2021,Dyspnoea,Shortness of breath,26.0,YES,NO,,09/06/2023,JH
vsafe-1-6-daily-dose1,JHP-24421-63315,s270187546929539126812999362212149206255,09/05/2021,Oropharyngeal pain,Sore throat,26.0,YES,NO,,09/06/2023,JH
vsafe-1-6-daily-dose1,JHP-24421-63315,s270293500445298182844756049158323499501,09/06/2021,Dyspnoea,Shortness of breath,26.1,YES,NO,,09/10/2023,JH
vsafe-1-6-daily-dose1,JHP-24421-63315,s270502897951323199461633617014343495815,09/08/2021,Dyspnoea,Shortness of breath,26.1,YES,NO,,11/03/2023,JH
vsafe-7-day-dose1,JHP-24421-63315,s270607628296773066161318626177262952157,09/09/2021,Dyspnoea,Shortness of breath,26.1,YES,NO,,11/07/2023,JH
vsafe-1-6-daily-dose2,JHP-24421-63315,s272278074360031997660228678872954705340,09/25/2021,Dyspnoea,Shortness of breath,26.1,YES,NO,,12/05/2023,JH
vsafe-1-6-daily-dose2,JHP-24421-63315,s272278074360031997660228678872954705340,09/25/2021,Respiratory tract congestion,Respiratory tract congestion,26.1,YES,NO,,12/05/2023,JH
vsafe-1-6-daily-dose2,JHP-24421-63315,s272382180813110417222204651808272052573,09/26/2021,Dyspnoea,Shortness of breath,26.1,YES,NO,,10/11/2023,JH
vsafe-1-6-daily-dose2,JHP-24421-63315,s272488544873606925909340825596266712705,09/27/2021,Dyspnoea,Shortness of breath,26.1,YES,NO,,10/12/2023,JH
vsafe-1-6-daily-dose2,JHP-24421-63315,s272591527186433678824661741296404853327,09/28/2021,Dyspnoea,Shortness of breath,26.1,YES,NO,,10/13/2023,JH
vsafe-1-6-daily-dose2,JHP-24421-63315,s272696444024142413584593922053208978405,09/29/2021,Dyspnoea,Shortness of breath,26.1,YES,NO,,10/16/2023,JH
vsafe-1-6-daily-dose3,JHP-26971-31941,s272707516914352868616504286428317515633,09/29/2021,Fatigue,Fatigue extreme,26.1,YES,NO,,10/16/2023,JH
vsafe-1-6-daily-dose2,JHP-24421-63315,s272809554796821291282258592139741664444,09/30/2021,Chest discomfort,Chest tightness,26.1,YES,NO,,10/18/2023,JH
vsafe-1-6-daily-dose2,JHP-24421-63315,s272809554796821291282258592139741664444,09/30/2021,Dyspnoea,Shortness of breath,26.1,YES,NO,,10/18/2023,JH
vsafe-7-day-dose2,JHP-24421-63315,s272906455280356101712048418610389631744,10/01/2021,Dyspnoea,Shortness of breath,26.1,YES,NO,,12/06/2023,JH
vsafe-1-6-daily-dose3,JHK-15675-85219,s285041907516108510821644400986103100272,01/25/2022,Facial paralysis,Facial droop,26.1,YES,NO,,02/26/2024,JH
vsafe-1-6-daily-dose4,JHE-29585-87035,s294645869606965050427294316207303986945,04/27/2022,Back pain,Back pain,27.0,YES,NO,,04/30/2024,JH
vsafe-1-6-daily-dose4,JHG-15205-41323,s294657162698834081431065385139744408368,04/27/2022,No adverse event,No adverse reaction,27.0,YES,NO,,04/30/2024,JH
vsafe-1-6-daily-dose4,JHX-16932-71368,s294634042036133275574589414136420654735,04/27/2022,Injection site pain,Pain injection site,27.0,YES,NO,,04/30/2024,JH
vsafe-7-day-dose4,JHG-15205-41323,s294956466125211768045199938588366218721,04/30/2022,No adverse event,No adverse reaction,27.0,YES,NO,,05/03/2024,JH
vsafe-1-6-daily-dose4,JHY-33281-10036,s296510899591666877655205839158899275045,05/15/2022,Cough,Cough,27.0,YES,NO,,05/14/2024,JH
vsafe-1-6-daily-dose4,JHY-33281-10036,s296720079669976121703164484840397103637,05/17/2022,Cough,Cough,27.0,YES,NO,,05/15/2024,JH
vsafe-1-6-daily-dose4,JHY-33281-10036,s296824120991170524288478733749317168070,05/18/2022,Oropharyngeal pain,Sore throat,27.0,YES,NO,,05/16/2024,JH
vsafe-1-6-daily-dose4,JHY-33281-10036,s296824120991170524288478733749317168070,05/18/2022,Cough,Cough,27.0,YES,NO,,05/16/2024,JH
vsafe-1-6-daily-dose4,JHY-33281-10036,s296824120991170524288478733749317168070,05/18/2022,SARS-CoV-2 test positive,COVID-19 virus test positive,27.0,YES,NO,,05/16/2024,JH
vsafe-1-6-daily-dose4,JHY-33281-10036,s296824120991170524288478733749317168070,05/18/2022,Respiratory tract congestion,Respiratory tract congestion,27.0,YES,NO,,05/16/2024,JH
vsafe-0-day-dose5,JHG-15205-41323,s310207563817113388462817894802356089547,09/23/2022,No adverse event,No adverse reaction,27.0,YES,NO,,06/24/2024,JH
vsafe-7-day-dose5,JHX-33404-10489,s311253366723621520962475366484256906667,10/03/2022,Cough,Cough,27.0,YES,NO,,06/27/2024,JH
vsafe-7-day-dose5,JHX-33404-10489,s311253366723621520962475366484256906667,10/03/2022,Fatigue,Tiredness,27.0,YES,NO,,06/27/2024,JH
vsafe-7-day-dose5,JHX-33404-10489,s311253366723621520962475366484256906667,10/03/2022,Asthenia,Energy decreased,27.0,YES,NO,,06/27/2024,JH
vsafe-1-6-daily-dose1,JH9-17074-83320,s244098222081710687832415510486925858059,12/29/2020,No adverse event,No adverse event,25.1,NO,NO,01/17/2023,10/30/2022,JH
vsafe-1-6-daily-dose1,JH9-17074-83320,s244098222081710687832415510486925858059,12/29/2020,No adverse event,No adverse reaction,25.1,YES,YES,01/17/2023,10/30/2022,JH
vsafe-1-6-daily-dose1,JHF-16342-94733,s244521594588263030259222591618390047616,01/02/2021,Loss of consciousness,Passed out,25.1,YES,NO,,11/03/2022,JH
vsafe-1-6-daily-dose1,JHF-16342-94733,s244521594588263030259222591618390047616,01/02/2021,Medical observation,Medical observation,25.1,NO,NO,01/18/2023,11/03/2022,JH
vsafe-1-6-daily-dose1,JHF-16342-94733,s244521594588263030259222591618390047616,01/02/2021,Emergency care,Emergency care,25.1,YES,YES,01/18/2023,11/03/2022,JH
vsafe-1-6-daily-dose1,JHF-16342-94733,s244521594588263030259222591618390047616,01/02/2021,Loss of consciousness,Unconscious,25.1,YES,YES,01/18/2023,11/03/2022,JH
vsafe-1-6-daily-dose2,JHR-33489-32173,s245457795665367654235149428128714754320,01/11/2021,Respiratory tract congestion,Respiratory tract congestion,25.1,YES,NO,,11/10/2022,JH
vsafe-1-6-daily-dose2,JHR-33489-32173,s245457795665367654235149428128714754320,01/11/2021,Cough,Coughing,25.1,YES,NO,,11/10/2022,JH
vsafe-1-6-daily-dose2,JHR-33489-32173,s245550208217238926520618113192134637519,01/12/2021,Cough,Cough,25.1,YES,NO,,11/11/2022,JH
vsafe-1-6-daily-dose1,JHN-12828-45114,s245668844515962350670828675632137433661,01/13/2021,Dry mouth,Dry mouth,25.1,YES,NO,,11/14/2022,JH
vsafe-1-6-daily-dose1,JHN-12828-45114,s245668844515962350670828675632137433661,01/13/2021,Thirst,Thirst,25.1,YES,NO,,11/14/2022,JH
vsafe-1-6-daily-dose2,JHH-15017-03810,s245882334662576208023626960811944709505,01/15/2021,Pain in extremity,Pain in arm,25.1,YES,NO,,11/16/2022,JH
vsafe-7-day-dose2,JHJ-14301-27702,s246069937768754443977314843932603643198,01/17/2021,Pain,Generalized aching,25.1,YES,NO,,11/18/2022,JH
vsafe-1-6-daily-dose1,JHL-35611-37312,s246907230757591415742167846569097474657,01/25/2021,Anosmia,Loss of smell,25.1,YES,NO,,11/23/2022,JH
vsafe-0-day-dose2,JH9-17074-83320,s247120503463237385224468527950701686219,01/27/2021,Asthma,Asthma,25.1,YES,NO,,11/27/2022,JH
vsafe-1-6-daily-dose2,JHD-30457-64713,s248061751990484834850974514737629022198,02/05/2021,Hyperhidrosis,Sweating,25.1,YES,NO,,12/08/2022,JH
vsafe-1-6-daily-dose2,JHD-30457-64713,s248061751990484834850974514737629022198,02/05/2021,Headache,Headache,25.1,YES,NO,,12/08/2022,JH
vsafe-1-6-daily-dose2,JHD-30457-64713,s248061751990484834850974514737629022198,02/05/2021,Dizziness,Light-headed,25.1,YES,NO,,12/08/2022,JH
vsafe-1-6-daily-dose2,JHU-10588-15710,s248181883329464326677949202229759726330,02/06/2021,Rhinorrhoea,Runny nose,25.1,YES,NO,,12/09/2022,JH
vsafe-1-6-daily-dose2,JHU-10588-15710,s248277778807282092440844400883023935850,02/07/2021,Rhinorrhoea,Runny nose,25.1,YES,NO,,12/12/2022,JH
vsafe-1-6-daily-dose2,JHU-10588-15710,s248488100773164856742293110505918338448,02/09/2021,Rhinorrhoea,Runny nose,25.1,YES,NO,,12/15/2022,JH
vsafe-1-6-daily-dose2,JHY-13881-80081,s248809266362110050132402361866958583166,02/12/2021,Head discomfort,Head pressure,25.1,YES,NO,,12/20/2022,JH
vsafe-1-6-daily-dose2,JHZ-31077-56622,s249112109911465351270811670671715375549,02/15/2021,Injection site erythema,Injection site redness,25.1,YES,NO,,12/22/2022,JH
vsafe-1-6-daily-dose2,JHZ-31077-56622,s249112109911465351270811670671715375549,02/15/2021,Injection site swelling,Injection site swelling,25.1,YES,NO,,12/22/2022,JH
vsafe-1-6-daily-dose2,JHZ-31077-56622,s249112109911465351270811670671715375549,02/15/2021,Injection site pain,Injection site tenderness,25.1,YES,NO,,12/22/2022,JH
vsafe-1-6-daily-dose2,JHZ-31077-56622,s249112109911465351270811670671715375549,02/15/2021,Injection site pruritus,Injection site itching,25.1,YES,NO,,12/22/2022,JH
vsafe-1-6-daily-dose2,JHZ-31077-56622,s249112109911465351270811670671715375549,02/15/2021,Injection site mass,Injection site lump,25.1,YES,NO,,12/22/2022,JH
vsafe-0-day-dose1,JHX-10386-55253,s249741139566876111850966545711256743744,02/21/2021,Gastrooesophageal reflux disease,Gastroesophageal reflux,25.1,YES,NO,,12/28/2022,JH
vsafe-1-6-daily-dose1,JHX-10386-55253,s249865212130959806971989318736672328014,02/22/2021,Hypertension,Blood pressure high,25.1,YES,NO,,12/29/2022,JH
vsafe-7-day-dose2,JHK-20647-29059,s250233420973438069037614521006835761950,02/26/2021,Gait disturbance,Walking difficulty,25.1,YES,NO,,01/04/2023,JH
vsafe-7-day-dose2,JHK-20647-29059,s250233420973438069037614521006835761950,02/26/2021,Dizziness,Dizzy,25.1,YES,NO,,01/04/2023,JH
vsafe-7-day-dose2,JHK-20647-29059,s250233420973438069037614521006835761950,02/26/2021,Ocular discomfort,Sensation of pressure in eye,25.1,YES,NO,,01/04/2023,JH
vsafe-1-6-daily-dose1,JHX-10386-55253,s250281425986590791123528003689296571331,02/26/2021,Polymenorrhoea,Menstrual cycle shortened,25.1,YES,NO,,01/03/2023,JH
vsafe-1-6-daily-dose2,JH5-28919-09482,s250670204261109181614149114087795756845,03/02/2021,Flatulence,Gas,25.1,YES,NO,,01/06/2023,JH
vsafe-7-day-dose2,JH5-28919-09482,s250788786302097559650073662072147289675,03/03/2021,Cough,Coughing,25.1,YES,NO,,01/07/2023,JH
vsafe-1-6-daily-dose1,JHR-21025-75676,s250893721707291250624799080287191053124,03/04/2021,Dyspnoea,Short of breath,25.1,YES,NO,,01/09/2023,JH
vsafe-1-6-daily-dose2,JHN-12828-45114,s251011113721519449142533780453802526263,03/05/2021,Dry skin,Dry skin,25.1,YES,NO,,01/09/2023,JH
vsafe-1-6-daily-dose2,JHN-12828-45114,s251085803606020921133588814064335342007,03/06/2021,Dehydration,Dehydration,25.1,YES,NO,,01/10/2023,JH
vsafe-1-6-daily-dose2,JHN-12828-45114,s251208736002118448741762144544553101865,03/07/2021,Dry skin,Dry skin,25.1,YES,NO,,01/11/2023,JH
vsafe-1-6-daily-dose1,JHU-28375-89988,s251922396661306461460101853813022557179,03/14/2021,Chest discomfort,Chest discomfort,25.1,YES,NO,,01/25/2023,JH
vsafe-1-6-daily-dose1,JHU-28375-89988,s252031302138927307259078338378604388195,03/15/2021,Chest discomfort,Chest tightness,25.1,YES,NO,,01/25/2023,JH
vsafe-1-6-daily-dose2,JHE-28579-81750,s252338103077336325539522048267288982987,03/18/2021,Muscle spasms,Muscle cramps,25.1,YES,NO,,01/30/2023,JH
vsafe-1-6-daily-dose2,JHE-28579-81750,s252338103077336325539522048267288982987,03/18/2021,Chest discomfort,Tight chest,25.1,YES,NO,,01/30/2023,JH
vsafe-0-day-dose2,JHX-10386-55253,s252471152669918264005569119220958654390,03/19/2021,Skin burning sensation,Burning sensation skin,25.1,YES,NO,,01/30/2023,JH
vsafe-1-6-daily-dose1,JH7-28710-30020,s252436057097922128524499590029159104259,03/19/2021,Contusion,Bruise,25.1,YES,NO,,01/30/2023,JH
vsafe-1-6-daily-dose1,JH7-28710-30020,s252436057097922128524499590029159104259,03/19/2021,Pain,Pain,25.1,YES,NO,,01/30/2023,JH
vsafe-1-6-daily-dose2,JHX-10386-55253,s252547592259240723415335214398850128140,03/20/2021,Skin burning sensation,Burning sensation skin,25.1,YES,NO,,01/31/2023,JH
vsafe-1-6-daily-dose2,JHX-10386-55253,s252547592259240723415335214398850128140,03/20/2021,Abdominal pain,Abdominal pain,25.1,YES,NO,,01/31/2023,JH
vsafe-1-6-daily-dose2,JHX-10386-55253,s252547592259240723415335214398850128140,03/20/2021,Flatulence,Gas,25.1,YES,NO,,01/31/2023,JH
vsafe-1-6-daily-dose2,JHX-10386-55253,s252547592259240723415335214398850128140,03/20/2021,Eructation,Burping,25.1,YES,NO,,01/31/2023,JH
vsafe-7-day-dose1,JHU-28375-89988,s252549144607836143170566804607653779331,03/20/2021,Muscle spasms,Cramps in legs,25.1,YES,NO,,02/01/2023,JH
vsafe-7-day-dose1,JHU-28375-89988,s252549144607836143170566804607653779331,03/20/2021,Muscle spasms,Foot cramps,25.1,YES,NO,,02/01/2023,JH
vsafe-1-6-daily-dose2,JHX-10386-55253,s252786908040868936024091676356939253962,03/22/2021,Ear pain,Earache,25.1,YES,NO,,02/02/2023,JH
vsafe-0-day-dose2,JH9-29083-00370,s253063189985497645964405796817823514634,03/25/2021,Dizziness,Dizziness,25.1,YES,NO,,02/06/2023,JH
vsafe-1-6-daily-dose2,JH9-29083-00370,s253186590744931225335740159174587887146,03/26/2021,Dizziness,Dizziness,25.1,YES,NO,,02/07/2023,JH
vsafe-1-6-daily-dose2,JH9-29083-00370,s253381007949802607612391427259629195182,03/28/2021,Dizziness,Dizziness,25.1,YES,NO,,02/08/2023,JH
vsafe-1-6-daily-dose1,JHA-33515-83071,s253601818116224264942486096908022114029,03/30/2021,Headache,Headache transient,25.1,YES,NO,,02/09/2023,JH
vsafe-1-6-daily-dose1,JH6-22908-12499,s253904541646785920655193822705507523523,04/02/2021,Injection site pain,Pain injection site,25.1,YES,NO,,02/14/2023,JH
vsafe-1-6-daily-dose2,JH5-31674-13619,s255070405610728517955263024132430402796,04/13/2021,Chest pain,Chest pain,25.1,YES,NO,,02/25/2023,JH
vsafe-1-6-daily-dose2,JHL-28499-99358,s257381616275140678175970076189948262860,05/05/2021,Asthenia,Weakness,25.1,YES,NO,,03/15/2023,JH
vsafe-1-6-daily-dose1,JH9-10898-91778,s257466265490524067179728789149787539944,05/06/2021,No adverse event,No adverse reaction,25.1,YES,NO,,03/15/2023,JH
vsafe-1-6-daily-dose1,JH9-10898-91778,s257675323674102070162098147009902544230,05/08/2021,Rash erythematous,Red rash,26.0,YES,NO,,03/17/2023,JH
vsafe-1-6-daily-dose1,JH9-10898-91778,s257675323674102070162098147009902544230,05/08/2021,Rash,Rash over arms,26.0,YES,NO,,03/17/2023,JH
vsafe-1-6-daily-dose1,JH9-10898-91778,s257675323674102070162098147009902544230,05/08/2021,Pruritus,Itchy upper limbs,26.0,YES,NO,,03/17/2023,JH
vsafe-1-6-daily-dose2,JHY-70399-10861,s260580993591263082906736201692992918498,06/05/2021,Lip swelling,Lip swelling,26.0,YES,NO,,04/03/2023,JH
vsafe-7-day-dose2,JHY-70399-10861,s260896184093998340619690677670806963316,06/08/2021,Muscular weakness,Weakness of limbs,26.0,YES,NO,,04/04/2023,JH
vsafe-1-6-daily-dose3,JHG-55508-20392,s276051490777877140676396389176187688429,10/31/2021,Oedema peripheral,Edema arms,26.1,YES,NO,,01/10/2024,JH
vsafe-1-6-daily-dose3,JHG-55508-20392,s276051490777877140676396389176187688429,10/31/2021,Swelling,Local swelling,26.1,YES,NO,,01/10/2024,JH
vsafe-1-6-daily-dose3,JHG-55508-20392,s276155595344406288352139724741719797555,11/01/2021,Pain,Throbbing pain,26.1,YES,NO,,01/11/2024,JH
vsafe-1-6-daily-dose3,JHG-55508-20392,s276155595344406288352139724741719797555,11/01/2021,Axillary pain,Armpit pain,26.1,YES,NO,,01/11/2024,JH
vsafe-1-6-daily-dose3,JHG-55508-20392,s276259662977461202526131232487649194844,11/02/2021,Lymph node pain,Lymph node pain,26.1,YES,NO,,12/12/2023,JH
vsafe-1-6-daily-dose3,JHG-55508-20392,s276259662977461202526131232487649194844,11/02/2021,Lymphadenopathy,Axillary lymph nodes enlarged,26.1,YES,NO,,12/12/2023,JH
vsafe-1-6-daily-dose3,JHG-55508-20392,s276259662977461202526131232487649194844,11/02/2021,Lymphadenopathy,Supraclavicular lymph nodes enlarged,26.1,YES,NO,,12/12/2023,JH
vsafe-1-6-daily-dose4,JHQ-17086-68604,s294333590315132455132358339588442966656,04/24/2022,Dysgeusia,Taste bitter,27.0,YES,NO,,04/26/2024,JH
vsafe-0-day-dose1,JHA-29472-17377,s242838109908244349109350007139828689112,12/17/2020,Dizziness,Dizziness,25.1,YES,NO,,10/17/2022,JH
vsafe-0-day-dose1,JHA-29472-17377,s242838109908244349109350007139828689112,12/17/2020,Eye pruritus,Itchy eyes,25.1,YES,NO,,10/17/2022,JH
vsafe-0-day-dose1,JHA-29472-17377,s242838109908244349109350007139828689112,12/17/2020,Lacrimation increased,Watering eyes,25.1,YES,NO,,10/17/2022,JH
vsafe-0-day-dose1,JHA-29472-17377,s242838109908244349109350007139828689112,12/17/2020,Paranasal sinus discomfort,Sinus pressure,25.1,YES,NO,,10/17/2022,JH
vsafe-1-6-daily-dose1,JHX-25149-79370,s245145642878922549347374750936014181778,01/08/2021,Hypoaesthesia,Numbness,25.1,YES,NO,,11/08/2022,JH
vsafe-1-6-daily-dose1,JHP-32730-64769,s245240721254434190424506695503202366466,01/09/2021,Rhinorrhoea,Runny nose,25.1,YES,NO,,11/09/2022,JH
vsafe-1-6-daily-dose1,JHM-25259-78727,s246808730365744706636878440104721012379,01/24/2021,Sneezing,Sneezing,25.1,YES,NO,,11/23/2022,JH
vsafe-1-6-daily-dose2,JHX-25149-79370,s247231539672156923294010586004475018977,01/28/2021,Skin sensitisation,Skin sensitization,25.1,YES,NO,,11/29/2022,JH
vsafe-7-day-dose1,JHM-25259-78727,s247241810908863300736165639763465511222,01/28/2021,Sneezing,Sneezing,25.1,YES,NO,,11/29/2022,JH
vsafe-7-day-dose1,JHM-25259-78727,s247241810908863300736165639763465511222,01/28/2021,Rhinorrhoea,Runny nose,25.1,YES,NO,,11/29/2022,JH
vsafe-1-6-daily-dose2,JHP-32730-64769,s247323967935538206474377410001098160725,01/29/2021,Nasopharyngitis,Cold symptoms,25.1,YES,NO,,11/30/2022,JH
vsafe-1-6-daily-dose1,JHK-30821-71709,s247545681058298769377789586532232526111,01/31/2021,Oropharyngeal pain,Sore throat,25.1,YES,NO,,12/01/2022,JH
vsafe-1-6-daily-dose1,JHK-30821-71709,s247545681058298769377789586532232526111,01/31/2021,Rhinorrhoea,Runny nose,25.1,YES,NO,,12/01/2022,JH
vsafe-7-day-dose1,JHK-30821-71709,s247651649593436992884618272282329623588,02/01/2021,Oropharyngeal pain,Sore throat,25.1,YES,NO,,12/02/2022,JH
vsafe-7-day-dose1,JHK-30821-71709,s247651649593436992884618272282329623588,02/01/2021,Respiratory tract congestion,Respiratory tract congestion,25.1,YES,NO,,12/02/2022,JH
vsafe-1-6-daily-dose1,JHV-11778-69573,s247856060306856760274898021875404377329,02/03/2021,Lymphadenopathy,Axillary lymph nodes enlarged,25.1,YES,NO,,12/05/2022,JH
vsafe-1-6-daily-dose1,JHV-11778-69573,s247969570765807322503501712841322939763,02/04/2021,Lymphadenopathy,Axillary lymph nodes enlarged,25.1,YES,NO,,12/06/2022,JH
vsafe-1-6-daily-dose1,JH5-20743-16940,s248372304737700186956203234858893985462,02/08/2021,No adverse event,No adverse reaction,25.1,YES,NO,,12/13/2022,JH
vsafe-1-6-daily-dose1,JHN-23229-03107,s248382455967706691419119226312215672622,02/08/2021,Dizziness,Dizziness,25.1,YES,NO,,12/13/2022,JH
vsafe-1-6-daily-dose1,JHU-57564-42106,s248686510256181372444538313195725132017,02/11/2021,Feeling abnormal,Foggy feeling in head,25.1,YES,NO,,12/19/2022,JH
vsafe-1-6-daily-dose1,JHU-57564-42106,s248686510256181372444538313195725132017,02/11/2021,Sinus congestion,Sinus congestion,25.1,YES,NO,,12/19/2022,JH
vsafe-1-6-daily-dose1,JHU-57564-42106,s248686510256181372444538313195725132017,02/11/2021,Cough,Coughing,25.1,YES,NO,,12/19/2022,JH
vsafe-1-6-daily-dose2,JHD-19550-19678,s249624194887393127417711388328402248012,02/20/2021,Injection site bruising,Injection site bruising,25.1,YES,NO,,12/28/2022,JH
vsafe-1-6-daily-dose2,JHD-19550-19678,s249727183636479603667332511545288220353,02/21/2021,Headache,Headache,25.1,YES,NO,,12/29/2022,JH
vsafe-1-6-daily-dose1,JHH-22079-79165,s249942278198653390233343684309007654069,02/23/2021,Myocardial infarction,Heart attack,25.1,YES,NO,,12/29/2022,JH
vsafe-1-6-daily-dose1,JHH-22079-79165,s249942278198653390233343684309007654069,02/23/2021,Tobacco user,Smoker,25.1,YES,NO,,12/29/2022,JH
vsafe-0-day-dose1,JHS-22301-79181,s250053979665920985785030554397893614282,02/24/2021,Haematochezia,Blood in stool,25.1,YES,NO,,12/30/2022,JH
vsafe-1-6-daily-dose2,JHV-11778-69573,s250781348604608140098449594021560611896,03/03/2021,Lymphadenopathy,Axillary lymph nodes enlarged,25.1,YES,NO,,01/06/2023,JH
vsafe-1-6-daily-dose2,JHV-11778-69573,s250781348604608140098449594021560611896,03/03/2021,Lymphadenopathy,Swollen lymph nodes,25.1,YES,NO,,01/06/2023,JH
vsafe-1-6-daily-dose2,JHV-11778-69573,s250882032204103382675784358106483032683,03/04/2021,Lymphadenopathy,Axillary lymph nodes enlarged,25.1,YES,NO,,01/09/2023,JH
vsafe-1-6-daily-dose2,JHV-11778-69573,s250882032204103382675784358106483032683,03/04/2021,Lymphadenopathy,Lymph nodes cervical swollen,25.1,YES,NO,,01/09/2023,JH
vsafe-1-6-daily-dose2,JHV-11778-69573,s250988318711130180321383731288850749327,03/05/2021,Lymphadenopathy,Axillary lymph nodes enlarged,25.1,YES,NO,,01/09/2023,JH
vsafe-1-6-daily-dose2,JHW-18899-43387,s251607297474069740274632371756556009448,03/11/2021,Arthralgia,Knee pain,25.1,YES,NO,,01/23/2023,JH
vsafe-1-6-daily-dose2,JHW-18899-43387,s251816520642335493688110950665725584020,03/13/2021,Pre-existing disease,Pre-existing disease,25.1,YES,NO,,01/24/2023,JH
vsafe-1-6-daily-dose2,JHW-18899-43387,s251816520642335493688110950665725584020,03/13/2021,Arthritis,Arthritis flare up,25.1,YES,NO,,01/24/2023,JH
vsafe-1-6-daily-dose2,JHF-13225-29875,s252260489195563695188935682778773227067,03/17/2021,Dyspnoea,Labored breathing,25.1,YES,NO,,01/27/2023,JH
vsafe-1-6-daily-dose2,JHG-79354-71794,s252250273645544465302012123121783035172,03/17/2021,Rash,Rash trunk,25.1,YES,NO,,01/27/2023,JH
vsafe-7-day-dose2,JHG-79354-71794,s252342837464805232781197943951153886038,03/18/2021,Rash,Rash trunk,25.1,YES,NO,,01/30/2023,JH
vsafe-1-6-daily-dose2,JH2-21529-05132,s252755163680064635724207404752984244878,03/22/2021,Seasonal allergy,Seasonal allergy,25.1,YES,NO,,02/02/2023,JH
vsafe-1-6-daily-dose2,JH2-21529-05132,s252755163680064635724207404752984244878,03/22/2021,Oropharyngeal pain,Sore throat,25.1,YES,NO,,02/02/2023,JH
vsafe-1-6-daily-dose2,JH2-21529-05132,s252755163680064635724207404752984244878,03/22/2021,Periorbital swelling,Puffy eyes,25.1,YES,NO,,02/02/2023,JH
vsafe-1-6-daily-dose2,JH2-21529-05132,s252755163680064635724207404752984244878,03/22/2021,Respiratory tract congestion,Respiratory tract congestion,25.1,YES,NO,,02/02/2023,JH
vsafe-1-6-daily-dose2,JH2-21529-05132,s252755163680064635724207404752984244878,03/22/2021,Pre-existing disease,Pre-existing disease,25.1,YES,NO,,02/02/2023,JH
vsafe-1-6-daily-dose2,JH2-21529-05132,s252862431479755368023924587944659804374,03/23/2021,Seasonal allergy,Seasonal allergy,25.1,YES,NO,,02/02/2023,JH
vsafe-7-day-dose2,JH2-21529-05132,s252968044406571476003223374076693861823,03/24/2021,Sinusitis,Sinus infection,25.1,YES,NO,,02/05/2023,JH
vsafe-7-day-dose2,JH2-21529-05132,s252968044406571476003223374076693861823,03/24/2021,Ear infection,Ear infection,25.1,YES,NO,,02/05/2023,JH
vsafe-1-6-daily-dose2,JHR-30564-29444,s253273428263642540276388933893794435947,03/27/2021,Lymphadenopathy,Swollen lymph nodes,25.1,YES,NO,,02/08/2023,JH
vsafe-1-6-daily-dose2,JHR-30564-29444,s253377891383984801582874839737550152102,03/28/2021,Lymphadenopathy,Swollen lymph nodes,25.1,YES,NO,,02/08/2023,JH
vsafe-1-6-daily-dose2,JHS-25957-26544,s253479623281061069248652475003644298239,03/29/2021,Diarrhoea,Loose stools,25.1,YES,NO,,02/09/2023,JH
vsafe-1-6-daily-dose1,JH7-28964-61976,s254330317797848183672653120204572330031,04/06/2021,Electric shock sensation,Brain zaps,25.1,YES,NO,,02/16/2023,JH
vsafe-1-6-daily-dose1,JH7-28964-61976,s254330317797848183672653120204572330031,04/06/2021,Dizziness,Dizziness,25.1,YES,NO,,02/16/2023,JH
vsafe-0-day-dose1,JHA-29130-62440,s254430222888720402987301035533285358747,04/07/2021,Throat irritation,Itchy throat,25.1,YES,NO,,02/17/2023,JH
vsafe-0-day-dose1,JHA-29130-62440,s254430222888720402987301035533285358747,04/07/2021,Dry throat,Dry throat,25.1,YES,NO,,02/17/2023,JH
vsafe-1-6-daily-dose2,JHZ-28094-83875,s254442585145968626254364963562177853342,04/07/2021,Pain,Shooting pain,25.1,YES,NO,,02/17/2023,JH
vsafe-1-6-daily-dose2,JHZ-28094-83875,s254442585145968626254364963562177853342,04/07/2021,Neuralgia,Nerve pain,25.1,YES,NO,,02/17/2023,JH
vsafe-1-6-daily-dose2,JHZ-28094-83875,s254442585145968626254364963562177853342,04/07/2021,Decreased appetite,Appetite lost,25.1,YES,NO,,02/17/2023,JH
vsafe-1-6-daily-dose2,JHZ-28094-83875,s254545075205040611642233071735461804928,04/08/2021,Feeling abnormal,Foggy feeling in head,25.1,YES,NO,,02/20/2023,JH
vsafe-1-6-daily-dose2,JHZ-28094-83875,s254654300894842072769811283978217982884,04/09/2021,Feeling abnormal,Foggy feeling in head,25.1,YES,NO,,02/21/2023,JH
vsafe-1-6-daily-dose1,JHA-29130-62440,s255064671265143756822915406756152232487,04/13/2021,Lymphadenopathy,Swollen lymph nodes,25.1,YES,NO,,02/24/2023,JH
vsafe-1-6-daily-dose1,JHA-29130-62440,s255064671265143756822915406756152232487,04/13/2021,Hypoaesthesia,Neck numbness,25.1,YES,NO,,02/24/2023,JH
vsafe-1-6-daily-dose1,JHA-29130-62440,s255064671265143756822915406756152232487,04/13/2021,Hypoaesthesia,Numbness in face,25.1,YES,NO,,02/24/2023,JH
vsafe-7-day-dose1,JHA-29130-62440,s255183232903801982309968056662748732053,04/14/2021,Oedema peripheral,Edema arms,25.1,YES,NO,,02/27/2023,JH
vsafe-0-day-dose1,JH8-17013-91492,s257258181959370314443121169528162770010,05/04/2021,No adverse event,No adverse reaction,25.1,YES,NO,,03/14/2023,JH
vsafe-1-6-daily-dose1,JH8-17013-91492,s257570047388708221147889151066216519992,05/07/2021,Radiotherapy,Radiation therapy,26.0,YES,NO,,03/16/2023,JH
vsafe-1-6-daily-dose1,JH8-17013-91492,s257570047388708221147889151066216519992,05/07/2021,Prostate cancer,Prostate cancer,26.0,YES,NO,,03/16/2023,JH
vsafe-1-6-daily-dose1,JH8-17013-91492,s257570047388708221147889151066216519992,05/07/2021,Fatigue,Fatigue,26.0,YES,NO,,03/16/2023,JH
vsafe-1-6-daily-dose2,JHA-29130-62440,s257564128727091291548580443022544241829,05/07/2021,Dizziness,Dizzy,26.0,YES,NO,,03/16/2023,JH
vsafe-1-6-daily-dose2,JHA-29130-62440,s257674664224163209594928322101186842339,05/08/2021,Feeling hot,Extremities hot feeling of,26.0,YES,NO,,03/17/2023,JH
vsafe-1-6-daily-dose2,JHQ-23853-39209,s259954450869858711904735404666997347085,05/30/2021,Breast feeding,Breast feeding,26.0,YES,NO,,03/31/2023,JH
vsafe-1-6-daily-dose2,JHQ-23853-39209,s260061315804184224785690090905992322253,05/31/2021,Night sweats,Night sweats,26.0,YES,NO,,03/31/2023,JH
vsafe-1-6-daily-dose2,JHQ-23853-39209,s260061315804184224785690090905992322253,05/31/2021,Breast feeding,Breast feeding,26.0,YES,NO,,03/31/2023,JH
vsafe-0-day-dose2,JH8-17013-91492,s260175116628650278811569709742495019053,06/01/2021,Throat irritation,Itchy throat,26.0,YES,NO,,03/31/2023,JH
vsafe-0-day-dose2,JH8-17013-91492,s260175116628650278811569709742495019053,06/01/2021,Cough,Cough,26.0,YES,NO,,03/31/2023,JH
vsafe-1-6-daily-dose2,JH8-17013-91492,s260284702406957849199583576255823019623,06/02/2021,Pain in extremity,Pain in arm,26.0,YES,NO,,03/31/2023,JH
vsafe-1-6-daily-dose2,JH8-17013-91492,s260284702406957849199583576255823019623,06/02/2021,Injection site pain,Pain injection site,26.0,YES,NO,,03/31/2023,JH
vsafe-1-6-daily-dose2,JH8-17013-91492,s260697220229404291585141860380990684964,06/06/2021,No adverse event,No adverse reaction,26.0,YES,NO,,04/03/2023,JH
vsafe-1-6-daily-dose2,JH8-17013-91492,s260809174656628506912738417503759950863,06/07/2021,No adverse event,No adverse reaction,26.0,YES,NO,,04/03/2023,JH
vsafe-1-6-daily-dose2,JH8-31957-35665,s263624460588042980298703439822401987560,07/04/2021,Dizziness,Dizziness,26.0,YES,NO,,04/07/2023,JH
vsafe-1-6-daily-dose2,JH8-31957-35665,s263714025001608409625370298422789816169,07/05/2021,Dizziness,Dizziness,26.0,YES,NO,,04/07/2023,JH
vsafe-1-6-daily-dose3,JHF-16636-99621,s272618643448946635637218512489495054452,09/28/2021,Injection site bruising,Injection site bruising,26.1,YES,NO,,10/13/2023,JH
vsafe-1-6-daily-dose3,JHF-16636-99621,s272708930629260153154893949172401729655,09/29/2021,Erythema,Erythema of extremities,26.1,YES,NO,,10/16/2023,JH
vsafe-1-6-daily-dose3,JHR-84445-62742,s273116103962572903409435098028360495532,10/03/2021,Lymphadenopathy,Axillary lymph nodes enlarged,26.1,YES,NO,,10/24/2023,JH
vsafe-1-6-daily-dose3,JHR-32649-31829,s274170980509020397170192175587534718537,10/13/2021,Chest discomfort,Chest discomfort,26.1,YES,NO,,11/14/2023,JH
vsafe-7-day-dose3,JHM-25259-78727,s274484517856347589563647106339033462531,10/16/2021,Sneezing,Sneezing,26.1,YES,NO,,11/17/2023,JH
vsafe-1-6-daily-dose3,JHW-25260-03297,s277728416612342434250688779865425589999,11/16/2021,Chest discomfort,Chest discomfort,26.1,YES,NO,,01/12/2024,JH
vsafe-1-6-daily-dose3,JHW-25260-03297,s277833713489285791120625821389865786941,11/17/2021,Painful respiration,Painful respiration,26.1,YES,NO,,01/15/2024,JH
vsafe-1-6-daily-dose3,JHW-25260-03297,s277833713489285791120625821389865786941,11/17/2021,Respiratory tract inflammation,Respiratory tract inflammation,26.1,YES,NO,,01/15/2024,JH
vsafe-7-day-dose3,JHW-25260-03297,s277937782921037721192796718263188481477,11/18/2021,Respiratory tract inflammation,Respiratory tract inflammation,26.1,YES,NO,,01/16/2024,JH
vsafe-1-6-daily-dose4,JHX-25149-79370,s294130728537281897379221022194243631340,04/22/2022,Brain fog,Brain fog,27.0,YES,NO,,04/25/2024,JH
vsafe-1-6-daily-dose4,JHX-25149-79370,s294130728537281897379221022194243631340,04/22/2022,Anxiety,Anxiety,27.0,YES,NO,,04/25/2024,JH
vsafe-0-day-dose1,JHH-25155-48269,s243981874590081548634446435478294647783,12/28/2020,Taste disorder,Taste abnormality,25.1,NO,NO,01/17/2023,10/27/2022,JH
vsafe-0-day-dose1,JHH-25155-48269,s243981874590081548634446435478294647783,12/28/2020,Dysgeusia,Taste peculiar,25.1,YES,YES,01/17/2023,10/27/2022,JH
vsafe-1-6-daily-dose1,JHN-18841-74437,s244947648139207468647501206679569726479,01/06/2021,Pruritus,Itchy,25.1,YES,NO,,11/07/2022,JH
vsafe-1-6-daily-dose1,JHN-18841-74437,s244947648139207468647501206679569726479,01/06/2021,Rash,Rash,25.1,YES,NO,,11/07/2022,JH
vsafe-1-6-daily-dose1,JHZ-10753-21071,s245762418654225078723143459126366590155,01/14/2021,Irritability,Irritability,25.1,YES,NO,,11/15/2022,JH
vsafe-1-6-daily-dose1,JH9-29429-25407,s246088948612638937127915039472063501609,01/17/2021,No adverse event,No adverse reaction,25.1,YES,NO,,11/17/2022,JH
vsafe-1-6-daily-dose1,JH9-29429-25407,s246181277424946866402417414890391783588,01/18/2021,No adverse event,No adverse reaction,25.1,YES,NO,,11/18/2022,JH
vsafe-1-6-daily-dose1,JH9-29429-25407,s246518662273843850497274567195129203263,01/21/2021,No adverse event,No adverse reaction,25.1,YES,NO,,11/21/2022,JH
vsafe-1-6-daily-dose2,JHD-31373-28514,s246594074030379761825282426723111692998,01/22/2021,Injection site erythema,Injection site redness,25.1,YES,NO,,11/22/2022,JH
vsafe-1-6-daily-dose2,JHD-31373-28514,s246594074030379761825282426723111692998,01/22/2021,Injection site warmth,Injection site warmth,25.1,YES,NO,,11/22/2022,JH
vsafe-1-6-daily-dose2,JHD-31373-28514,s246594074030379761825282426723111692998,01/22/2021,Injection site swelling,Injection site swelling,25.1,YES,NO,,11/22/2022,JH
vsafe-1-6-daily-dose2,JHD-31373-28514,s246594074030379761825282426723111692998,01/22/2021,Injection site pruritus,Injection site itching,25.1,YES,NO,,11/22/2022,JH
vsafe-1-6-daily-dose2,JHD-31373-28514,s246594074030379761825282426723111692998,01/22/2021,Injection site pain,Injection site pain,25.1,YES,NO,,11/22/2022,JH
vsafe-7-day-dose1,JH9-29429-25407,s246605309325257393498685427986171834509,01/22/2021,No adverse event,No adverse reaction,25.1,YES,NO,,11/22/2022,JH
vsafe-1-6-daily-dose2,JHD-31373-28514,s246702700428834401226152407872798614085,01/23/2021,Injection site erythema,Injection site redness,25.1,YES,NO,,11/22/2022,JH
vsafe-1-6-daily-dose2,JHD-31373-28514,s246702700428834401226152407872798614085,01/23/2021,Injection site swelling,Injection site swelling,25.1,YES,NO,,11/22/2022,JH
vsafe-1-6-daily-dose2,JHD-31373-28514,s246702700428834401226152407872798614085,01/23/2021,Injection site pain,Injection site pain,25.1,YES,NO,,11/22/2022,JH
vsafe-1-6-daily-dose2,JHD-31373-28514,s246702700428834401226152407872798614085,01/23/2021,Medical counselling,Medical counseling,25.1,YES,NO,,11/22/2022,JH
vsafe-1-6-daily-dose2,JHD-31373-28514,s246702700428834401226152407872798614085,01/23/2021,Mobility decreased,Mobility decreased,25.1,YES,NO,,11/22/2022,JH
vsafe-1-6-daily-dose2,JHD-31373-28514,s246702700428834401226152407872798614085,01/23/2021,Pain in extremity,Painful arm,25.1,YES,NO,,11/22/2022,JH
vsafe-1-6-daily-dose2,JHD-31373-28514,s246804963007098144111201635264717541185,01/24/2021,Lymphadenopathy,Lymphadenopathy axillary,25.1,YES,NO,,11/23/2022,JH
vsafe-1-6-daily-dose2,JHD-31373-28514,s246804963007098144111201635264717541185,01/24/2021,Joint range of motion decreased,Joint range of motion decreased,25.1,YES,NO,,11/23/2022,JH
vsafe-1-6-daily-dose2,JHD-31373-28514,s246804963007098144111201635264717541185,01/24/2021,Cellulitis,Cellulitis,25.1,YES,NO,,11/23/2022,JH
vsafe-1-6-daily-dose2,JH9-29429-25407,s249207718668981444389555205713770986622,02/16/2021,Cough,Cough,25.1,YES,NO,,12/23/2022,JH
vsafe-1-6-daily-dose2,JH9-29429-25407,s249207718668981444389555205713770986622,02/16/2021,Rhinorrhoea,Runny nose,25.1,YES,NO,,12/23/2022,JH
vsafe-1-6-daily-dose2,JH9-29429-25407,s249207718668981444389555205713770986622,02/16/2021,Head discomfort,Head fullness,25.1,YES,NO,,12/23/2022,JH
vsafe-1-6-daily-dose2,JH9-29429-25407,s249207718668981444389555205713770986622,02/16/2021,Chest discomfort,Chest fullness,25.1,YES,NO,,12/23/2022,JH
vsafe-1-6-daily-dose2,JH9-29429-25407,s249315931576450816784067232481711640685,02/17/2021,Cough,Coughing,25.1,YES,NO,,12/24/2022,JH
vsafe-1-6-daily-dose2,JH9-29429-25407,s249315931576450816784067232481711640685,02/17/2021,Respiratory tract congestion,Respiratory tract congestion,25.1,YES,NO,,12/24/2022,JH
vsafe-1-6-daily-dose2,JH9-29429-25407,s249315931576450816784067232481711640685,02/17/2021,Sneezing,Sneezing,25.1,YES,NO,,12/24/2022,JH
vsafe-1-6-daily-dose2,JH9-29429-25407,s249315931576450816784067232481711640685,02/17/2021,Rhinorrhoea,Runny nose,25.1,YES,NO,,12/24/2022,JH
vsafe-1-6-daily-dose2,JH8-12972-40414,s249413532294464503661870354932404243915,02/18/2021,Pain,Ache,25.1,YES,NO,,12/27/2022,JH
vsafe-1-6-daily-dose2,JH8-12972-40414,s249413532294464503661870354932404243915,02/18/2021,Pain,Pain,25.1,NO,NO,01/05/2023,12/27/2022,JH
vsafe-1-6-daily-dose2,JH9-29429-25407,s249421240743642597093825512208805306217,02/18/2021,Cough,Coughing,25.1,YES,NO,,12/27/2022,JH
vsafe-1-6-daily-dose2,JH9-29429-25407,s249421240743642597093825512208805306217,02/18/2021,Sneezing,Sneezing,25.1,YES,NO,,12/27/2022,JH
vsafe-1-6-daily-dose2,JH9-29429-25407,s249421240743642597093825512208805306217,02/18/2021,Nasal congestion,Nasal stuffiness,25.1,YES,NO,,12/27/2022,JH
vsafe-7-day-dose2,JH9-29429-25407,s249522225015300382380336755332482741233,02/19/2021,Cough,Coughing,25.1,YES,NO,,12/28/2022,JH
vsafe-7-day-dose2,JH9-29429-25407,s249522225015300382380336755332482741233,02/19/2021,Dysphonia,Hoarseness,25.1,YES,NO,,12/28/2022,JH
vsafe-7-day-dose2,JH9-29429-25407,s249522225015300382380336755332482741233,02/19/2021,Night sweats,Night sweats,25.1,YES,NO,,12/28/2022,JH
vsafe-1-6-daily-dose2,JHB-25898-48511,s249516202234798171586609324745531460848,02/19/2021,Photophobia,Light sensitivity to eye,25.1,YES,NO,,12/28/2022,JH
vsafe-1-6-daily-dose1,JHP-11391-05096,s249835127454698519371211972844890774394,02/22/2021,Muscular weakness,Weakness in extremity,25.1,YES,NO,,12/29/2022,JH
vsafe-1-6-daily-dose2,JHB-25898-48511,s249829294617510740677403482032830051948,02/22/2021,Eye pain,Eye pain,25.1,YES,NO,,12/29/2022,JH
vsafe-1-6-daily-dose2,JHB-25898-48511,s249829294617510740677403482032830051948,02/22/2021,Photophobia,Light sensitivity to eye,25.1,YES,NO,,12/29/2022,JH
vsafe-1-6-daily-dose2,JHB-25898-48511,s249942274375090708693499504392552467916,02/23/2021,Anterior chamber inflammation,Anterior chamber inflammation,26.0,YES,NO,,12/29/2022,JH
vsafe-7-day-dose2,JHB-25898-48511,s250039060603870477285197696838761337860,02/24/2021,Iridocyclitis,Anterior uveitis,25.1,YES,NO,,12/30/2022,JH
vsafe-1-6-daily-dose1,JHP-11391-05096,s250042196749991149331916967245448371092,02/24/2021,Muscular weakness,Weakness of arms,25.1,YES,NO,,12/30/2022,JH
vsafe-1-6-daily-dose1,JHP-11391-05096,s250042196749991149331916967245448371092,02/24/2021,Hospitalisation,Hospitalization,25.1,YES,NO,,12/30/2022,JH
vsafe-1-6-daily-dose1,JHP-11391-05096,s250146491029996051724434960708935542060,02/25/2021,Cerebrovascular accident,Stroke,25.1,YES,NO,,12/31/2022,JH
vsafe-1-6-daily-dose1,JHP-11391-05096,s250146491029996051724434960708935542060,02/25/2021,Hospitalisation,Hospitalization,25.1,YES,NO,,12/31/2022,JH
vsafe-7-day-dose1,JHP-11391-05096,s250270999398387302738341815573514162003,02/26/2021,Cerebrovascular accident,Stroke,25.1,YES,NO,,01/04/2023,JH
vsafe-1-6-daily-dose2,JHF-30751-71866,s250466114912609067231082279408700679502,02/28/2021,Lymphadenopathy,Lymph nodes cervical swollen,25.1,YES,NO,,01/05/2023,JH
vsafe-1-6-daily-dose2,JHF-30751-71866,s250574708368629165902862149232114718875,03/01/2021,Lymphadenopathy,Lymph nodes cervical swollen,25.1,YES,NO,,01/05/2023,JH
vsafe-1-6-daily-dose2,JHF-30751-71866,s250574708368629165902862149232114718875,03/01/2021,Lymph node pain,Lymph node pain,25.1,YES,NO,,01/05/2023,JH
vsafe-1-6-daily-dose2,JHF-30751-71866,s250574708368629165902862149232114718875,03/01/2021,Neck pain,Neck pain,25.1,YES,NO,,01/05/2023,JH
vsafe-1-6-daily-dose1,JH3-21173-34812,s250673733122538684987371445387442969622,03/02/2021,Abdominal pain upper,Stomach ache,25.1,YES,NO,,01/05/2023,JH
vsafe-1-6-daily-dose1,JH3-21173-34812,s250796977604524361416664748486082300080,03/03/2021,Systemic lupus erythematosus,Systemic lupus erythematosus syndrome aggravated,26.0,YES,YES,08/15/2023,01/06/2023,JH
vsafe-1-6-daily-dose1,JH3-21173-34812,s250796977604524361416664748486082300080,03/03/2021,Headache,Headache,25.1,YES,NO,,01/06/2023,JH
vsafe-1-6-daily-dose1,JH3-21173-34812,s250796977604524361416664748486082300080,03/03/2021,Arthralgia,Aching joints,25.1,YES,NO,,01/06/2023,JH
vsafe-1-6-daily-dose1,JH3-21173-34812,s250796977604524361416664748486082300080,03/03/2021,Myalgia,Muscle ache,25.1,YES,NO,,01/06/2023,JH
vsafe-1-6-daily-dose1,JH3-21173-34812,s250796977604524361416664748486082300080,03/03/2021,Pre-existing disease,Pre-existing disease,25.1,YES,NO,,01/06/2023,JH
vsafe-1-6-daily-dose1,JH3-21173-34812,s250796977604524361416664748486082300080,03/03/2021,Condition aggravated,Condition aggravated,25.1,NO,NO,08/15/2023,01/06/2023,JH
vsafe-1-6-daily-dose1,JH3-21173-34812,s250796977604524361416664748486082300080,03/03/2021,Sensory processing sensitivity,Sensory processing sensitivity,25.1,YES,NO,,01/06/2023,JH
vsafe-1-6-daily-dose1,JHJ-28193-22581,s251916294365353535857350683809553244023,03/14/2021,Dry mouth,Dry mouth,25.1,YES,NO,,01/25/2023,JH
vsafe-1-6-daily-dose1,JHJ-28193-22581,s252026139586485489278751785990868361784,03/15/2021,Pregnancy,Pregnancy,25.1,YES,NO,,01/25/2023,JH
vsafe-1-6-daily-dose1,JHJ-28193-22581,s252026139586485489278751785990868361784,03/15/2021,Nausea,Nausea,25.1,YES,NO,,01/25/2023,JH
vsafe-1-6-daily-dose1,JH6-19544-92563,s252572869275683452656093990209511423178,03/20/2021,Pruritus,Itchy,25.1,YES,NO,,01/31/2023,JH
vsafe-1-6-daily-dose1,JH6-19544-92563,s252767013666540919225899960683784200497,03/22/2021,Pruritus,Itching,25.1,YES,NO,,02/02/2023,JH
vsafe-1-6-daily-dose1,JH6-19544-92563,s252767013666540919225899960683784200497,03/22/2021,Rash,Rash,25.1,YES,NO,,02/02/2023,JH
vsafe-1-6-daily-dose1,JH6-19544-92563,s252869803119867402918501150241524946258,03/23/2021,Nausea,Nausea,25.1,YES,NO,,02/02/2023,JH
vsafe-1-6-daily-dose1,JH6-19544-92563,s252869803119867402918501150241524946258,03/23/2021,Asthenia,Weakness,25.1,YES,NO,,02/02/2023,JH
vsafe-1-6-daily-dose1,JH6-19544-92563,s253004509849939562896851868070670147147,03/24/2021,Nausea,Nausea,25.1,YES,NO,,02/03/2023,JH
vsafe-1-6-daily-dose1,JH6-19544-92563,s253004509849939562896851868070670147147,03/24/2021,Self-medication,Self-medication,25.1,YES,NO,,02/03/2023,JH
vsafe-1-6-daily-dose1,JH6-19544-92563,s253004509849939562896851868070670147147,03/24/2021,Asthenia,Weakness,25.1,YES,NO,,02/03/2023,JH
vsafe-1-6-daily-dose1,JH6-19544-92563,s253004509849939562896851868070670147147,03/24/2021,Fatigue,Fatigue,25.1,YES,NO,,02/03/2023,JH
vsafe-7-day-dose1,JH6-19544-92563,s253197732700938176750476034758633221378,03/26/2021,Lymphadenopathy,Swollen lymph nodes,25.1,YES,NO,,02/07/2023,JH
vsafe-1-6-daily-dose1,JHU-15811-07203,s253275973677482978340272541561873147812,03/27/2021,Hyperhidrosis,Sweating,25.1,YES,NO,,02/07/2023,JH
vsafe-1-6-daily-dose1,JHX-21176-10704,s253279951335581368692285475016164420479,03/27/2021,Axillary pain,Armpit pain,25.1,YES,NO,,02/07/2023,JH
vsafe-1-6-daily-dose1,JHX-21176-10704,s253279951335581368692285475016164420479,03/27/2021,Oedema peripheral,Edema arms,25.1,YES,NO,,02/07/2023,JH
vsafe-1-6-daily-dose1,JH9-10239-77714,s253694170001759606399156452092359136340,03/31/2021,No adverse event,No adverse reaction,25.1,YES,NO,,02/10/2023,JH
vsafe-7-day-dose2,JHX-71126-92355,s253817185374712883909266533381550269036,04/01/2021,No adverse event,No adverse reaction,25.1,YES,NO,,02/13/2023,JH
vsafe-0-day-dose1,JH7-20402-93521,s253807456228125757522110723789310024089,04/01/2021,Pregnancy,Pregnancy,25.1,YES,NO,,02/13/2023,JH
vsafe-0-day-dose1,JH7-20402-93521,s253807456228125757522110723789310024089,04/01/2021,Fatigue,Fatigue,25.1,YES,NO,,02/13/2023,JH
vsafe-1-6-daily-dose2,JHU-19137-37916,s254108124400003025620212885317395077266,04/04/2021,Insomnia,Insomnia,25.1,YES,NO,,02/15/2023,JH
vsafe-1-6-daily-dose1,JHQ-26779-35851,s254322757098733250219950627008847435141,04/06/2021,Musculoskeletal stiffness,Stiff neck,25.1,YES,NO,,02/16/2023,JH
vsafe-0-day-dose2,JH7-21917-28177,s254329913319123915073986353536862702740,04/06/2021,Dysgeusia,Taste metallic,25.1,YES,NO,,02/16/2023,JH
vsafe-7-day-dose1,JH9-10239-77714,s254419864985370186205041674505134157426,04/07/2021,No adverse event,No adverse reaction,25.1,YES,NO,,02/20/2023,JH
vsafe-1-6-daily-dose1,JHQ-26779-35851,s254425984712632944561957246636581888848,04/07/2021,Musculoskeletal stiffness,Stiff neck,25.1,YES,NO,,02/17/2023,JH
vsafe-1-6-daily-dose2,JHM-87815-63784,s254432421519732598870353399878345460471,04/07/2021,Cough,Cough,25.1,YES,NO,,02/17/2023,JH
vsafe-7-day-dose2,JHM-87815-63784,s254524947801545508796821994228658373531,04/08/2021,Cough,Cough,25.1,YES,NO,,02/21/2023,JH
vsafe-7-day-dose2,JHM-87815-63784,s254524947801545508796821994228658373531,04/08/2021,Oropharyngeal pain,Sore throat,25.1,YES,NO,,02/21/2023,JH
vsafe-1-6-daily-dose1,JHQ-26779-35851,s254530605545490967762595030569541325820,04/08/2021,Musculoskeletal stiffness,Stiff neck,25.1,YES,NO,,02/20/2023,JH
vsafe-1-6-daily-dose1,JHQ-26779-35851,s254634764853998040033869421085561913037,04/09/2021,Musculoskeletal stiffness,Stiff neck,25.1,YES,NO,,02/21/2023,JH
vsafe-0-day-dose2,JH6-19544-92563,s254647959141290706419540379029075589634,04/09/2021,Pharyngeal swelling,Throat swelling,25.1,YES,NO,,02/21/2023,JH
vsafe-0-day-dose2,JH6-19544-92563,s254647959141290706419540379029075589634,04/09/2021,Immediate post-injection reaction,Immediate post-injection reaction,25.1,YES,NO,,02/21/2023,JH
vsafe-1-6-daily-dose1,JHQ-26779-35851,s254738351483019440363905122080511376556,04/10/2021,Musculoskeletal stiffness,Stiff neck,25.1,YES,NO,,02/22/2023,JH
vsafe-1-6-daily-dose2,JH6-19544-92563,s254756945374756252936086838896606500253,04/10/2021,Tremor,Trembling,25.1,YES,NO,,02/22/2023,JH
vsafe-1-6-daily-dose2,JH6-19544-92563,s254756945374756252936086838896606500253,04/10/2021,Tremor,Shaking,25.1,YES,NO,,02/22/2023,JH
vsafe-1-6-daily-dose2,JHJ-28193-22581,s254733521579821673093077651332082061595,04/10/2021,Heart rate increased,Heart rate high,25.1,YES,NO,,02/22/2023,JH
vsafe-1-6-daily-dose2,JH6-19544-92563,s254851732389934775363769721678130188024,04/11/2021,Back pain,Back pain,25.1,YES,NO,,02/23/2023,JH
vsafe-1-6-daily-dose2,JH6-19544-92563,s254851732389934775363769721678130188024,04/11/2021,Abdominal pain,Abdominal pain,25.1,YES,NO,,02/23/2023,JH
vsafe-1-6-daily-dose2,JHJ-28193-22581,s254836771682511621049880218443419635611,04/11/2021,Dizziness,Light-headed,25.1,YES,NO,,02/23/2023,JH
vsafe-1-6-daily-dose2,JHJ-28193-22581,s254836771682511621049880218443419635611,04/11/2021,Heart rate increased,Heart rate increased,25.1,YES,NO,,02/23/2023,JH
vsafe-1-6-daily-dose2,JH6-19544-92563,s254958592166709404851007892199523935944,04/12/2021,Dizziness,Dizziness,25.1,YES,NO,,02/24/2023,JH
vsafe-1-6-daily-dose2,JH6-19544-92563,s254958592166709404851007892199523935944,04/12/2021,Asthenia,Weakness,25.1,YES,NO,,02/24/2023,JH
vsafe-1-6-daily-dose2,JH6-19544-92563,s254958592166709404851007892199523935944,04/12/2021,Constipation,Constipation,25.1,YES,NO,,02/24/2023,JH
vsafe-1-6-daily-dose2,JH6-19544-92563,s254958592166709404851007892199523935944,04/12/2021,Computerised tomogram abdomen,Abdomen CT,25.1,NO,NO,06/29/2023,02/24/2023,JH
vsafe-1-6-daily-dose2,JH6-19544-92563,s254958592166709404851007892199523935944,04/12/2021,Back pain,Low back pain,25.1,YES,NO,,02/24/2023,JH
vsafe-1-6-daily-dose2,JH6-19544-92563,s254958592166709404851007892199523935944,04/12/2021,Abdominal pain,Abdominal cramp,26.0,YES,YES,06/29/2023,02/24/2023,JH
vsafe-1-6-daily-dose2,JH6-19544-92563,s255068011946001869515047868621086392621,04/13/2021,Dizziness,Dizziness,25.1,YES,NO,,02/25/2023,JH
vsafe-1-6-daily-dose2,JH6-19544-92563,s255068011946001869515047868621086392621,04/13/2021,Fatigue,Fatigue extreme,25.1,YES,NO,,02/25/2023,JH
vsafe-1-6-daily-dose2,JH6-19544-92563,s255068011946001869515047868621086392621,04/13/2021,Back pain,Low back pain,25.1,YES,NO,,02/25/2023,JH
vsafe-1-6-daily-dose2,JH6-19544-92563,s255068011946001869515047868621086392621,04/13/2021,Pain in extremity,Leg pain,25.1,YES,NO,,02/25/2023,JH
vsafe-1-6-daily-dose2,JH6-19544-92563,s255068011946001869515047868621086392621,04/13/2021,Muscle spasms,Leg cramps,25.1,YES,NO,,02/25/2023,JH
vsafe-1-6-daily-dose2,JH6-19544-92563,s255188300876895956684141738141183281856,04/14/2021,Dizziness,Dizziness,25.1,YES,NO,,02/27/2023,JH
vsafe-1-6-daily-dose2,JH6-19544-92563,s255188300876895956684141738141183281856,04/14/2021,Asthenia,Weakness,25.1,YES,NO,,02/27/2023,JH
vsafe-1-6-daily-dose2,JH6-19544-92563,s255188300876895956684141738141183281856,04/14/2021,Presyncope,Near fainting,25.1,YES,NO,,02/27/2023,JH
vsafe-1-6-daily-dose2,JH6-19544-92563,s255188300876895956684141738141183281856,04/14/2021,Pharyngeal swelling,Throat swelling,25.1,YES,NO,,02/27/2023,JH
vsafe-1-6-daily-dose2,JH6-19544-92563,s255188300876895956684141738141183281856,04/14/2021,Abdominal pain,Abdominal cramps,25.1,YES,NO,,02/27/2023,JH
vsafe-1-6-daily-dose2,JH6-19544-92563,s255188300876895956684141738141183281856,04/14/2021,Muscle spasms,Leg cramps,25.1,YES,NO,,02/27/2023,JH
vsafe-1-6-daily-dose2,JH6-19544-92563,s255188300876895956684141738141183281856,04/14/2021,Constipation,Absent bowel movement,25.1,YES,NO,,02/27/2023,JH
vsafe-1-6-daily-dose2,JH6-19544-92563,s255287284494785446408038503505583587268,04/15/2021,Tremor,Shaking,25.1,YES,NO,,02/28/2023,JH
vsafe-1-6-daily-dose2,JH6-19544-92563,s255287284494785446408038503505583587268,04/15/2021,Back pain,Low back pain,25.1,YES,NO,,02/28/2023,JH
vsafe-1-6-daily-dose2,JH6-19544-92563,s255287284494785446408038503505583587268,04/15/2021,Abdominal pain,Abdominal cramps,25.1,YES,NO,,02/28/2023,JH
vsafe-1-6-daily-dose2,JH6-19544-92563,s255287284494785446408038503505583587268,04/15/2021,Muscle spasms,Leg cramps,25.1,YES,NO,,02/28/2023,JH
vsafe-1-6-daily-dose2,JH6-19544-92563,s255287284494785446408038503505583587268,04/15/2021,Visual impairment,Vision abnormal,25.1,YES,NO,,02/28/2023,JH
vsafe-1-6-daily-dose2,JH6-19544-92563,s255287284494785446408038503505583587268,04/15/2021,Self-medication,Self-medication,25.1,YES,NO,,02/28/2023,JH
vsafe-1-6-daily-dose2,JH6-19544-92563,s255287284494785446408038503505583587268,04/15/2021,Asthenia,Weakness,25.1,YES,NO,,02/28/2023,JH
vsafe-1-6-daily-dose2,JH6-19544-92563,s255287284494785446408038503505583587268,04/15/2021,Presyncope,Near fainting,25.1,YES,NO,,02/28/2023,JH
vsafe-1-6-daily-dose2,JHG-46333-50784,s255265294100992487002024742603004210413,04/15/2021,Palpitations,Palpitations,25.1,YES,NO,,02/28/2023,JH
vsafe-1-6-daily-dose2,JHL-20882-48497,s255371796064893641430163527996973688805,04/16/2021,Office visit,Office visit,25.1,YES,NO,,03/01/2023,JH
vsafe-1-6-daily-dose2,JHL-20882-48497,s255371796064893641430163527996973688805,04/16/2021,Herpes zoster,Shingles,25.1,YES,NO,,03/01/2023,JH
vsafe-1-6-daily-dose1,JHW-12900-19155,s255468316396652920151622313841561055152,04/17/2021,Respiratory tract congestion,Respiratory tract congestion,25.1,YES,NO,,03/02/2023,JH
vsafe-7-day-dose2,JHL-20882-48497,s255595176199718663081266869788268488125,04/18/2021,Herpes zoster,Shingles,26.0,YES,NO,,03/23/2023,JH
vsafe-7-day-dose1,JHH-22299-62732,s257670890832511898088773138380055260379,05/08/2021,Dyspepsia,Heartburn,26.0,YES,NO,,03/17/2023,JH
vsafe-1-6-daily-dose1,JHD-19252-14833,s259335495354530562430363371491373508449,05/24/2021,Nerve block,Nerve block,26.0,NO,NO,08/18/2023,03/29/2023,JH
vsafe-1-6-daily-dose1,JHD-19252-14833,s259335495354530562430363371491373508449,05/24/2021,Neuralgia,Nerve pain,26.0,YES,YES,08/18/2023,03/29/2023,JH
vsafe-1-6-daily-dose1,JHD-19252-14833,s259450565377970097500210810785022767968,05/25/2021,Herpes zoster,Shingles,26.0,YES,NO,,03/29/2023,JH
vsafe-1-6-daily-dose1,JHD-19252-14833,s259450565377970097500210810785022767968,05/25/2021,Neuralgia,Nerve pain,26.0,YES,NO,,03/29/2023,JH
vsafe-0-day-dose3,JHH-11830-63318,s272941668756475430000211312786977481570,10/01/2021,No adverse event,No adverse reaction,26.1,YES,NO,,10/20/2023,JH
vsafe-1-6-daily-dose3,JH6-19544-92563,s277726280150619922004734126765592159769,11/16/2021,Pain in extremity,Pain in calf,26.1,YES,NO,,01/12/2024,JH
vsafe-1-6-daily-dose3,JH6-19544-92563,s277832602999183504042629249140112672199,11/17/2021,Axillary pain,Armpit pain,26.1,YES,NO,,01/15/2024,JH
vsafe-1-6-daily-dose3,JH6-19544-92563,s278078958988475320767429657698941722654,11/19/2021,Dizziness,Dizzy,26.1,YES,NO,,01/16/2024,JH
vsafe-1-6-daily-dose3,JH6-19544-92563,s278078958988475320767429657698941722654,11/19/2021,Asthenia,Feelings of weakness,26.1,YES,NO,,01/16/2024,JH
vsafe-1-6-daily-dose3,JH6-19544-92563,s278144161593874083947522293953139991562,11/20/2021,Dizziness,Dizziness,26.1,YES,NO,,01/17/2024,JH
vsafe-1-6-daily-dose3,JH6-19544-92563,s278144161593874083947522293953139991562,11/20/2021,Coordination abnormal,Lack of coordination,26.1,YES,NO,,01/17/2024,JH
vsafe-1-6-daily-dose3,JHJ-28193-22581,s281264708270936748651129668930305172443,12/20/2021,Emergency care,Emergency care,26.1,YES,NO,,02/19/2024,JH
vsafe-1-6-daily-dose3,JHJ-28193-22581,s281264708270936748651129668930305172443,12/20/2021,Muscle spasms,Muscle spasms,26.1,YES,NO,,02/19/2024,JH
vsafe-0-day-dose4,JH6-19544-92563,s294764555270101079234562139249726619077,04/28/2022,Swelling,Feeling swollen,27.0,YES,NO,,05/01/2024,JH
vsafe-1-6-daily-dose4,JH6-19544-92563,s294962963665260407309036652087369940594,04/30/2022,Limb discomfort,Heaviness in leg,27.0,YES,NO,,05/03/2024,JH
vsafe-1-6-daily-dose4,JHH-11830-63318,s295068514298614502489261297357764084267,05/01/2022,Pyrexia,Fever,27.0,YES,NO,,05/03/2024,JH
vsafe-1-6-daily-dose4,JHH-11830-63318,s295068514298614502489261297357764084267,05/01/2022,Pain,Generalized aching,27.0,YES,NO,,05/03/2024,JH
vsafe-1-6-daily-dose4,JHH-11830-63318,s295068514298614502489261297357764084267,05/01/2022,Headache,Headache,27.0,YES,NO,,05/03/2024,JH
vsafe-1-6-daily-dose4,JHH-11830-63318,s295068514298614502489261297357764084267,05/01/2022,Arthralgia,Joint pain,27.0,YES,NO,,05/03/2024,JH
vsafe-1-6-daily-dose4,JHH-11830-63318,s295068514298614502489261297357764084267,05/01/2022,Fatigue,Tiredness,27.0,YES,NO,,05/03/2024,JH
vsafe-1-6-daily-dose4,JH6-19544-92563,s295165419924054367453088984784100263158,05/02/2022,Migraine,Migraine,27.0,YES,NO,,05/06/2024,JH
vsafe-1-6-daily-dose4,JH6-19544-92563,s295165419924054367453088984784100263158,05/02/2022,Hyperhidrosis,Sweating,27.0,YES,NO,,05/06/2024,JH
vsafe-1-6-daily-dose4,JH6-19544-92563,s295165419924054367453088984784100263158,05/02/2022,Nasal congestion,Nasal stuffiness,27.0,YES,NO,,05/06/2024,JH
vsafe-7-day-dose4,JH6-19544-92563,s295478033164137908169155733825535010550,05/05/2022,Fluid retention,Water retention,27.0,YES,NO,,05/08/2024,JH
vsafe-7-day-dose4,JH6-19544-92563,s295478033164137908169155733825535010550,05/05/2022,Hyperhidrosis,Excess sweating,27.0,YES,NO,,05/08/2024,JH
vsafe-7-day-dose4,JH6-19544-92563,s295478033164137908169155733825535010550,05/05/2022,Brain fog,Brain fog,27.0,YES,NO,,05/08/2024,JH
vsafe-1-6-daily-dose4,JHQ-26779-35851,s309282577444837891033853346683432924753,09/14/2022,Rhinorrhoea,Runny nose,27.0,YES,NO,,06/20/2024,JH
vsafe-1-6-daily-dose4,JHQ-26779-35851,s309282577444837891033853346683432924753,09/14/2022,Eye pain,Eye pain,27.0,YES,NO,,06/20/2024,JH
vsafe-1-6-daily-dose4,JHQ-26779-35851,s309571397941280780292651792170708780413,09/17/2022,Rhinorrhoea,Runny nose,27.0,YES,NO,,06/21/2024,JH
vsafe-0-day-dose5,JH6-19544-92563,s313274388019477485489761372629044450972,10/22/2022,Tremor,Trembling,27.0,YES,NO,,07/10/2024,JH
vsafe-1-6-daily-dose5,JH6-19544-92563,s313370690518322865214572116265742766836,10/23/2022,Diarrhoea,Diarrhea,27.0,YES,NO,,07/10/2024,JH
vsafe-1-6-daily-dose5,JH6-19544-92563,s313370690518322865214572116265742766836,10/23/2022,Autonomic seizure,Abdominal epilepsy,27.0,YES,NO,,07/10/2024,JH
vsafe-1-6-daily-dose5,JH6-19544-92563,s313370690518322865214572116265742766836,10/23/2022,Constipation,Constipation,27.0,YES,NO,,07/10/2024,JH
vsafe-1-6-daily-dose5,JH6-19544-92563,s313465389539477570100491884746871845957,10/24/2022,Gastric dilatation,Distended stomach,27.0,YES,NO,,07/10/2024,JH
vsafe-1-6-daily-dose5,JH6-19544-92563,s313465389539477570100491884746871845957,10/24/2022,Intestinal dilatation,Distended bowel,27.0,YES,NO,,07/10/2024,JH
