SURVEY_STATIC_ID,REGISTRANT_CODE,RESPONSE_ID,STARTED_ON,PT_NAME,LLT_NAME,MEDDRA_VERSION,ACTIVE,NEWCODE,DATEUPDATED,DATECODED,REG_CODE_PREFIX
vsafe-0-day-dose1,NDD-18836-99818,s244215483447875120130554639679203487587,12/30/2020,Feeling abnormal,Foggy feeling in head,25.1,YES,NO,,10/31/2022,ND
vsafe-1-6-daily-dose1,ND6-18876-84626,s244311255038032247327609149375048747353,12/31/2020,Pre-existing disease,Pre-existing disease,25.1,YES,NO,,11/02/2022,ND
vsafe-1-6-daily-dose1,ND6-18876-84626,s244311255038032247327609149375048747353,12/31/2020,Blood glucose increased,Blood glucose increased,25.1,YES,NO,,11/02/2022,ND
vsafe-1-6-daily-dose1,ND6-18876-84626,s244311255038032247327609149375048747353,12/31/2020,Unevaluable event,Reaction unevaluable,25.1,NO,YES,05/12/2023,11/02/2022,ND
vsafe-1-6-daily-dose1,ND6-18876-84626,s244518679728729523769648824463202615196,01/02/2021,Blood glucose fluctuation,Blood sugar level fluctuation,25.1,YES,NO,,11/03/2022,ND
vsafe-1-6-daily-dose1,NDP-24060-92217,s244855045133204942146398278971407655991,01/05/2021,Injection site pain,Injection site pain,25.1,YES,NO,,11/04/2022,ND
vsafe-1-6-daily-dose1,NDU-72258-93121,s245253581773430825399891614257442880352,01/09/2021,Migraine,Migraine,25.1,YES,NO,,11/09/2022,ND
vsafe-1-6-daily-dose1,NDU-72258-93121,s245253581773430825399891614257442880352,01/09/2021,Osteoarthritis,Osteoarthritis,25.1,YES,NO,,11/09/2022,ND
vsafe-1-6-daily-dose1,NDU-72258-93121,s245253581773430825399891614257442880352,01/09/2021,Pre-existing disease,Pre-existing disease,25.1,YES,YES,01/19/2023,11/09/2022,ND
vsafe-1-6-daily-dose2,NDL-15662-66319,s246190378987188340247366850794538796188,01/18/2021,Migraine,Migraine,25.1,YES,NO,,11/18/2022,ND
vsafe-1-6-daily-dose2,NDL-15662-66319,s246190378987188340247366850794538796188,01/18/2021,Vision blurred,Blurry vision,25.1,YES,NO,,11/18/2022,ND
vsafe-1-6-daily-dose1,NDF-21026-73193,s247118779134823291297612540092332291863,01/27/2021,No adverse event,No adverse reaction,25.1,YES,NO,,11/28/2022,ND
vsafe-0-day-dose2,NDD-18836-99818,s247247772886353886830926635147633255510,01/28/2021,Immediate post-injection reaction,Immediate post-injection reaction,25.1,YES,NO,,11/28/2022,ND
vsafe-0-day-dose2,NDD-18836-99818,s247247772886353886830926635147633255510,01/28/2021,Tongue pruritus,Tongue itching,25.1,YES,NO,,11/28/2022,ND
vsafe-0-day-dose2,NDD-18836-99818,s247247772886353886830926635147633255510,01/28/2021,Swollen tongue,Swollen tongue,25.1,YES,NO,,11/28/2022,ND
vsafe-0-day-dose2,NDD-18836-99818,s247247772886353886830926635147633255510,01/28/2021,Peripheral swelling,Hand swelling,25.1,YES,NO,,11/28/2022,ND
vsafe-1-6-daily-dose2,ND6-18876-84626,s247229343555440044188186070736616162191,01/28/2021,Blood glucose increased,Blood glucose increased,25.1,YES,NO,,11/29/2022,ND
vsafe-1-6-daily-dose2,ND6-18876-84626,s247329290430648829906170175795296367127,01/29/2021,Hyperglycaemia,Hyperglycemia,25.1,YES,NO,,11/30/2022,ND
vsafe-1-6-daily-dose1,NDU-50032-71320,s248275214005340732543545542818281438026,02/07/2021,Injection site pain,Injection site tenderness,25.1,YES,NO,,12/11/2022,ND
vsafe-1-6-daily-dose1,NDU-50032-71320,s248380183928003131320874302853821940761,02/08/2021,Injection site pain,Injection site pain,25.1,YES,NO,,12/13/2022,ND
vsafe-1-6-daily-dose2,NDJ-33800-08763,s248577076890282482402813024248435181270,02/10/2021,Respiratory tract congestion,Respiratory tract congestion,25.1,YES,NO,,12/16/2022,ND
vsafe-1-6-daily-dose2,NDJ-21001-02237,s249936583095523532878493887409722928760,02/23/2021,Dizziness,Dizziness,25.1,YES,NO,,12/29/2022,ND
vsafe-1-6-daily-dose1,NDW-17788-96295,s251088940629657355336484807719411937969,03/06/2021,Insomnia,Sleeplessness,25.1,YES,NO,,01/10/2023,ND
vsafe-1-6-daily-dose1,NDW-17788-96295,s251189137783318560229941301312389562939,03/07/2021,Toothache,Toothache,25.1,YES,NO,,01/11/2023,ND
vsafe-0-day-dose1,NDQ-20144-98156,s251295773405266202918044379409644423638,03/08/2021,No adverse event,No adverse reaction,25.1,YES,NO,,01/11/2023,ND
vsafe-1-6-daily-dose2,NDT-17318-49177,s251813266597084744027555668042453792648,03/13/2021,Abdominal pain,Abdominal cramps,25.1,YES,NO,,01/24/2023,ND
vsafe-1-6-daily-dose1,ND3-31007-06884,s251929026035788322993666795209830887433,03/14/2021,Myalgia,Muscle pain,25.1,YES,NO,,01/25/2023,ND
vsafe-1-6-daily-dose2,NDB-19936-07068,s251919207023115346550109463390051776602,03/14/2021,Pyrexia,Low grade fever,25.1,YES,NO,,01/25/2023,ND
vsafe-1-6-daily-dose2,NDB-19936-07068,s251919207023115346550109463390051776602,03/14/2021,Abdominal pain,Abdominal pain localized,25.1,YES,NO,,01/25/2023,ND
vsafe-1-6-daily-dose2,NDQ-40786-63879,s252029764633960737855709330855367993386,03/15/2021,Arthralgia,Shoulder pain,25.1,YES,NO,,01/26/2023,ND
vsafe-1-6-daily-dose1,NDH-55046-76915,s252550502255262523364310478842793460572,03/20/2021,Hypoaesthesia,Numbness in hand,25.1,YES,NO,,01/31/2023,ND
vsafe-1-6-daily-dose1,NDH-55046-76915,s252550502255262523364310478842793460572,03/20/2021,Hypoaesthesia,Numbness in fingers,25.1,YES,NO,,01/31/2023,ND
vsafe-1-6-daily-dose1,NDH-55046-76915,s252550502255262523364310478842793460572,03/20/2021,Paraesthesia,Tingling of extremity,25.1,YES,NO,,01/31/2023,ND
vsafe-1-6-daily-dose1,NDH-55046-76915,s252550502255262523364310478842793460572,03/20/2021,Paraesthesia,Localized tingling,25.1,YES,NO,,01/31/2023,ND
vsafe-1-6-daily-dose2,NDW-17788-96295,s253271899002901767459407710141465362721,03/27/2021,Nasopharyngitis,Cold symptoms,25.1,YES,NO,,02/08/2023,ND
vsafe-1-6-daily-dose2,NDW-17788-96295,s253271899002901767459407710141465362721,03/27/2021,Respiratory tract congestion,Respiratory tract congestion,25.1,YES,NO,,02/08/2023,ND
vsafe-1-6-daily-dose2,NDW-17788-96295,s253271899002901767459407710141465362721,03/27/2021,Throat irritation,Scratchy throat,25.1,YES,NO,,02/08/2023,ND
vsafe-0-day-dose2,NDY-12920-45306,s254436924244551652569071902375199535012,04/07/2021,Presyncope,Vasovagal reaction,25.1,YES,NO,,02/17/2023,ND
vsafe-0-day-dose2,NDY-12920-45306,s254436924244551652569071902375199535012,04/07/2021,Immediate post-injection reaction,Immediate post-injection reaction,25.1,YES,NO,,02/17/2023,ND
vsafe-0-day-dose2,NDY-12920-45306,s254436924244551652569071902375199535012,04/07/2021,Dizziness,Felt faint,25.1,YES,NO,,02/17/2023,ND
vsafe-1-6-daily-dose2,NDH-55046-76915,s254844975161796128750011520184704705704,04/11/2021,Swelling,Local swelling,25.1,YES,NO,,02/23/2023,ND
vsafe-1-6-daily-dose2,NDH-55046-76915,s254844975161796128750011520184704705704,04/11/2021,Axillary pain,Armpit pain,25.1,YES,NO,,02/23/2023,ND
vsafe-1-6-daily-dose1,NDU-22067-26958,s254948776207252790362543487722357190649,04/12/2021,Asthenia,Weakness,25.1,YES,NO,,02/23/2023,ND
vsafe-1-6-daily-dose1,NDU-22067-26958,s254948776207252790362543487722357190649,04/12/2021,Tinnitus,Ringing in ears,25.1,YES,NO,,02/23/2023,ND
vsafe-1-6-daily-dose2,NDH-55046-76915,s254955482019679875279260503849266980680,04/12/2021,Swelling,Swelling,25.1,YES,NO,,02/24/2023,ND
vsafe-1-6-daily-dose2,NDH-55046-76915,s254955482019679875279260503849266980680,04/12/2021,Axillary pain,Axillary pain,25.1,YES,NO,,02/24/2023,ND
vsafe-1-6-daily-dose1,NDU-22067-26958,s255054104163296437349736451307293282341,04/13/2021,Asthenia,Weakness,25.1,YES,NO,,02/24/2023,ND
vsafe-1-6-daily-dose2,NDH-55046-76915,s255061555197960656016910066418685989383,04/13/2021,Swelling,Swelling,25.1,YES,NO,,02/25/2023,ND
vsafe-1-6-daily-dose2,NDH-55046-76915,s255061555197960656016910066418685989383,04/13/2021,Axillary pain,Axillary pain,25.1,YES,NO,,02/25/2023,ND
vsafe-1-6-daily-dose2,NDH-55046-76915,s255166354753471427001712623790794138756,04/14/2021,Axillary pain,Axillary pain,25.1,YES,NO,,03/01/2023,ND
vsafe-0-day-dose1,ND5-18373-68780,s255284198311414770976215648781063616501,04/15/2021,Fatigue,Fatigue,25.1,YES,NO,,02/27/2023,ND
vsafe-1-6-daily-dose2,NDH-55046-76915,s255274718663030453140080025086101993726,04/15/2021,Axillary pain,Axillary pain,25.1,YES,NO,,02/28/2023,ND
vsafe-1-6-daily-dose1,ND5-18373-68780,s255374629772294305097614932121123176731,04/16/2021,Dizziness,Dizziness,25.1,YES,NO,,02/28/2023,ND
vsafe-7-day-dose2,NDH-55046-76915,s255371817078928247789163722129260860506,04/16/2021,Pain in extremity,Pain in arm,25.1,YES,NO,,03/02/2023,ND
vsafe-1-6-daily-dose1,ND5-18373-68780,s255479050000610892011953105280659281487,04/17/2021,Rhinorrhoea,Runny nose,25.1,YES,NO,,03/02/2023,ND
vsafe-7-day-dose1,NDU-22067-26958,s255468270655510442904793380595402696661,04/17/2021,Tinnitus,Ringing in ears,26.0,YES,NO,,03/23/2023,ND
vsafe-1-6-daily-dose2,NDV-92483-85185,s255905016684612864354596217895663611180,04/21/2021,Injection site warmth,Injection site warmth,25.1,YES,NO,,03/06/2023,ND
vsafe-1-6-daily-dose2,NDM-25508-93540,s256613639002922530000999310254146215169,04/28/2021,Symptom recurrence,Symptom recurrence,26.0,YES,NO,,03/09/2023,ND
vsafe-1-6-daily-dose2,NDM-25508-93540,s256613639002922530000999310254146215169,04/28/2021,Arthralgia,Shoulder pain,26.0,YES,NO,,03/09/2023,ND
vsafe-1-6-daily-dose2,NDM-25508-93540,s256613639002922530000999310254146215169,04/28/2021,Pain in extremity,Pain in arm,26.0,YES,NO,,03/09/2023,ND
vsafe-1-6-daily-dose2,NDM-25508-93540,s256613639002922530000999310254146215169,04/28/2021,Pain in extremity,Pain in fingers,26.0,YES,NO,,03/09/2023,ND
vsafe-7-day-dose2,NDM-25508-93540,s257135916565746963585943403773624478430,05/03/2021,Pyrexia,Fever,25.1,YES,NO,,03/14/2023,ND
vsafe-1-6-daily-dose2,ND5-18373-68780,s258081968269322075076417321570176492546,05/12/2021,Cough,Cough,26.0,YES,NO,,03/20/2023,ND
vsafe-1-6-daily-dose2,ND5-16274-99064,s258400235432924557179609436872174606824,05/15/2021,Pain in extremity,Pain in fingers,26.0,YES,NO,,03/22/2023,ND
vsafe-1-6-daily-dose2,ND5-16274-99064,s258400235432924557179609436872174606824,05/15/2021,Pain in extremity,Pain in toe,26.0,YES,NO,,03/22/2023,ND
vsafe-7-day-dose2,ND5-16274-99064,s259035005227622028612179465995876451949,05/21/2021,Oropharyngeal pain,Sore throat,26.0,YES,NO,,03/29/2023,ND
vsafe-1-6-daily-dose1,NDF-48892-24385,s267172644542545630029066518444425004872,08/07/2021,Adverse reaction,Adverse reaction,26.0,YES,NO,,05/23/2023,ND
vsafe-1-6-daily-dose2,NDB-16911-16475,s267160346261616239057436819298588486632,08/07/2021,Fatigue,Fatigue,26.0,YES,NO,,05/23/2023,ND
vsafe-1-6-daily-dose1,NDJ-58007-52618,s244614746511910450611404705243157104496,01/03/2021,Condition aggravated,Condition aggravated,25.1,NO,NO,01/18/2023,11/03/2022,ND
vsafe-1-6-daily-dose1,NDJ-58007-52618,s244614746511910450611404705243157104496,01/03/2021,Inflammation,Inflammation,25.1,NO,NO,01/18/2023,11/03/2022,ND
vsafe-1-6-daily-dose1,NDJ-58007-52618,s244614746511910450611404705243157104496,01/03/2021,Pruritus,Itching,25.1,NO,NO,01/18/2023,11/03/2022,ND
vsafe-1-6-daily-dose1,NDJ-58007-52618,s244614746511910450611404705243157104496,01/03/2021,Pre-existing disease,Pre-existing disease,25.1,YES,YES,01/18/2023,11/03/2022,ND
vsafe-1-6-daily-dose1,NDJ-58007-52618,s244614746511910450611404705243157104496,01/03/2021,Inflammation,Inflammation localized,25.1,YES,YES,01/18/2023,11/03/2022,ND
vsafe-1-6-daily-dose1,NDJ-58007-52618,s244614746511910450611404705243157104496,01/03/2021,Rash pruritic,Itchy rash,25.1,YES,YES,01/18/2023,11/03/2022,ND
vsafe-1-6-daily-dose1,NDJ-58007-52618,s244710635125688756778494549649154270451,01/04/2021,Condition aggravated,Condition aggravated,25.1,YES,NO,,11/04/2022,ND
vsafe-1-6-daily-dose1,NDJ-58007-52618,s244710635125688756778494549649154270451,01/04/2021,Pre-existing disease,Pre-existing disease,25.1,YES,YES,01/18/2023,11/04/2022,ND
vsafe-1-6-daily-dose1,NDJ-58007-52618,s244710635125688756778494549649154270451,01/04/2021,Pruritus,Itching,25.1,YES,YES,01/18/2023,11/04/2022,ND
vsafe-1-6-daily-dose1,NDJ-58007-52618,s244710635125688756778494549649154270451,01/04/2021,Rash,Skin rash,25.1,YES,YES,01/18/2023,11/04/2022,ND
vsafe-1-6-daily-dose1,NDF-62169-59352,s245239620262053493991703973299848125446,01/09/2021,Pain,Generalized aching,25.1,YES,NO,,11/09/2022,ND
vsafe-1-6-daily-dose1,NDR-22071-62387,s245243494516476653321345201097650368586,01/09/2021,Decreased appetite,Appetite lost,25.1,YES,NO,,11/09/2022,ND
vsafe-1-6-daily-dose1,NDV-38524-63927,s245991198473989035277081420808701271010,01/16/2021,Feeling hot,Feeling hot,25.1,YES,NO,,11/16/2022,ND
vsafe-1-6-daily-dose1,NDV-38524-63927,s245991198473989035277081420808701271010,01/16/2021,Hyperhidrosis,Drenching sweats,25.1,YES,NO,,11/16/2022,ND
vsafe-1-6-daily-dose1,NDV-38524-63927,s246081349566679121923364533094555722405,01/17/2021,Chills,Chills,25.1,YES,NO,,11/17/2022,ND
vsafe-1-6-daily-dose1,ND4-11578-27274,s246183029565573717118555491569517651191,01/18/2021,Night sweats,Night sweats,25.1,YES,NO,,11/18/2022,ND
vsafe-1-6-daily-dose1,NDV-38524-63927,s246530597113592359507255530858778069979,01/21/2021,Migraine,Migraine,25.1,YES,NO,,11/21/2022,ND
vsafe-7-day-dose1,NDV-38524-63927,s246617346186128604454602509721759517005,01/22/2021,Night sweats,Night sweats,25.1,YES,NO,,11/22/2022,ND
vsafe-1-6-daily-dose1,ND8-26413-15160,s246703480593588099936278974333715097426,01/23/2021,Injection site pain,Pain injection site,25.1,YES,NO,,11/22/2022,ND
vsafe-1-6-daily-dose1,ND9-11786-36649,s246810051089115644970460114731007641088,01/24/2021,Muscular weakness,Weakness in extremity,25.1,YES,NO,,11/23/2022,ND
vsafe-1-6-daily-dose1,ND3-16009-07379,s246912453864067412876258267075986476148,01/25/2021,Nasal dryness,Dry nose,25.1,YES,NO,,11/23/2022,ND
vsafe-1-6-daily-dose1,ND9-11786-36649,s246917595285552559095898806146340387230,01/25/2021,Hypoaesthesia,Numbness in leg,25.1,YES,NO,,11/23/2022,ND
vsafe-1-6-daily-dose1,ND9-11786-36649,s246917595285552559095898806146340387230,01/25/2021,Muscular weakness,Weakness of limbs,25.1,YES,NO,,11/23/2022,ND
vsafe-7-day-dose1,ND3-16009-07379,s247116250474240334723278288793002206239,01/27/2021,Ocular hyperaemia,Eyes red,25.1,YES,NO,,11/28/2022,ND
vsafe-7-day-dose1,ND3-16009-07379,s247116250474240334723278288793002206239,01/27/2021,Ocular hyperaemia,Eye blood shot,25.1,YES,NO,,11/28/2022,ND
vsafe-1-6-daily-dose2,NDY-60558-66952,s247324758820240967484867270978015239698,01/29/2021,Dizziness,Light-headed,25.1,YES,NO,,11/30/2022,ND
vsafe-1-6-daily-dose2,NDY-60558-66952,s247324758820240967484867270978015239698,01/29/2021,Dizziness,Dizzy,25.1,YES,NO,,11/30/2022,ND
vsafe-1-6-daily-dose1,NDC-43044-43021,s247434040844210611619471926466559234646,01/30/2021,Dizziness,Dizzy,25.1,YES,NO,,11/30/2022,ND
vsafe-1-6-daily-dose2,NDH-13179-68293,s247532227161964831214755547511821856488,01/31/2021,Dizziness,Dizziness,25.1,YES,NO,,12/01/2022,ND
vsafe-0-day-dose2,NDZ-14886-75100,s247949991470353802636136444977803314907,02/04/2021,No adverse event,No adverse reaction,25.1,YES,NO,,12/06/2022,ND
vsafe-1-6-daily-dose2,NDZ-14886-75100,s248264688797460282268165359942941445436,02/07/2021,Vertigo,Vertigo,25.1,YES,NO,,12/12/2022,ND
vsafe-1-6-daily-dose1,NDX-13923-74669,s248371027683580557997774573219376448278,02/08/2021,Unevaluable event,Reaction unevaluable,25.1,YES,NO,,12/13/2022,ND
vsafe-0-day-dose2,NDV-38524-63927,s248789422266663992306508177054617960646,02/12/2021,Flushing,Flushed face,25.1,YES,NO,,12/20/2022,ND
vsafe-1-6-daily-dose2,ND4-11578-27274,s248811901521542761855849362943713650681,02/12/2021,Nasal congestion,Nasal congestion,25.1,YES,NO,,12/20/2022,ND
vsafe-1-6-daily-dose2,ND4-11578-27274,s248811901521542761855849362943713650681,02/12/2021,Rhinorrhoea,Nasal discharge,25.1,YES,NO,,12/20/2022,ND
vsafe-1-6-daily-dose2,ND4-11578-27274,s248811901521542761855849362943713650681,02/12/2021,Chest pain,Chest pain,25.1,YES,NO,,12/20/2022,ND
vsafe-1-6-daily-dose2,ND4-11578-27274,s248811901521542761855849362943713650681,02/12/2021,Palpitations,Palpitations,25.1,YES,NO,,12/20/2022,ND
vsafe-1-6-daily-dose2,ND8-32351-86093,s248799720236670557991473930650442703568,02/12/2021,Fatigue,Fatigue,25.1,YES,NO,,12/20/2022,ND
vsafe-1-6-daily-dose2,ND8-32351-86093,s248799720236670557991473930650442703568,02/12/2021,Pyrexia,Fever,25.1,YES,NO,,12/20/2022,ND
vsafe-1-6-daily-dose2,NDT-11287-84846,s248813787464028183556850202414684974551,02/12/2021,Heart rate increased,Heart rate increased,25.1,YES,NO,,12/20/2022,ND
vsafe-1-6-daily-dose2,NDV-38524-63927,s249016950557872026988213612168478355233,02/14/2021,Pyrexia,Fever,25.1,YES,NO,,12/22/2022,ND
vsafe-1-6-daily-dose2,NDV-38524-63927,s249110464423329738747602250774721769356,02/15/2021,Pyrexia,Feverish,25.1,YES,NO,,12/22/2022,ND
vsafe-1-6-daily-dose2,NDV-38524-63927,s249110464423329738747602250774721769356,02/15/2021,Self-medication,Self-medication,25.1,YES,NO,,12/22/2022,ND
vsafe-1-6-daily-dose2,NDV-38524-63927,s249321929453494837430154351420121983129,02/17/2021,Insomnia,Sleeplessness,25.1,YES,NO,,12/24/2022,ND
vsafe-1-6-daily-dose2,NDV-38524-63927,s249428765639780516571780214679522664990,02/18/2021,Migraine,Migraine,25.1,YES,NO,,12/27/2022,ND
vsafe-1-6-daily-dose2,ND3-16009-07379,s249724834807640695481503876718768322501,02/21/2021,Chest discomfort,Chest heaviness,25.1,YES,NO,,12/29/2022,ND
vsafe-1-6-daily-dose2,ND3-16009-07379,s249724834807640695481503876718768322501,02/21/2021,Feeling cold,Feeling cold,25.1,YES,NO,,12/29/2022,ND
vsafe-1-6-daily-dose2,ND3-16009-07379,s249724834807640695481503876718768322501,02/21/2021,Peripheral coldness,Cold hands,25.1,YES,NO,,12/29/2022,ND
vsafe-1-6-daily-dose2,NDJ-65750-45194,s250362271595847554093963933064142431492,02/27/2021,Dyspepsia,Indigestion,25.1,YES,NO,,01/04/2023,ND
vsafe-1-6-daily-dose1,NDV-69786-82741,s250474506650946560502427724275012777380,02/28/2021,Rheumatoid arthritis,Rheumatoid arthritis,25.1,YES,NO,,01/04/2023,ND
vsafe-1-6-daily-dose1,NDV-69786-82741,s250474506650946560502427724275012777380,02/28/2021,Pre-existing disease,Pre-existing disease,25.1,YES,NO,,01/04/2023,ND
vsafe-0-day-dose2,ND8-26413-15160,s250671241394656964220015259554738270797,03/02/2021,Pain in extremity,Pain in arm,25.1,YES,NO,,01/05/2023,ND
vsafe-7-day-dose2,NDJ-65750-45194,s250988063153185172122779464077622791818,03/05/2021,Blood glucose decreased,Blood sugar decreased,25.1,YES,NO,,01/10/2023,ND
vsafe-7-day-dose2,ND9-11786-36649,s251200089595592052139696303392741312947,03/07/2021,Pain in extremity,Foot pain,25.1,YES,NO,,01/11/2023,ND
vsafe-7-day-dose2,ND9-11786-36649,s251200089595592052139696303392741312947,03/07/2021,Arthralgia,Joint pain,25.1,YES,NO,,01/11/2023,ND
vsafe-7-day-dose2,ND9-11786-36649,s251200089595592052139696303392741312947,03/07/2021,Myalgia,Muscle pain,25.1,YES,NO,,01/11/2023,ND
vsafe-7-day-dose2,ND9-11786-36649,s251200089595592052139696303392741312947,03/07/2021,Pyrexia,Low grade fever,25.1,YES,NO,,01/11/2023,ND
vsafe-1-6-daily-dose2,NDT-24202-86242,s251949125134579659023583227181441642973,03/14/2021,Hot flush,Hot flashes,25.1,YES,NO,,01/25/2023,ND
vsafe-1-6-daily-dose2,NDX-13923-74669,s252128597623755572102940847960440360703,03/16/2021,Chills,Chills,25.1,YES,NO,,01/26/2023,ND
vsafe-1-6-daily-dose2,NDX-13923-74669,s252128597623755572102940847960440360703,03/16/2021,Fatigue,Fatigue,25.1,YES,NO,,01/26/2023,ND
vsafe-1-6-daily-dose2,NDR-34516-65238,s252648953266033372122339195865373784425,03/21/2021,Headache,Headache,25.1,YES,NO,,02/01/2023,ND
vsafe-1-6-daily-dose2,NDR-34516-65238,s252748881875849364076328875969242367535,03/22/2021,Chills,Chills,25.1,YES,NO,,02/02/2023,ND
vsafe-1-6-daily-dose2,NDR-34516-65238,s252748881875849364076328875969242367535,03/22/2021,Feeling cold,Feeling cold,25.1,YES,NO,,02/02/2023,ND
vsafe-1-6-daily-dose2,NDV-69786-82741,s252861110593591166921484386166133940969,03/23/2021,Dizziness postural,Dizziness postural,25.1,YES,NO,,02/02/2023,ND
vsafe-0-day-dose1,NDE-33188-27818,s252965244067078884816309923770276659484,03/24/2021,No adverse event,No adverse reaction,25.1,YES,NO,,02/03/2023,ND
vsafe-1-6-daily-dose2,NDS-12251-70030,s253726443570321224517149015642515111193,03/31/2021,Lymphadenopathy,Lymph nodes cervical swollen,25.1,YES,NO,,02/10/2023,ND
vsafe-1-6-daily-dose2,NDS-12251-70030,s253726443570321224517149015642515111193,03/31/2021,Lymph node pain,Lymph node pain,26.1,YES,YES,09/08/2023,02/10/2023,ND
vsafe-1-6-daily-dose2,NDS-12251-70030,s253832587393828879732439001321815303648,04/01/2021,Lymph node pain,Lymph node pain,25.1,YES,NO,,02/13/2023,ND
vsafe-1-6-daily-dose2,NDS-12251-70030,s253832587393828879732439001321815303648,04/01/2021,Lymphadenopathy,Lymph nodes cervical swollen,25.1,YES,NO,,02/13/2023,ND
vsafe-1-6-daily-dose1,NDV-22519-48416,s253923425648116482270801995179460566271,04/02/2021,Hypoglycaemia,Hypoglycemia,25.1,YES,NO,,02/14/2023,ND
vsafe-1-6-daily-dose2,NDR-23944-50144,s255167937664823980323769327285116229274,04/14/2021,Lymphadenopathy,Lymph nodes cervical swollen,25.1,YES,NO,,03/01/2023,ND
vsafe-1-6-daily-dose2,NDR-23944-50144,s255167937664823980323769327285116229274,04/14/2021,Emergency care,Emergency care,25.1,YES,NO,,03/01/2023,ND
vsafe-1-6-daily-dose2,NDR-23944-50144,s255271383245822427107684068400374131425,04/15/2021,Lymphadenitis,Lymph node inflammation,25.1,YES,NO,,02/28/2023,ND
vsafe-1-6-daily-dose2,NDR-23944-50144,s255378992659974034721589909352411203688,04/16/2021,Lymphadenopathy,Swollen lymph nodes,25.1,YES,NO,,03/01/2023,ND
vsafe-7-day-dose1,NDE-51523-59135,s255357833864686654379513154273387620051,04/16/2021,Insomnia,Difficulty sleeping,25.1,YES,NO,,03/02/2023,ND
vsafe-7-day-dose1,ND5-17088-77628,s255561199113447958548901369970053235909,04/18/2021,Atrial flutter,Flutter atrial,26.0,YES,NO,,03/23/2023,ND
vsafe-1-6-daily-dose1,ND7-51970-38851,s255908776425023112646701750263697026312,04/21/2021,Dizziness,Dizziness,25.1,YES,NO,,03/06/2023,ND
vsafe-1-6-daily-dose2,NDE-33188-27818,s255999832279581783922698260037524684279,04/22/2021,Insomnia,Difficulty sleeping,25.1,YES,NO,,03/07/2023,ND
vsafe-0-day-dose2,ND6-22557-11434,s256201352559513260660738630737866681224,04/24/2021,Feeling abnormal,Foggy feeling in head,25.1,YES,NO,,03/08/2023,ND
vsafe-1-6-daily-dose2,NDE-33188-27818,s256198132156210866280442743187730748320,04/24/2021,Lymph node pain,Lymph node tenderness,25.1,YES,NO,,03/08/2023,ND
vsafe-7-day-dose1,ND7-51970-38851,s256308173511372555934523983653656730980,04/25/2021,Dizziness,Dizziness,25.1,YES,NO,,03/09/2023,ND
vsafe-1-6-daily-dose2,NDW-20602-21322,s256632794387038123357398492505243782337,04/28/2021,Ear discomfort,Sensation of pressure in ear,26.0,YES,NO,,03/09/2023,ND
vsafe-1-6-daily-dose2,NDW-20602-21322,s256632794387038123357398492505243782337,04/28/2021,Musculoskeletal discomfort,Neck discomfort,26.0,YES,NO,,03/09/2023,ND
vsafe-1-6-daily-dose2,NDW-20602-21322,s256632794387038123357398492505243782337,04/28/2021,Dizziness,Dizziness,26.0,YES,NO,,03/09/2023,ND
vsafe-7-day-dose2,NDW-20602-21322,s256740248200211029560775426523894823471,04/29/2021,Rash,Rash trunk,26.0,YES,NO,,03/10/2023,ND
vsafe-7-day-dose2,NDW-20602-21322,s256740248200211029560775426523894823471,04/29/2021,Dizziness,Dizziness,26.0,YES,NO,,03/10/2023,ND
vsafe-7-day-dose2,NDW-20602-21322,s256740248200211029560775426523894823471,04/29/2021,Inflammation,Inflammation,26.0,YES,NO,,03/10/2023,ND
vsafe-1-6-daily-dose2,ND7-51970-38851,s260477213245592272332106589057149743731,06/04/2021,Thirst,Excessive thirst,26.0,YES,NO,,04/03/2023,ND
vsafe-1-6-daily-dose1,NDH-18471-92521,s260597945934745252431547475125322041446,06/05/2021,Cough,Cough,26.0,YES,NO,,04/03/2023,ND
vsafe-1-6-daily-dose1,ND6-29515-69056,s245239532588367808372143294301357116760,01/09/2021,Paraesthesia,Localized tingling,25.1,NO,NO,01/19/2023,11/09/2022,ND
vsafe-1-6-daily-dose1,ND6-29515-69056,s245239532588367808372143294301357116760,01/09/2021,Paraesthesia,Tingling of extremity,25.1,YES,YES,01/19/2023,11/09/2022,ND
vsafe-1-6-daily-dose1,NDK-30020-49005,s246188417616133510423934117212171457552,01/18/2021,Dizziness,Dizziness,25.1,YES,NO,,11/18/2022,ND
vsafe-1-6-daily-dose1,NDZ-11881-68234,s246185659056996038351698418412643047371,01/18/2021,Pre-existing disease,Pre-existing disease,25.1,YES,NO,,11/18/2022,ND
vsafe-1-6-daily-dose1,NDK-30020-49005,s246282245961421001235497756952120432703,01/19/2021,Dizziness,Dizziness,25.1,YES,NO,,11/18/2022,ND
vsafe-1-6-daily-dose1,NDK-30020-49005,s246526134456234994943642072683087803623,01/21/2021,Rhinorrhoea,Runny nose,25.1,YES,NO,,11/21/2022,ND
vsafe-0-day-dose1,NDH-27048-57936,s247759237228134745220711054389271002250,02/02/2021,No adverse event,No adverse reaction,25.1,YES,NO,,12/02/2022,ND
vsafe-1-6-daily-dose1,ND2-27899-75497,s247960817782363809582991365582577360714,02/04/2021,Cough,Coughing,25.1,YES,NO,,12/06/2022,ND
vsafe-1-6-daily-dose1,NDL-71068-42849,s247960566973238095074593040704914210430,02/04/2021,Headache,Headache,25.1,YES,NO,,12/06/2022,ND
vsafe-1-6-daily-dose1,NDL-71068-42849,s247960566973238095074593040704914210430,02/04/2021,Fatigue,Fatigue,25.1,YES,NO,,12/06/2022,ND
vsafe-1-6-daily-dose1,ND2-27899-75497,s248067789813562103773955636947176830958,02/05/2021,Cough,Cough,25.1,YES,NO,,12/08/2022,ND
vsafe-1-6-daily-dose1,ND2-27899-75497,s248196804376174124604513733030034711362,02/06/2021,Cough,Cough,25.1,YES,NO,,12/09/2022,ND
vsafe-7-day-dose2,NDN-91268-42918,s248802368817169036316256480441930530984,02/12/2021,Erythema,Redness,25.1,YES,NO,,12/20/2022,ND
vsafe-7-day-dose2,NDN-91268-42918,s248802368817169036316256480441930530984,02/12/2021,Peripheral swelling,Swelling of feet,25.1,YES,NO,,12/20/2022,ND
vsafe-1-6-daily-dose2,NDK-30020-49005,s249011653925663861312653952737306395861,02/14/2021,Dizziness,Dizzy,25.1,YES,NO,,12/22/2022,ND
vsafe-7-day-dose2,NDZ-11881-68234,s249425337018399077475090433688728159058,02/18/2021,Sinusitis,Sinus infection,25.1,YES,NO,,12/27/2022,ND
vsafe-1-6-daily-dose2,NDK-30020-49005,s249423385313028579989692711662697238098,02/18/2021,Dizziness,Light-headed,25.1,YES,NO,,12/27/2022,ND
vsafe-1-6-daily-dose2,NDL-71068-42849,s250357934864456373356059562540188462167,02/27/2021,Pyrexia,Fever,25.1,YES,NO,,01/04/2023,ND
vsafe-1-6-daily-dose2,NDL-71068-42849,s250357934864456373356059562540188462167,02/27/2021,Headache,Headache,25.1,YES,NO,,01/04/2023,ND
vsafe-1-6-daily-dose2,NDL-71068-42849,s250357934864456373356059562540188462167,02/27/2021,Chills,Chills,25.1,YES,NO,,01/04/2023,ND
vsafe-1-6-daily-dose2,NDL-71068-42849,s250357934864456373356059562540188462167,02/27/2021,Pain,General body pain,25.1,YES,NO,,01/04/2023,ND
vsafe-1-6-daily-dose2,ND7-30210-80244,s250561432570274404609288781861036405516,03/01/2021,Headache,Headache,25.1,YES,NO,,01/05/2023,ND
vsafe-1-6-daily-dose2,ND7-30210-80244,s250561432570274404609288781861036405516,03/01/2021,Fatigue,Fatigue,25.1,YES,NO,,01/05/2023,ND
vsafe-1-6-daily-dose1,NDW-10753-35906,s250974618676721168666546011439318578633,03/05/2021,No adverse event,No adverse reaction,25.1,YES,NO,,01/09/2023,ND
vsafe-1-6-daily-dose1,NDW-10753-35906,s251188737370692966635488658087184348713,03/07/2021,No adverse event,No adverse reaction,25.1,YES,NO,,01/11/2023,ND
vsafe-1-6-daily-dose1,NDW-10753-35906,s251294766931010736242696069390462007975,03/08/2021,No adverse event,No adverse reaction,25.1,YES,NO,,01/11/2023,ND
vsafe-1-6-daily-dose1,NDW-10753-35906,s251399455619801674375405854455897979614,03/09/2021,No adverse event,No adverse reaction,25.1,YES,NO,,01/12/2023,ND
vsafe-1-6-daily-dose2,NDA-27675-60290,s251508688508531088881856804207379220694,03/10/2021,Neck pain,Neck pain,25.1,YES,NO,,01/13/2023,ND
vsafe-0-day-dose1,NDE-23709-33034,s251514094686465982058441931834471912629,03/10/2021,Dizziness,Dizziness,25.1,YES,NO,,01/12/2023,ND
vsafe-7-day-dose1,NDW-10753-35906,s251611303632608235632181078898615430276,03/11/2021,No adverse event,No adverse reaction,25.1,YES,NO,,01/23/2023,ND
vsafe-0-day-dose2,NDH-27048-57936,s252138470761841914663488229735542692357,03/16/2021,Groin pain,Groin pain,25.1,YES,NO,,01/26/2023,ND
vsafe-0-day-dose2,NDH-27048-57936,s252138470761841914663488229735542692357,03/16/2021,Pain,Pain upon movement,25.1,YES,NO,,01/26/2023,ND
vsafe-1-6-daily-dose1,NDG-56470-10207,s252344260316961051667501939353558061352,03/18/2021,Injection site pain,Pain injection site,25.1,YES,NO,,01/30/2023,ND
vsafe-0-day-dose1,ND2-27052-41147,s252442222754138478408890336773046720918,03/19/2021,Dysgeusia,Taste metallic,25.1,YES,NO,,01/30/2023,ND
vsafe-0-day-dose1,ND2-27052-41147,s252442222754138478408890336773046720918,03/19/2021,Immediate post-injection reaction,Immediate post-injection reaction,25.1,YES,NO,,01/30/2023,ND
vsafe-1-6-daily-dose1,NDG-56470-10207,s252550378505764934127724616117694131662,03/20/2021,Musculoskeletal discomfort,Neck discomfort,25.1,YES,NO,,01/31/2023,ND
vsafe-1-6-daily-dose1,NDG-56470-10207,s252550378505764934127724616117694131662,03/20/2021,Head discomfort,Head discomfort,25.1,YES,NO,,01/31/2023,ND
vsafe-1-6-daily-dose1,ND8-65807-63418,s252858175419601456153764754557955126861,03/23/2021,Feeling jittery,Jitteriness,25.1,YES,NO,,02/02/2023,ND
vsafe-1-6-daily-dose1,ND8-65807-63418,s252858175419601456153764754557955126861,03/23/2021,Tremor,Shaking,25.1,YES,NO,,02/02/2023,ND
vsafe-1-6-daily-dose1,NDG-56470-10207,s252865199304140836262027602201663913679,03/23/2021,Dizziness,Light headedness,25.1,YES,NO,,02/02/2023,ND
vsafe-1-6-daily-dose1,ND8-65807-63418,s253071173372386066669642380662123690206,03/25/2021,Feeling abnormal,Foggy feeling in head,25.1,YES,NO,,02/06/2023,ND
vsafe-1-6-daily-dose1,ND8-65807-63418,s253071173372386066669642380662123690206,03/25/2021,Discomfort,Sensation of heaviness,25.1,YES,NO,,02/06/2023,ND
vsafe-1-6-daily-dose1,ND8-65807-63418,s253071173372386066669642380662123690206,03/25/2021,Sluggishness,Sluggishness,25.1,YES,NO,,02/06/2023,ND
vsafe-1-6-daily-dose1,ND8-65807-63418,s253071173372386066669642380662123690206,03/25/2021,Dissociation,Dissociation,25.1,YES,NO,,02/06/2023,ND
vsafe-1-6-daily-dose1,NDF-20647-83499,s253485218413606780712455186209911245056,03/29/2021,Pre-existing disease,Pre-existing disease,25.1,YES,NO,,02/09/2023,ND
vsafe-1-6-daily-dose1,NDF-20647-83499,s253485218413606780712455186209911245056,03/29/2021,Migraine,Migraine,25.1,YES,NO,,02/09/2023,ND
vsafe-1-6-daily-dose2,NDR-26511-08811,s253792079062045830006815424980437310164,04/01/2021,Syncope,Fainting,25.1,YES,NO,,02/13/2023,ND
vsafe-0-day-dose2,ND5-26273-35049,s254650344241243751010376381054333894128,04/09/2021,Urticaria,Hives,25.1,YES,NO,,02/21/2023,ND
vsafe-1-6-daily-dose2,ND5-26273-35049,s255159723278618838669547707739237137408,04/14/2021,Back pain,Low back pain,25.1,YES,NO,,03/01/2023,ND
vsafe-1-6-daily-dose2,ND5-26273-35049,s255263454911881799474706467703266912415,04/15/2021,Back pain,Low back pain,25.1,YES,NO,,02/28/2023,ND
vsafe-7-day-dose2,ND5-26273-35049,s255370773089679653940570368850411547671,04/16/2021,Back pain,Low back pain,25.1,YES,NO,,03/02/2023,ND
vsafe-7-day-dose2,ND5-35095-53700,s255363987892145499787896755018441328278,04/16/2021,Influenza like illness,Flu like symptoms,25.1,YES,NO,,03/02/2023,ND
vsafe-7-day-dose2,ND5-35095-53700,s255363987892145499787896755018441328278,04/16/2021,Pain,Generalized aching,25.1,YES,NO,,03/02/2023,ND
vsafe-7-day-dose2,ND5-35095-53700,s255363987892145499787896755018441328278,04/16/2021,Lethargy,Lethargy,25.1,YES,NO,,03/02/2023,ND
vsafe-7-day-dose2,ND5-35095-53700,s255363987892145499787896755018441328278,04/16/2021,Pyrexia,Feverish,25.1,YES,NO,,03/02/2023,ND
vsafe-7-day-dose2,ND5-35095-53700,s255363987892145499787896755018441328278,04/16/2021,Chillblains,Chillblains,25.1,YES,NO,,03/02/2023,ND
vsafe-7-day-dose2,ND5-35095-53700,s255363987892145499787896755018441328278,04/16/2021,Headache,Headache,25.1,YES,NO,,03/02/2023,ND
vsafe-7-day-dose2,ND5-35095-53700,s255363987892145499787896755018441328278,04/16/2021,Loss of personal independence in daily activities,Activities of daily living impaired,25.1,YES,NO,,03/02/2023,ND
vsafe-7-day-dose2,ND2-27052-41147,s256521668287001825546238582322966966069,04/27/2021,Upper respiratory tract infection,Upper respiratory infection,26.0,YES,NO,,03/24/2023,ND
vsafe-7-day-dose2,ND2-27052-41147,s256521668287001825546238582322966966069,04/27/2021,Seasonal allergy,Seasonal allergy,26.0,YES,NO,,03/24/2023,ND
vsafe-1-6-daily-dose1,NDN-36732-16253,s256634739799674440224635956435314412295,04/28/2021,Increased upper airway secretion,Throat secretion increased,26.0,YES,NO,,03/24/2023,ND
vsafe-1-6-daily-dose1,NDR-27105-01189,s244937806292829638351156123170085940610,01/06/2021,Tachycardia,Tachycardia,25.1,YES,NO,,11/07/2022,ND
vsafe-7-day-dose1,NDR-27105-01189,s245029263415634757285520839262671134698,01/07/2021,Tachycardia,Tachycardia,25.1,YES,NO,,11/08/2022,ND
vsafe-1-6-daily-dose1,ND2-16716-68063,s245342910834997651484910361470210541786,01/10/2021,Fatigue,Fatigue,25.1,YES,NO,,11/10/2022,ND
vsafe-1-6-daily-dose1,ND2-16716-68063,s245342910834997651484910361470210541786,01/10/2021,Chest discomfort,Chest tightness,25.1,YES,NO,,11/10/2022,ND
vsafe-1-6-daily-dose1,ND3-27513-29791,s245444307862924923847307114309938192120,01/11/2021,Sensory disturbance,Abnormal physical sensation,25.1,YES,NO,,11/10/2022,ND
vsafe-0-day-dose1,ND7-76783-69249,s245471029667202852323490233039463266334,01/11/2021,Unevaluable event,Reaction unevaluable,25.1,NO,NO,01/20/2023,11/10/2022,ND
vsafe-0-day-dose1,ND7-76783-69249,s245471029667202852323490233039463266334,01/11/2021,No adverse event,No adverse reaction,25.1,YES,YES,01/20/2023,11/10/2022,ND
vsafe-1-6-daily-dose1,ND2-16716-68063,s245764312970603678526390097565071329476,01/14/2021,Unevaluable event,Reaction unevaluable,25.1,YES,NO,,11/15/2022,ND
vsafe-1-6-daily-dose1,NDG-27277-78079,s246279704890158424205136586335052249773,01/19/2021,Ageusia,Loss of taste,25.1,YES,NO,,11/18/2022,ND
vsafe-7-day-dose1,ND7-76783-69249,s246265218857031023731080472544651424710,01/19/2021,Headache,Headache,25.1,YES,NO,,11/21/2022,ND
vsafe-7-day-dose1,ND7-76783-69249,s246265218857031023731080472544651424710,01/19/2021,Pain in extremity,Pain in arm,25.1,YES,NO,,11/21/2022,ND
vsafe-7-day-dose1,ND7-76783-69249,s246265218857031023731080472544651424710,01/19/2021,Fatigue,Tiredness,25.1,YES,NO,,11/21/2022,ND
vsafe-7-day-dose1,NDG-27277-78079,s246807990788447706302200070644037213669,01/24/2021,Bronchitis,Bronchitis,25.1,YES,NO,,11/23/2022,ND
vsafe-1-6-daily-dose1,NDX-69429-91462,s247544222370888788870210763470884487662,01/31/2021,Oedema peripheral,Edema arms,25.1,YES,NO,,12/01/2022,ND
vsafe-1-6-daily-dose1,NDD-13509-14511,s247646155183539921086801659886068987340,02/01/2021,Dizziness,Lightheadedness,25.1,YES,NO,,12/02/2022,ND
vsafe-1-6-daily-dose1,NDX-69429-91462,s247641110788004682753410132248531460167,02/01/2021,Axillary pain,Armpit pain,25.1,YES,NO,,12/02/2022,ND
vsafe-1-6-daily-dose2,ND7-13390-10724,s247948235923104018751709657152824676021,02/04/2021,Oropharyngeal pain,Sore throat,25.1,YES,NO,,12/07/2022,ND
vsafe-1-6-daily-dose2,ND7-13390-10724,s247948235923104018751709657152824676021,02/04/2021,Respiratory tract congestion,Respiratory tract congestion,25.1,YES,NO,,12/07/2022,ND
vsafe-1-6-daily-dose2,ND7-13390-10724,s248052665572822578660681869773339542676,02/05/2021,Respiratory tract congestion,Respiratory tract congestion,25.1,YES,NO,,12/08/2022,ND
vsafe-1-6-daily-dose2,ND7-13390-10724,s248052665572822578660681869773339542676,02/05/2021,Oropharyngeal pain,Sore throat,25.1,YES,NO,,12/08/2022,ND
vsafe-1-6-daily-dose2,NDG-27277-78079,s248281152523440941831016803929091090135,02/07/2021,Cough,Cough,25.1,YES,NO,,12/12/2022,ND
vsafe-1-6-daily-dose2,NDG-27277-78079,s248281152523440941831016803929091090135,02/07/2021,Paranasal sinus discomfort,Sinus pressure,25.1,YES,NO,,12/12/2022,ND
vsafe-1-6-daily-dose2,NDG-27277-78079,s248376882494530830216306309798166152175,02/08/2021,Cough,Cough,25.1,YES,NO,,12/13/2022,ND
vsafe-1-6-daily-dose2,NDG-27277-78079,s248376882494530830216306309798166152175,02/08/2021,Paranasal sinus discomfort,Sinus pressure,25.1,YES,NO,,12/13/2022,ND
vsafe-1-6-daily-dose2,NDY-18926-66747,s249307901175203254457114571193746875149,02/17/2021,Adverse reaction,Adverse reaction,25.1,YES,NO,,12/24/2022,ND
vsafe-1-6-daily-dose2,NDY-18926-66747,s249408698336062126810920974565182696643,02/18/2021,Sinusitis,Sinus infection,25.1,YES,NO,,12/27/2022,ND
vsafe-0-day-dose1,NDV-30520-29035,s250880709543945123628662212852766633671,03/04/2021,Immediate post-injection reaction,Immediate post-injection reaction,25.1,YES,NO,,01/07/2023,ND
vsafe-0-day-dose1,NDV-30520-29035,s250880709543945123628662212852766633671,03/04/2021,Vaginal haemorrhage,Vaginal bleeding,25.1,YES,NO,,01/07/2023,ND
vsafe-1-6-daily-dose1,NDV-30520-29035,s250982983345933973265140909426204116489,03/05/2021,Pain in extremity,Pain in arm,25.1,YES,NO,,01/09/2023,ND
vsafe-1-6-daily-dose1,NDV-30520-29035,s251306446478879301431036800095526505376,03/08/2021,Unevaluable event,Reaction unevaluable,25.1,YES,NO,,01/11/2023,ND
vsafe-1-6-daily-dose1,NDV-30520-29035,s251412733154220975905975693352142242202,03/09/2021,Unevaluable event,Reaction unevaluable,25.1,YES,NO,,01/12/2023,ND
vsafe-0-day-dose1,NDP-32556-21973,s252133985210389605670252846866078802918,03/16/2021,Dysgeusia,Taste metallic,25.1,YES,NO,,01/26/2023,ND
vsafe-1-6-daily-dose1,ND2-36227-71443,s254741543628154011741044154669801821359,04/10/2021,Unevaluable event,Reaction unevaluable,25.1,YES,NO,,02/22/2023,ND
vsafe-1-6-daily-dose1,ND2-36227-71443,s254954605187755955951221140835774677272,04/12/2021,Unevaluable event,Reaction unevaluable,25.1,YES,NO,,02/23/2023,ND
vsafe-0-day-dose2,ND7-32234-84923,s255679477971281996820937072995681888395,04/19/2021,Myalgia,Muscle pain,26.0,YES,NO,,03/23/2023,ND
vsafe-0-day-dose2,ND7-32234-84923,s255679477971281996820937072995681888395,04/19/2021,Pre-existing disease,Pre-existing disease,26.0,YES,NO,,03/23/2023,ND
vsafe-1-6-daily-dose2,ND7-32234-84923,s255791598534870745330872956091921784173,04/20/2021,Pre-existing disease,Pre-existing disease,25.1,YES,NO,,03/03/2023,ND
vsafe-1-6-daily-dose2,ND7-32234-84923,s255899022763093307331863042282505270737,04/21/2021,Arthralgia,Joint pain,25.1,YES,NO,,03/06/2023,ND
vsafe-1-6-daily-dose2,ND7-32234-84923,s255899022763093307331863042282505270737,04/21/2021,Myalgia,Muscle pain,25.1,YES,NO,,03/06/2023,ND
vsafe-1-6-daily-dose1,NDL-11527-18104,s256619851300614599374500921403392009606,04/28/2021,Restless legs syndrome,Restless legs,26.0,YES,NO,,03/24/2023,ND
vsafe-1-6-daily-dose1,NDL-11527-18104,s256740981172613053469143701125742614335,04/29/2021,Pre-existing disease,Pre-existing disease,25.1,YES,NO,,03/10/2023,ND
vsafe-1-6-daily-dose1,ND4-82797-70859,s244411507101083446360689713015228615639,01/01/2021,Hot flush,Hot flashes,25.1,YES,NO,,11/02/2022,ND
vsafe-1-6-daily-dose1,ND4-82797-70859,s244516117601451806938210695750510861166,01/02/2021,Palpitations,Palpitation,25.1,YES,NO,,11/03/2022,ND
vsafe-0-day-dose1,ND5-57607-50087,s245450053263079825992946469378695240590,01/11/2021,Hypersensitivity,Allergic reaction,25.1,YES,NO,,11/10/2022,ND
vsafe-1-6-daily-dose2,NDF-22535-81677,s245543569544089079339948728801108349690,01/12/2021,Headache,Headache,25.1,YES,NO,,11/11/2022,ND
vsafe-1-6-daily-dose2,NDF-22535-81677,s245543569544089079339948728801108349690,01/12/2021,Fatigue,Fatigue,25.1,YES,NO,,11/11/2022,ND
vsafe-1-6-daily-dose2,NDZ-12227-51061,s247858160193307642035183948264542740398,02/03/2021,Lymphadenopathy,Swollen lymph nodes,25.1,YES,NO,,12/06/2022,ND
vsafe-1-6-daily-dose2,NDZ-12227-51061,s247961476330668079749937932017676723996,02/04/2021,Lymphadenopathy,Supraclavicular lymph nodes enlarged,25.1,YES,NO,,12/07/2022,ND
vsafe-7-day-dose2,NDZ-12227-51061,s248069689585297032425619590732654995369,02/05/2021,Lymphadenopathy,Supraclavicular lymph nodes enlarged,25.1,YES,NO,,12/08/2022,ND
vsafe-1-6-daily-dose1,NDE-21918-22662,s248193712081038972526068511108462432911,02/06/2021,Musculoskeletal stiffness,Neck stiffness,25.1,YES,NO,,12/09/2022,ND
vsafe-0-day-dose2,ND3-20798-33011,s249003313675977246211686955313032493563,02/14/2021,Pre-existing disease,Pre-existing disease,25.1,YES,NO,,12/21/2022,ND
vsafe-1-6-daily-dose2,NDZ-11699-57154,s250460512139164655805710223389514986257,02/28/2021,Insomnia,Insomnia,25.1,YES,NO,,01/05/2023,ND
vsafe-1-6-daily-dose2,NDZ-11699-57154,s250566350473609338563031930722950248458,03/01/2021,Insomnia,Insomnia,25.1,YES,NO,,01/05/2023,ND
vsafe-7-day-dose1,NDE-91249-45124,s251218169935361140773170971782568111681,03/07/2021,Pre-existing disease,Pre-existing disease,25.1,YES,NO,,01/11/2023,ND
vsafe-7-day-dose1,NDE-91249-45124,s251218169935361140773170971782568111681,03/07/2021,Colitis microscopic,Colitis microscopic,25.1,YES,NO,,01/11/2023,ND
vsafe-1-6-daily-dose1,NDL-18638-47318,s251939828993736969766914116399561096646,03/14/2021,White blood cell count increased,White blood cell count increased,25.1,YES,NO,,01/25/2023,ND
vsafe-1-6-daily-dose1,NDL-18638-47318,s251939828993736969766914116399561096646,03/14/2021,Laboratory test,Lab test,25.1,YES,NO,,01/25/2023,ND
vsafe-1-6-daily-dose1,NDW-15672-23441,s251923101009008810054979439794846312065,03/14/2021,Abdominal distension,Bloating,25.1,YES,NO,,01/25/2023,ND
vsafe-1-6-daily-dose1,NDW-15672-23441,s251923101009008810054979439794846312065,03/14/2021,Abdominal discomfort,Stomach discomfort,25.1,YES,NO,,01/25/2023,ND
vsafe-1-6-daily-dose1,NDW-15672-23441,s251923101009008810054979439794846312065,03/14/2021,Diarrhoea,Diarrhea,25.1,YES,NO,,01/25/2023,ND
vsafe-1-6-daily-dose1,NDW-15672-23441,s251923101009008810054979439794846312065,03/14/2021,Anal incontinence,Fecal incontinence,25.1,YES,NO,,01/25/2023,ND
vsafe-1-6-daily-dose1,NDW-15672-23441,s251923101009008810054979439794846312065,03/14/2021,Pre-existing disease,Pre-existing disease,25.1,YES,NO,,01/25/2023,ND
vsafe-7-day-dose1,NDK-15118-77110,s252144328874333875969400683060970298954,03/16/2021,Fatigue,Tiredness,25.1,YES,NO,,01/27/2023,ND
vsafe-7-day-dose1,ND8-25852-21846,s252440054228068905481510183546804428479,03/19/2021,Dizziness,Light-headed,25.1,YES,NO,,01/31/2023,ND
vsafe-0-day-dose2,NDT-19189-31349,s253703783676244997744056134688578367926,03/31/2021,Dizziness,Light-headed,25.1,YES,NO,,02/10/2023,ND
vsafe-1-6-daily-dose2,NDW-15672-23441,s253702573912820290184539085096673271326,03/31/2021,Decreased appetite,Decreased appetite,25.1,YES,NO,,02/10/2023,ND
vsafe-0-day-dose2,ND4-32073-43758,s253805737039645558437645167471989785241,04/01/2021,No adverse event,No adverse reaction,25.1,YES,NO,,02/13/2023,ND
vsafe-0-day-dose2,ND7-14530-63458,s253841582234629157344231382865018522400,04/01/2021,Dysgeusia,Taste metallic,25.1,YES,NO,,02/13/2023,ND
vsafe-1-6-daily-dose2,NDT-19189-31349,s253810408453467652079306206906432529340,04/01/2021,Dizziness,Light-headed,25.1,YES,NO,,02/13/2023,ND
vsafe-1-6-daily-dose2,ND4-32073-43758,s253900787549597900329802405557708659918,04/02/2021,Flushing,Flushed face,25.1,YES,NO,,02/14/2023,ND
vsafe-1-6-daily-dose2,ND7-14530-63458,s253918581265263145272834171499914623004,04/02/2021,Dysgeusia,Taste metallic,25.1,YES,NO,,02/14/2023,ND
vsafe-1-6-daily-dose2,NDL-18638-47318,s253912652457549324166813952739631605615,04/02/2021,Injection site pain,Pain injection site,25.1,YES,NO,,02/14/2023,ND
vsafe-1-6-daily-dose2,NDT-19189-31349,s253914978606388531772113238757248486117,04/02/2021,Dizziness,Light-headed,25.1,YES,NO,,02/14/2023,ND
vsafe-1-6-daily-dose2,NDT-19189-31349,s254016157829366301215850216431318346713,04/03/2021,Dizziness,Light-headed,25.1,YES,NO,,02/15/2023,ND
vsafe-7-day-dose2,NDW-23130-89245,s254436026148581788481376212378349879233,04/07/2021,Adverse reaction,Adverse reaction,25.1,YES,NO,,02/20/2023,ND
vsafe-1-6-daily-dose2,NDD-22996-56293,s254750683038717190114429080466163932271,04/10/2021,Constipation,Constipation,25.1,YES,NO,,02/22/2023,ND
vsafe-1-6-daily-dose2,ND8-25852-21846,s254836724433968182621292879061866701425,04/11/2021,Dizziness,Light-headed,25.1,YES,NO,,02/23/2023,ND
vsafe-1-6-daily-dose2,NDD-22996-56293,s254874955860013061171062822022096225613,04/11/2021,Constipation,Constipation,25.1,YES,NO,,02/23/2023,ND
vsafe-1-6-daily-dose1,NDV-12925-23853,s254949209305633307284083005519668367539,04/12/2021,Musculoskeletal stiffness,Muscle stiffness,25.1,YES,NO,,02/23/2023,ND
vsafe-1-6-daily-dose2,ND8-25852-21846,s255153505099772329305979886416140312255,04/14/2021,Hypertension,Blood pressure high,25.1,YES,NO,,03/01/2023,ND
vsafe-1-6-daily-dose2,ND3-27858-89802,s256095364935831885967133258327318506951,04/23/2021,Lymphadenopathy,Axillary lymph nodes enlarged,25.1,YES,NO,,03/07/2023,ND
vsafe-0-day-dose1,ND7-35651-48166,s243370303567001144386202603808575062096,12/22/2020,Pre-existing disease,Pre-existing disease,25.1,YES,NO,,10/22/2022,ND
vsafe-1-6-daily-dose1,ND5-79475-82702,s244403491735450745687179964984028967877,01/01/2021,Sinus operation,Nasal sinus drainage,25.1,YES,NO,,11/02/2022,ND
vsafe-1-6-daily-dose1,ND5-79475-82702,s244403491735450745687179964984028967877,01/01/2021,Oropharyngeal pain,Sore throat,26.0,YES,NO,,11/02/2022,ND
vsafe-7-day-dose1,ND5-79475-82702,s244726814648413678519360539485815860166,01/04/2021,Ageusia,Loss of taste,25.1,YES,NO,,11/04/2022,ND
vsafe-7-day-dose1,ND5-79475-82702,s244726814648413678519360539485815860166,01/04/2021,Anosmia,Loss of smell,25.1,YES,NO,,11/04/2022,ND
vsafe-1-6-daily-dose1,NDL-84216-70283,s244948311838258570097580062359153189103,01/06/2021,Unevaluable event,Reaction unevaluable,25.1,NO,NO,01/18/2023,11/07/2022,ND
vsafe-1-6-daily-dose1,NDL-84216-70283,s244948311838258570097580062359153189103,01/06/2021,Sinus headache,Sinus headache,25.1,YES,YES,01/18/2023,11/07/2022,ND
vsafe-1-6-daily-dose1,NDL-84216-70283,s244948311838258570097580062359153189103,01/06/2021,Self-medication,Self-medication,25.1,YES,YES,01/18/2023,11/07/2022,ND
vsafe-1-6-daily-dose1,NDW-27614-80459,s245143924797237021969807673473968536423,01/08/2021,Urticaria,Hives,25.1,YES,NO,,11/08/2022,ND
vsafe-1-6-daily-dose1,NDK-56840-74686,s245245286888080186795579095417786867242,01/09/2021,Dizziness,Dizziness,25.1,YES,NO,,11/09/2022,ND
vsafe-1-6-daily-dose1,NDK-56840-74686,s245338025340203515441973963612276585319,01/10/2021,Hypertension,Blood pressure high,25.1,YES,NO,,11/10/2022,ND
vsafe-1-6-daily-dose1,NDK-56840-74686,s245450473555844416715422174547815332280,01/11/2021,Blood pressure increased,Blood pressure increased,25.1,NO,NO,01/20/2023,11/10/2022,ND
vsafe-1-6-daily-dose1,NDK-56840-74686,s245450473555844416715422174547815332280,01/11/2021,Hypertension,Blood pressure high,25.1,YES,YES,01/20/2023,11/10/2022,ND
vsafe-0-day-dose1,NDC-12468-57930,s245552598038054756477650731318647612618,01/12/2021,Dysgeusia,Taste metallic,25.1,YES,NO,,11/11/2022,ND
vsafe-1-6-daily-dose1,NDK-56840-74686,s245663254176083126572390852908303429859,01/13/2021,Hypertension,Blood pressure high,25.1,YES,NO,,11/14/2022,ND
vsafe-1-6-daily-dose2,ND7-35651-48166,s245896554117471354693374857350837060047,01/15/2021,Adverse reaction,Adverse reaction,25.1,YES,NO,,11/16/2022,ND
vsafe-7-day-dose1,NDW-27614-80459,s246013048099839089495353541017087959923,01/17/2021,Injection site nodule,Nodule injection site,25.1,YES,NO,,11/18/2022,ND
vsafe-7-day-dose1,NDC-12468-57930,s246496449055172626027673023001754529819,01/21/2021,Cough,Cough,25.1,YES,NO,,11/21/2022,ND
vsafe-0-day-dose1,NDQ-24130-04560,s247230820054861556593147427231988580854,01/28/2021,No adverse event,No adverse reaction,25.1,YES,NO,,11/28/2022,ND
vsafe-1-6-daily-dose2,NDR-32706-69683,s247945982898005591734054887498705454142,02/04/2021,Lymphadenopathy,Axillary lymph nodes enlarged,25.1,YES,NO,,12/07/2022,ND
vsafe-1-6-daily-dose2,NDC-12468-57930,s248379108257358484505748302242809287285,02/08/2021,Cough,Cough,25.1,YES,NO,,12/13/2022,ND
vsafe-1-6-daily-dose2,NDC-12468-57930,s248379108257358484505748302242809287285,02/08/2021,Oropharyngeal pain,Sore throat,25.1,YES,NO,,12/13/2022,ND
vsafe-1-6-daily-dose2,NDC-12468-57930,s248482887586412853487021460387567108409,02/09/2021,Cough,Cough,25.1,YES,NO,,12/15/2022,ND
vsafe-1-6-daily-dose2,NDC-12468-57930,s248482887586412853487021460387567108409,02/09/2021,Nasal congestion,Nasal congestion,25.1,YES,NO,,12/15/2022,ND
vsafe-1-6-daily-dose2,NDC-33478-62045,s249723153298034555511854015040344203385,02/21/2021,Lymphadenopathy,Preauricular lymphadenopathy,25.1,YES,NO,,12/29/2022,ND
vsafe-1-6-daily-dose2,NDC-33478-62045,s249723153298034555511854015040344203385,02/21/2021,Facial pain,Pain in face,25.1,YES,NO,,12/29/2022,ND
vsafe-1-6-daily-dose2,NDC-33478-62045,s249723153298034555511854015040344203385,02/21/2021,Swelling face,Swelling face,25.1,YES,NO,,12/29/2022,ND
vsafe-1-6-daily-dose2,NDC-33478-62045,s249829267882157863926417195708013225701,02/22/2021,Lymphadenopathy,Preauricular lymphadenopathy,25.1,YES,NO,,12/29/2022,ND
vsafe-1-6-daily-dose2,NDC-33478-62045,s249829267882157863926417195708013225701,02/22/2021,Lymph node pain,Lymph node pain,25.1,YES,NO,,12/29/2022,ND
vsafe-1-6-daily-dose2,NDC-33478-62045,s249936091161099447917653330229098849877,02/23/2021,Lymph node pain,Lymph node pain,25.1,YES,NO,,12/29/2022,ND
vsafe-1-6-daily-dose2,NDC-33478-62045,s249936091161099447917653330229098849877,02/23/2021,Lymphadenopathy,Swollen lymph nodes,25.1,YES,NO,,12/29/2022,ND
vsafe-1-6-daily-dose2,NDC-33478-62045,s250040107889452672649224482863406824663,02/24/2021,Lymphadenopathy,Swollen lymph nodes,25.1,YES,NO,,12/30/2022,ND
vsafe-7-day-dose1,NDD-14589-74252,s251136955127091642148261286151585440092,03/07/2021,Axillary mass,Axillary lump,25.1,YES,NO,,01/11/2023,ND
vsafe-1-6-daily-dose1,ND6-14252-16398,s251532432890818399773830134932137719507,03/10/2021,Rash,Rash trunk,25.1,YES,NO,,01/13/2023,ND
vsafe-1-6-daily-dose1,ND6-14252-16398,s251532432890818399773830134932137719507,03/10/2021,Rash pruritic,Itchy rash,25.1,YES,NO,,01/13/2023,ND
vsafe-1-6-daily-dose1,ND6-14252-16398,s251746632298351360810806343858112870859,03/12/2021,Erythema,Skin red,25.1,YES,NO,,01/23/2023,ND
vsafe-1-6-daily-dose1,ND6-14252-16398,s251746632298351360810806343858112870859,03/12/2021,Pruritus,Itchy legs,25.1,YES,NO,,01/23/2023,ND
vsafe-1-6-daily-dose1,ND6-14252-16398,s251746632298351360810806343858112870859,03/12/2021,Rash,Rash on leg,25.1,YES,NO,,01/23/2023,ND
vsafe-1-6-daily-dose1,ND6-14252-16398,s251746632298351360810806343858112870859,03/12/2021,Rash,Localized rash,25.1,YES,NO,,01/23/2023,ND
vsafe-7-day-dose1,NDC-99036-12607,s251726262012586373009306994413226603737,03/12/2021,Injection site rash,Rash injection site,25.1,YES,NO,,01/24/2023,ND
vsafe-7-day-dose1,NDC-99036-12607,s251726262012586373009306994413226603737,03/12/2021,Injection site erythema,Injection site redness,25.1,YES,NO,,01/24/2023,ND
vsafe-1-6-daily-dose2,NDD-14589-74252,s253374722962309181957545699411407549672,03/28/2021,Lymphadenopathy,Axillary lymph nodes enlarged,25.1,YES,NO,,02/08/2023,ND
vsafe-1-6-daily-dose2,NDD-14589-74252,s253584596605151738517023465416027732524,03/30/2021,Lip swelling,Swollen lips,25.1,YES,NO,,02/10/2023,ND
vsafe-7-day-dose2,NDC-27811-05116,s253687722272531885779103440254628695809,03/31/2021,Lymphadenopathy,Swollen lymph nodes,25.1,YES,NO,,02/13/2023,ND
vsafe-7-day-dose1,NDQ-20330-32615,s254636489165433054608948772132925124226,04/09/2021,Fatigue,Tiredness,25.1,YES,NO,,02/22/2023,ND
vsafe-7-day-dose1,NDQ-20330-32615,s254636489165433054608948772132925124226,04/09/2021,Fatigue,Fatigue,25.1,YES,NO,,02/22/2023,ND
vsafe-1-6-daily-dose2,NDL-32908-47064,s254960231489060259486382938972060555405,04/12/2021,Lymphadenopathy,Supraclavicular lymph nodes enlarged,25.1,YES,NO,,02/24/2023,ND
vsafe-1-6-daily-dose2,NDL-32908-47064,s255065168605841881986684076895767297575,04/13/2021,Lymphadenopathy,Supraclavicular lymph nodes enlarged,25.1,YES,NO,,02/25/2023,ND
vsafe-0-day-dose2,NDU-76111-29750,s255262281427603761440873997841809992180,04/15/2021,Hypoaesthesia,Numbness facial,25.1,YES,NO,,02/27/2023,ND
vsafe-0-day-dose2,NDU-76111-29750,s255262281427603761440873997841809992180,04/15/2021,Paraesthesia,Tingling,25.1,YES,NO,,02/27/2023,ND
vsafe-1-6-daily-dose1,NDM-21296-50002,s255795985012073252010474507747545747270,04/20/2021,Lymphadenopathy,Axillary lymph nodes enlarged,25.1,YES,NO,,03/03/2023,ND
vsafe-7-day-dose2,ND6-14252-16398,s255890399334688440359070176417686394664,04/21/2021,Paraesthesia,Tingling of extremity,25.1,YES,NO,,03/06/2023,ND
vsafe-7-day-dose2,ND6-14252-16398,s255890399334688440359070176417686394664,04/21/2021,Muscle spasms,Muscle spasm,25.1,YES,NO,,03/06/2023,ND
vsafe-7-day-dose2,ND6-14252-16398,s255890399334688440359070176417686394664,04/21/2021,Mobility decreased,Mobility decreased,25.1,YES,NO,,03/06/2023,ND
vsafe-7-day-dose2,ND6-14252-16398,s255890399334688440359070176417686394664,04/21/2021,Nausea,Nausea,25.1,YES,NO,,03/06/2023,ND
vsafe-7-day-dose2,ND6-14252-16398,s255890399334688440359070176417686394664,04/21/2021,Pain,Generalized aching,25.1,YES,NO,,03/06/2023,ND
vsafe-7-day-dose2,NDQ-28432-71327,s256758427228724508263759208563717316527,04/29/2021,Hypoaesthesia,Numbness of upper extremities,26.0,YES,NO,,03/10/2023,ND
vsafe-0-day-dose2,NDM-21296-50002,s258503544692262753115742721084142272919,05/16/2021,Pain in extremity,Pain in arm,26.0,YES,NO,,03/22/2023,ND
vsafe-1-6-daily-dose2,NDM-21296-50002,s258607293255550872882119387063027105815,05/17/2021,Pain in extremity,Pain in arm,26.0,YES,NO,,03/22/2023,ND
vsafe-1-6-daily-dose2,NDM-21296-50002,s258607293255550872882119387063027105815,05/17/2021,Lymphadenopathy,Axillary lymph nodes enlarged,26.0,YES,NO,,03/22/2023,ND
vsafe-1-6-daily-dose2,NDM-21296-50002,s258709955447894578397599764646487306359,05/18/2021,Pain in extremity,Pain in arm,26.0,YES,NO,,03/24/2023,ND
vsafe-1-6-daily-dose2,NDM-21296-50002,s258709955447894578397599764646487306359,05/18/2021,Lymphadenopathy,Swollen lymph nodes,26.0,YES,NO,,03/24/2023,ND
vsafe-1-6-daily-dose2,NDM-21296-50002,s258814819777979011029390126739509370837,05/19/2021,Lymphadenopathy,Axillary lymph nodes enlarged,26.0,YES,NO,,03/25/2023,ND
vsafe-1-6-daily-dose2,ND9-32530-88213,s258916357258018474871400303290967800610,05/20/2021,Musculoskeletal stiffness,Neck stiffness,26.0,YES,NO,,03/27/2023,ND
vsafe-1-6-daily-dose1,NDM-32396-48059,s244085492111779103021724469724166386591,12/29/2020,Fatigue,Tiredness,25.1,YES,NO,,10/30/2022,ND
vsafe-1-6-daily-dose1,NDU-11953-92333,s247125206799431071294139433267275398090,01/27/2021,Cough,Cough,25.1,YES,NO,,11/28/2022,ND
vsafe-0-day-dose1,ND4-47875-26961,s247323617736571767697635124387286505520,01/29/2021,Limb discomfort,Arm discomfort,25.1,NO,NO,07/21/2023,11/29/2022,ND
vsafe-0-day-dose1,ND4-47875-26961,s247323617736571767697635124387286505520,01/29/2021,Thirst,Excessive thirst,25.1,YES,NO,,11/29/2022,ND
vsafe-0-day-dose1,ND4-47875-26961,s247323617736571767697635124387286505520,01/29/2021,Pain in extremity,Pain in arm,26.0,YES,YES,07/21/2023,11/29/2022,ND
vsafe-7-day-dose1,NDB-25758-51573,s247326163912085164068601336452168182646,01/29/2021,Dizziness,Lightheadedness,25.1,YES,NO,,11/30/2022,ND
vsafe-1-6-daily-dose1,ND4-47875-26961,s247646768181019588584650561856639502178,02/01/2021,Oropharyngeal pain,Sore throat,25.1,YES,NO,,12/02/2022,ND
vsafe-1-6-daily-dose1,ND4-47875-26961,s247646768181019588584650561856639502178,02/01/2021,Ear pain,Ear pain,25.1,YES,NO,,12/02/2022,ND
vsafe-1-6-daily-dose1,NDV-16699-50711,s249009486328207049870457750637612008427,02/14/2021,No adverse event,No adverse reaction,25.1,YES,NO,,12/21/2022,ND
vsafe-1-6-daily-dose1,NDS-25292-29324,s249415636320919503076709037622055045961,02/18/2021,Cough,Dry cough,25.1,YES,NO,,12/27/2022,ND
vsafe-1-6-daily-dose1,NDP-30714-27792,s250883429620942245001849295056824599392,03/04/2021,Dizziness,Dizziness,25.1,YES,NO,,01/09/2023,ND
vsafe-1-6-daily-dose1,NDP-30714-27792,s250990025600434552529996469057859788379,03/05/2021,Dizziness,Dizziness,25.1,YES,NO,,01/09/2023,ND
vsafe-1-6-daily-dose2,NDD-27889-58245,s252125306947741080681866583930877672577,03/16/2021,No adverse event,No adverse reaction,25.1,YES,NO,,01/26/2023,ND
vsafe-1-6-daily-dose1,ND9-59120-30254,s252376998882885873851939007170815377444,03/18/2021,Upper-airway cough syndrome,Postnasal drip,25.1,YES,NO,,01/30/2023,ND
vsafe-1-6-daily-dose1,ND5-28333-59590,s252442970246208321734463111641864763215,03/19/2021,Injection site pain,Pain injection site,25.1,YES,NO,,01/31/2023,ND
vsafe-0-day-dose1,NDB-11234-35315,s253286721425462152062773180224435303152,03/27/2021,Wheezing,Wheezing,25.1,YES,NO,,02/07/2023,ND
vsafe-0-day-dose1,NDB-11234-35315,s253286721425462152062773180224435303152,03/27/2021,Cough,Coughing,25.1,YES,NO,,02/07/2023,ND
vsafe-1-6-daily-dose1,NDB-11234-35315,s253378938377264790529549068086152961368,03/28/2021,Wheezing,Wheezing,25.1,YES,NO,,02/08/2023,ND
vsafe-1-6-daily-dose1,NDB-11234-35315,s253378938377264790529549068086152961368,03/28/2021,Cough,Coughing,25.1,YES,NO,,02/08/2023,ND
vsafe-1-6-daily-dose1,NDB-11234-35315,s253588335902394667887034435978327129705,03/30/2021,Cough,Cough,25.1,YES,NO,,02/09/2023,ND
vsafe-1-6-daily-dose1,NDB-11234-35315,s253588335902394667887034435978327129705,03/30/2021,Drainage,Drainage,25.1,YES,NO,,02/09/2023,ND
vsafe-1-6-daily-dose1,NDB-11234-35315,s253707878787689368089069615002101140626,03/31/2021,Cough,Cough,25.1,YES,NO,,02/10/2023,ND
vsafe-7-day-dose1,ND8-72093-87930,s254251042306795441677605931155869851545,04/05/2021,Oropharyngeal pain,Sore throat,25.1,YES,NO,,02/16/2023,ND
vsafe-0-day-dose1,NDE-13407-68794,s254549541638530947212909498589877254777,04/08/2021,Anxiety,Anxiety,25.1,YES,NO,,02/20/2023,ND
vsafe-0-day-dose1,NDE-13407-68794,s254549541638530947212909498589877254777,04/08/2021,Decreased appetite,Appetite lost,25.1,YES,NO,,02/20/2023,ND
vsafe-1-6-daily-dose1,ND9-84926-75830,s254960580267731139151811979916910188254,04/12/2021,Asthenia,Weakness,25.1,YES,NO,,02/23/2023,ND
vsafe-1-6-daily-dose1,ND9-84926-75830,s254960580267731139151811979916910188254,04/12/2021,Pyrexia,Fever,25.1,YES,NO,,02/23/2023,ND
vsafe-1-6-daily-dose2,ND9-59120-30254,s255169115369893643658631864884725977755,04/14/2021,Dysgeusia,Taste metallic,25.1,YES,NO,,03/01/2023,ND
vsafe-1-6-daily-dose1,NDE-48027-21846,s255269966643819650753306475212904783857,04/15/2021,Chills,Chills,25.1,YES,NO,,02/28/2023,ND
vsafe-1-6-daily-dose1,NDE-48027-21846,s255269966643819650753306475212904783857,04/15/2021,Syncope,Faint,25.1,YES,NO,,02/28/2023,ND
vsafe-1-6-daily-dose1,NDE-48027-21846,s255269966643819650753306475212904783857,04/15/2021,Pain,General body pain,25.1,YES,NO,,02/28/2023,ND
vsafe-1-6-daily-dose1,NDE-48027-21846,s255269966643819650753306475212904783857,04/15/2021,Immediate post-injection reaction,Immediate post-injection reaction,25.1,YES,NO,,02/28/2023,ND
vsafe-1-6-daily-dose2,ND9-59120-30254,s255273561127284566909497146203150377872,04/15/2021,Dysgeusia,Taste metallic,25.1,YES,NO,,02/28/2023,ND
vsafe-1-6-daily-dose1,NDE-48027-21846,s255475125664880993679299147736529160300,04/17/2021,Constipation,Constipation,25.1,YES,NO,,03/02/2023,ND
vsafe-1-6-daily-dose2,NDB-11234-35315,s256300331580858701210421527237827890918,04/25/2021,Cough,Cough,25.1,YES,NO,,03/09/2023,ND
vsafe-1-6-daily-dose2,NDB-11234-35315,s256300331580858701210421527237827890918,04/25/2021,Chest discomfort,Pressure chest,26.0,YES,NO,,03/09/2023,ND
vsafe-0-day-dose2,ND8-67171-73086,s259539232824956879188133676088319207219,05/26/2021,Hot flush,Hot flashes,26.0,YES,NO,,03/30/2023,ND
vsafe-1-6-daily-dose2,ND8-67171-73086,s259650816100250411052672234518934612669,05/27/2021,Hot flush,Hot flashes,26.0,YES,NO,,03/30/2023,ND
vsafe-1-6-daily-dose2,ND8-67171-73086,s259861101607407797224988059997259365788,05/29/2021,Hot flush,Hot flashes,26.0,YES,NO,,03/31/2023,ND
vsafe-1-6-daily-dose2,ND8-67171-73086,s260059661064834835328177782949801520493,05/31/2021,Hot flush,Hot flashes,26.0,YES,NO,,03/31/2023,ND
vsafe-1-6-daily-dose2,ND8-67171-73086,s260059661064834835328177782949801520493,05/31/2021,Chills,Chills,26.0,YES,NO,,03/31/2023,ND
vsafe-7-day-dose2,ND8-67171-73086,s260269569329377309650789470655069429493,06/02/2021,Localised oedema,Chest wall edema,26.0,NO,NO,08/24/2023,04/02/2023,ND
vsafe-7-day-dose2,ND8-67171-73086,s260269569329377309650789470655069429493,06/02/2021,Swelling,Swelling,26.0,YES,YES,08/24/2023,04/02/2023,ND
vsafe-0-day-dose1,NDE-22385-70274,s245028871661788301403517215124620979828,01/07/2021,Pruritus,Generalized itching,25.1,YES,NO,,11/07/2022,ND
vsafe-1-6-daily-dose1,NDM-17676-90805,s245657889443244294684845545787363042133,01/13/2021,Flushing,Flushing of face,25.1,YES,NO,,11/14/2022,ND
vsafe-1-6-daily-dose2,NDV-16361-20209,s245659739027465495930197355112084195701,01/13/2021,Vertigo,Vertigo,25.1,YES,NO,,11/14/2022,ND
vsafe-0-day-dose1,NDA-14812-65061,s245883214152036788927136923487409170941,01/15/2021,Dizziness,Dizziness,25.1,YES,NO,,11/15/2022,ND
vsafe-1-6-daily-dose1,NDA-14812-65061,s245990523142643143872948405013100274622,01/16/2021,Dizziness,Dizziness,25.1,YES,NO,,11/16/2022,ND
vsafe-7-day-dose1,NDF-32984-59647,s246185768445076006551210701519577593392,01/18/2021,Nephrolithiasis,Kidney stones,25.1,YES,NO,,11/18/2022,ND
vsafe-1-6-daily-dose1,NDZ-12706-53156,s246289192022892128131890729277960395901,01/19/2021,Unevaluable event,Unevaluable event,25.1,NO,NO,05/12/2023,11/18/2022,ND
vsafe-1-6-daily-dose1,NDZ-12706-53156,s246289192022892128131890729277960395901,01/19/2021,Pain,Pain,26.0,YES,YES,05/12/2023,11/18/2022,ND
vsafe-1-6-daily-dose2,NDD-32112-86188,s246694318427328567385134183352931872140,01/23/2021,Oropharyngeal pain,Sore throat,25.1,YES,NO,,11/22/2022,ND
vsafe-1-6-daily-dose1,NDJ-16350-82428,s246691763214006740953114807945623398365,01/23/2021,No adverse event,No adverse reaction,25.1,YES,NO,,11/22/2022,ND
vsafe-1-6-daily-dose1,ND9-30514-53496,s247652319126476979506910681043315626141,02/01/2021,Contusion,Bruising,25.1,YES,NO,,12/02/2022,ND
vsafe-1-6-daily-dose2,NDM-17676-90805,s247844042028529730643580247453884658848,02/03/2021,Flushing,Flushed face,25.1,YES,NO,,12/06/2022,ND
vsafe-1-6-daily-dose2,NDZ-12706-53156,s247965418680055051345021785739388167946,02/04/2021,Hyperhidrosis,Sweating,25.1,YES,NO,,12/07/2022,ND
vsafe-1-6-daily-dose2,NDZ-12706-53156,s247965418680055051345021785739388167946,02/04/2021,Dysgeusia,Taste peculiar,25.1,YES,NO,,12/07/2022,ND
vsafe-1-6-daily-dose2,NDZ-12706-53156,s247965418680055051345021785739388167946,02/04/2021,Lip swelling,Swollen lips,25.1,YES,NO,,12/07/2022,ND
vsafe-1-6-daily-dose2,NDZ-12706-53156,s248176382243537890461225906076320948818,02/06/2021,Dizziness,Light-headed,25.1,YES,NO,,12/09/2022,ND
vsafe-1-6-daily-dose2,NDA-14812-65061,s249012236343903115322709926464604214448,02/14/2021,Cough,Cough,25.1,YES,NO,,12/22/2022,ND
vsafe-1-6-daily-dose2,NDA-14812-65061,s249120611510938476672150235214986801153,02/15/2021,Dizziness,Dizziness,25.1,YES,NO,,12/22/2022,ND
vsafe-1-6-daily-dose2,NDA-17766-45036,s252120952062919380302438204857054329044,03/16/2021,Asthenia,Weakness,25.1,YES,NO,,01/26/2023,ND
vsafe-1-6-daily-dose2,NDA-17766-45036,s252227605702935020471133027571818215765,03/17/2021,Asthenia,Weakness,25.1,YES,NO,,01/27/2023,ND
vsafe-1-6-daily-dose1,NDP-18422-30713,s252344562679548519774532356064211016482,03/18/2021,Back pain,Back pain,25.1,YES,NO,,01/30/2023,ND
vsafe-1-6-daily-dose2,NDA-17766-45036,s252329926785610651285741410478753246062,03/18/2021,Asthenia,Weakness,25.1,YES,NO,,01/30/2023,ND
vsafe-1-6-daily-dose1,NDJ-29181-39185,s252442902902614915942626348653982958471,03/19/2021,No adverse event,No adverse reaction,25.1,YES,NO,,01/31/2023,ND
vsafe-1-6-daily-dose2,NDA-17766-45036,s252643744183485012749263100715574394381,03/21/2021,Asthenia,Weakness,25.1,YES,NO,,02/01/2023,ND
vsafe-0-day-dose2,NDS-20810-59042,s253487382452537808503740243014798994375,03/29/2021,Peripheral swelling,Swelling arm,25.1,YES,NO,,02/09/2023,ND
vsafe-0-day-dose2,NDS-20810-59042,s253487382452537808503740243014798994375,03/29/2021,Paraesthesia,Tingling of extremity,25.1,YES,NO,,02/09/2023,ND
vsafe-0-day-dose1,NDF-15011-82936,s254113099217649635743379278560624248569,04/04/2021,Dyspnoea,Shortness of breath,25.1,YES,NO,,02/15/2023,ND
vsafe-0-day-dose1,NDF-15011-82936,s254113099217649635743379278560624248569,04/04/2021,Dizziness,Lightheadedness,25.1,YES,NO,,02/15/2023,ND
vsafe-1-6-daily-dose1,NDF-15011-82936,s254215924661314973919045370812327193363,04/05/2021,Rash,Rash all over,25.1,YES,NO,,02/16/2023,ND
vsafe-1-6-daily-dose1,NDF-15011-82936,s254215924661314973919045370812327193363,04/05/2021,Pruritus,Itching all over,25.1,YES,NO,,02/16/2023,ND
vsafe-1-6-daily-dose1,NDF-15011-82936,s254215924661314973919045370812327193363,04/05/2021,Hypersensitivity,Allergy,25.1,YES,NO,,02/16/2023,ND
vsafe-1-6-daily-dose1,NDF-15011-82936,s254215924661314973919045370812327193363,04/05/2021,Skin swelling,Puffy skin,25.1,YES,NO,,02/16/2023,ND
vsafe-1-6-daily-dose1,NDF-15011-82936,s254322758925549021580601287739645264327,04/06/2021,Hypersensitivity,Allergic reaction,25.1,YES,NO,,02/16/2023,ND
vsafe-1-6-daily-dose1,NDF-15011-82936,s254322758925549021580601287739645264327,04/06/2021,Rash,Neck rash,25.1,YES,NO,,02/16/2023,ND
vsafe-1-6-daily-dose1,NDF-15011-82936,s254322758925549021580601287739645264327,04/06/2021,Pruritus,Itching all over,25.1,YES,NO,,02/16/2023,ND
vsafe-1-6-daily-dose1,NDF-15011-82936,s254427017815882036894334329680034425497,04/07/2021,Pre-existing disease,Pre-existing disease,25.1,YES,NO,,02/17/2023,ND
vsafe-1-6-daily-dose1,NDS-60274-87716,s254426705431714196529501155582194405727,04/07/2021,Vertigo,Vertigo,25.1,YES,NO,,02/17/2023,ND
vsafe-1-6-daily-dose1,NDF-15011-82936,s254632920988165752534114522265239044886,04/09/2021,Rash,Rash,25.1,YES,NO,,02/21/2023,ND
vsafe-1-6-daily-dose1,NDF-15011-82936,s254632920988165752534114522265239044886,04/09/2021,Hypersensitivity,Allergic reaction,25.1,YES,NO,,02/21/2023,ND
vsafe-1-6-daily-dose1,NDF-15011-82936,s254747049526744681380304972989613113629,04/10/2021,Rash,Rash,25.1,YES,NO,,02/22/2023,ND
vsafe-7-day-dose1,NDF-15011-82936,s254846246711431714387829134344627859193,04/11/2021,Rash,Neck rash,25.1,YES,NO,,02/23/2023,ND
vsafe-1-6-daily-dose2,ND5-29095-08518,s257152479393679294193374754507523247762,05/03/2021,Myalgia,Muscle soreness,26.0,YES,NO,,03/14/2023,ND
vsafe-1-6-daily-dose2,ND5-29095-08518,s257254991370923656032292921906612069212,05/04/2021,Nasopharyngitis,Cold symptoms,26.0,YES,NO,,03/14/2023,ND
vsafe-0-day-dose2,NDJ-19377-46873,s257352611353832582510121436740682680213,05/05/2021,No adverse event,No adverse reaction,25.1,YES,NO,,03/15/2023,ND
vsafe-1-6-daily-dose2,ND5-29095-08518,s257357442385154703743496240618309078485,05/05/2021,Neck pain,Neck pain,25.1,YES,NO,,03/15/2023,ND
vsafe-1-6-daily-dose2,ND5-29095-08518,s257463763990020527632850017840601388732,05/06/2021,Dyspepsia,Digestion impaired,26.0,YES,NO,,03/15/2023,ND
vsafe-1-6-daily-dose1,ND7-15901-50382,s263013390486430803860287390606936440456,06/28/2021,Urticaria,Hives,26.0,YES,NO,,04/06/2023,ND
vsafe-1-6-daily-dose1,ND7-15901-50382,s263090738655348281790804031394607199918,06/29/2021,Lip swelling,Swollen lips,26.0,YES,NO,,04/06/2023,ND
vsafe-1-6-daily-dose1,ND7-15901-50382,s263090738655348281790804031394607199918,06/29/2021,Gingival bleeding,Gum bleeding,26.0,YES,NO,,04/06/2023,ND
vsafe-1-6-daily-dose1,ND7-15901-50382,s263196921204507963958982495416282130969,06/30/2021,Gingival bleeding,Gum bleeding,26.0,YES,NO,,04/06/2023,ND
vsafe-1-6-daily-dose1,ND9-29271-20201,s245247661147522557038786139264744292718,01/09/2021,Lymph node pain,Lymph node pain,25.1,YES,NO,,11/09/2022,ND
vsafe-1-6-daily-dose1,ND9-29271-20201,s245247661147522557038786139264744292718,01/09/2021,Lymphadenopathy,Gland in neck,25.1,YES,YES,01/19/2023,11/09/2022,ND
vsafe-1-6-daily-dose1,ND9-29271-20201,s245247661147522557038786139264744292718,01/09/2021,Pain,Pain,25.1,YES,YES,01/19/2023,11/09/2022,ND
vsafe-1-6-daily-dose1,NDE-26464-78536,s245247287024495060778050659866408317418,01/09/2021,Injection site pain,Injection site muscle pain,25.1,YES,NO,,11/09/2022,ND
vsafe-1-6-daily-dose1,NDE-26464-78536,s245247287024495060778050659866408317418,01/09/2021,Pain,Pain upon movement,25.1,YES,NO,,11/09/2022,ND
vsafe-1-6-daily-dose1,NDE-26464-78536,s245247287024495060778050659866408317418,01/09/2021,Myalgia,Muscle pain,25.1,YES,YES,01/19/2023,11/09/2022,ND
vsafe-1-6-daily-dose1,ND9-29271-20201,s245336843742988530606735215526696097989,01/10/2021,Neck pain,Neck pain,25.1,YES,NO,,11/10/2022,ND
vsafe-1-6-daily-dose1,ND3-20159-81417,s245579014258853074180774367979884937434,01/12/2021,Decreased appetite,Decreased appetite,25.1,YES,NO,,11/11/2022,ND
vsafe-1-6-daily-dose1,ND3-20159-81417,s245669979750493350723650521400521401088,01/13/2021,Decreased appetite,Decreased appetite,25.1,YES,NO,,11/14/2022,ND
vsafe-1-6-daily-dose2,NDF-17037-02853,s245652523788147993355300348179746783398,01/13/2021,Stomatitis,Sores mouth,25.1,YES,NO,,11/14/2022,ND
vsafe-1-6-daily-dose2,NDF-17037-02853,s245756961813261720350977594457779223551,01/14/2021,Dizziness,Woozy,25.1,YES,NO,,11/15/2022,ND
vsafe-1-6-daily-dose2,NDF-17037-02853,s245756961813261720350977594457779223551,01/14/2021,Dizziness,Felt faint,25.1,YES,NO,,11/15/2022,ND
vsafe-1-6-daily-dose1,ND3-20159-81417,s245771183494067546158629391788801694666,01/14/2021,Decreased appetite,Decreased appetite,25.1,YES,NO,,11/15/2022,ND
vsafe-1-6-daily-dose1,ND3-20159-81417,s245771183494067546158629391788801694666,01/14/2021,Weight decreased,Weight loss,25.1,YES,NO,,11/15/2022,ND
vsafe-1-6-daily-dose1,ND3-20159-81417,s245870140613119347947423212482287290506,01/15/2021,Decreased appetite,Decreased appetite,25.1,YES,NO,,11/16/2022,ND
vsafe-1-6-daily-dose2,NDR-27493-17587,s246707863729557671862253603783461972842,01/23/2021,Lymphadenopathy,Axillary lymph nodes enlarged,25.1,YES,NO,,11/22/2022,ND
vsafe-1-6-daily-dose2,NDR-27493-17587,s246804978230815707507502985686620462509,01/24/2021,Lymphadenopathy,Swollen lymph nodes,25.1,YES,NO,,11/23/2022,ND
vsafe-1-6-daily-dose2,NDR-27493-17587,s246804978230815707507502985686620462509,01/24/2021,Lymph node pain,Lymph node pain,25.1,YES,NO,,11/23/2022,ND
vsafe-1-6-daily-dose2,NDR-27493-17587,s246911717771177818772366120001359987172,01/25/2021,Lymphadenopathy,Swollen lymph nodes,25.1,YES,NO,,11/23/2022,ND
vsafe-1-6-daily-dose1,NDA-12300-91400,s247968577643595406426688500687446907139,02/04/2021,Systemic lupus erythematosus,Lupus syndrome,25.1,YES,NO,,12/06/2022,ND
vsafe-1-6-daily-dose1,NDA-12300-91400,s247968577643595406426688500687446907139,02/04/2021,Pre-existing disease,Pre-existing disease,25.1,YES,NO,,12/06/2022,ND
vsafe-1-6-daily-dose2,NDE-26464-78536,s248166746325752475695252306215352020397,02/06/2021,Dry mouth,Dry mouth,25.1,YES,NO,,12/09/2022,ND
vsafe-1-6-daily-dose1,NDA-12300-91400,s248197067617473765088153909198773163147,02/06/2021,Systemic lupus erythematosus,Systemic lupus erythematosus,25.1,YES,NO,,12/09/2022,ND
vsafe-1-6-daily-dose1,NDA-12300-91400,s248197067617473765088153909198773163147,02/06/2021,Pre-existing disease,Pre-existing disease,25.1,YES,NO,,12/09/2022,ND
vsafe-1-6-daily-dose2,NDE-26464-78536,s248285164180315443409491517595345111424,02/07/2021,Injection site swelling,Injection site swelling,25.1,YES,NO,,12/12/2022,ND
vsafe-1-6-daily-dose2,NDE-26464-78536,s248285164180315443409491517595345111424,02/07/2021,Injection site erythema,Injection site redness,25.1,YES,NO,,12/12/2022,ND
vsafe-1-6-daily-dose2,NDE-26464-78536,s248394671961389051742689401775720117219,02/08/2021,Unevaluable event,Reaction unevaluable,25.1,YES,NO,,12/13/2022,ND
vsafe-1-6-daily-dose2,NDE-26464-78536,s248501916752175740130313165323811598575,02/09/2021,Injection site bruising,Injection site bruising,25.1,YES,NO,,12/15/2022,ND
vsafe-1-6-daily-dose2,NDE-26464-78536,s248501916752175740130313165323811598575,02/09/2021,Impaired work ability,Impaired work ability,25.1,YES,NO,,12/15/2022,ND
vsafe-1-6-daily-dose2,NDE-26464-78536,s248501916752175740130313165323811598575,02/09/2021,Pyrexia,Fever,25.1,YES,NO,,12/15/2022,ND
vsafe-0-day-dose1,ND3-30609-01012,s248469067009182692276392364282244377650,02/09/2021,Paraesthesia,Tingling sensation,25.1,YES,NO,,12/14/2022,ND
vsafe-1-6-daily-dose2,NDE-26464-78536,s248589290801592009895534789262647684272,02/10/2021,Pyrexia,Fever,25.1,YES,NO,,12/16/2022,ND
vsafe-1-6-daily-dose1,ND3-30609-01012,s248584479561867038617963456702169411487,02/10/2021,Paraesthesia,Localized tingling,25.1,YES,NO,,12/16/2022,ND
vsafe-1-6-daily-dose1,ND3-30609-01012,s248584479561867038617963456702169411487,02/10/2021,Feeling abnormal,Floating feeling,25.1,YES,NO,,12/16/2022,ND
vsafe-1-6-daily-dose1,NDN-50517-32130,s248590835645052502549528552159442561771,02/10/2021,Unevaluable event,Reaction unevaluable,25.1,YES,NO,,12/16/2022,ND
vsafe-1-6-daily-dose1,ND3-30609-01012,s248701101519875893485193946624462314919,02/11/2021,Paraesthesia,Tingling,25.1,YES,NO,,12/19/2022,ND
vsafe-1-6-daily-dose1,ND3-30609-01012,s248701101519875893485193946624462314919,02/11/2021,Paraesthesia,Tingling sensation,25.1,YES,NO,,12/19/2022,ND
vsafe-1-6-daily-dose1,ND3-30609-01012,s248797938236700026913149448183672898710,02/12/2021,Paraesthesia,Tingling sensation,25.1,YES,NO,,12/20/2022,ND
vsafe-1-6-daily-dose1,ND3-30609-01012,s248911586369775453723376509073832459165,02/13/2021,Paraesthesia,Tingling,25.1,YES,NO,,12/21/2022,ND
vsafe-1-6-daily-dose1,ND3-30609-01012,s249101241042055417847703910872997574063,02/15/2021,Paraesthesia,Tingling sensation,25.1,YES,NO,,12/22/2022,ND
vsafe-7-day-dose1,ND3-30609-01012,s249204180005864020674076766935454506438,02/16/2021,Paraesthesia,Tingling,25.1,YES,NO,,12/23/2022,ND
vsafe-1-6-daily-dose2,ND6-24392-24318,s249626282359257228962007237690894473133,02/20/2021,Hypotension,Low blood pressure,25.1,YES,NO,,12/28/2022,ND
vsafe-1-6-daily-dose2,ND6-24392-24318,s249727452611422520394373136794572707964,02/21/2021,Hypotension,Hypotension,25.1,YES,NO,,12/29/2022,ND
vsafe-1-6-daily-dose2,ND6-24392-24318,s249833385455188042969479008142131638191,02/22/2021,Hypotension,Hypotension,25.1,YES,NO,,12/29/2022,ND
vsafe-1-6-daily-dose2,ND6-24392-24318,s249833385455188042969479008142131638191,02/22/2021,Hypertension,Blood pressure high,25.1,YES,NO,,12/29/2022,ND
vsafe-1-6-daily-dose2,ND6-24392-24318,s249941037434711093128625784713850318492,02/23/2021,Hypotension,Hypotension,25.1,YES,NO,,12/29/2022,ND
vsafe-1-6-daily-dose2,ND6-24392-24318,s249941037434711093128625784713850318492,02/23/2021,Blood pressure measurement,Blood pressure,25.1,YES,NO,,12/29/2022,ND
vsafe-1-6-daily-dose2,ND6-24392-24318,s250151092429388942850456530934053889853,02/25/2021,Dizziness,Dizziness,25.1,YES,NO,,01/03/2023,ND
vsafe-1-6-daily-dose2,ND6-24392-24318,s250151092429388942850456530934053889853,02/25/2021,Hypotension,Low blood pressure,25.1,YES,NO,,01/03/2023,ND
vsafe-1-6-daily-dose1,ND4-21585-77375,s250467268775325092222162204285072985392,02/28/2021,Headache,Headache,25.1,YES,NO,,01/04/2023,ND
vsafe-1-6-daily-dose1,ND4-21585-77375,s250467268775325092222162204285072985392,02/28/2021,Sinus disorder,Sinus disorder,25.1,YES,NO,,01/04/2023,ND
vsafe-1-6-daily-dose1,ND4-21585-77375,s250467268775325092222162204285072985392,02/28/2021,Hypersensitivity,Allergy,25.1,YES,NO,,01/04/2023,ND
vsafe-1-6-daily-dose2,NDA-80295-40081,s250668347260906569367244595789254262231,03/02/2021,Dyspnoea,Breathing difficult,25.1,YES,NO,,01/06/2023,ND
vsafe-1-6-daily-dose2,NDA-12300-91400,s250887713827154961940482694564234802074,03/04/2021,Hypoaesthesia,Numbness of upper extremities,25.1,YES,NO,,01/09/2023,ND
vsafe-1-6-daily-dose2,NDA-12300-91400,s250887713827154961940482694564234802074,03/04/2021,Pain in extremity,Pain in hand,25.1,YES,NO,,01/09/2023,ND
vsafe-1-6-daily-dose1,NDT-23004-83287,s251820627180241586591269397213076977031,03/13/2021,Musculoskeletal stiffness,Neck stiffness,25.1,YES,NO,,01/24/2023,ND
vsafe-0-day-dose2,NDH-51504-00848,s252768876426117211295868457625676547796,03/22/2021,No adverse event,No adverse reaction,25.1,YES,NO,,02/01/2023,ND
vsafe-1-6-daily-dose2,ND4-21585-77375,s252974469853383342819039309189597517950,03/24/2021,Injection site pain,Pain injection site,25.1,YES,NO,,02/03/2023,ND
vsafe-1-6-daily-dose2,NDP-14312-90337,s253177330029481678291679116289630699071,03/26/2021,Insomnia,Sleeplessness,25.1,YES,NO,,02/07/2023,ND
vsafe-1-6-daily-dose2,NDK-26867-40818,s253282033143540791921521495051300664979,03/27/2021,Dizziness,Dizziness,25.1,YES,NO,,02/08/2023,ND
vsafe-1-6-daily-dose2,NDK-26867-40818,s253282033143540791921521495051300664979,03/27/2021,Discomfort,Sensation of heaviness,25.1,YES,NO,,02/08/2023,ND
vsafe-1-6-daily-dose2,NDP-14312-90337,s253487152655313454970136867291150303465,03/29/2021,Oral pain,Mouth pain,25.1,YES,NO,,02/09/2023,ND
vsafe-1-6-daily-dose2,NDP-14312-90337,s253487152655313454970136867291150303465,03/29/2021,Stomatitis,Sores mouth,25.1,YES,NO,,02/09/2023,ND
vsafe-1-6-daily-dose2,NDP-14312-90337,s253590566194162260512238755024028207545,03/30/2021,Stomatitis,Sores mouth,25.1,YES,NO,,02/10/2023,ND
vsafe-0-day-dose2,NDM-25768-23964,s254215843400752623848751776243047398456,04/05/2021,No adverse event,No adverse reaction,25.1,YES,NO,,02/15/2023,ND
vsafe-1-6-daily-dose1,NDL-14203-56072,s255076075076761838675360575585537139173,04/13/2021,Chest discomfort,Chest tightness,25.1,YES,NO,,02/24/2023,ND
vsafe-1-6-daily-dose1,NDL-14203-56072,s255076075076761838675360575585537139173,04/13/2021,Dyspnoea,Shortness of breath,25.1,YES,NO,,02/24/2023,ND
vsafe-1-6-daily-dose2,ND3-26425-01238,s256107877218427715365010696397856093146,04/23/2021,Gout,Gout attack,25.1,YES,NO,,03/07/2023,ND
vsafe-1-6-daily-dose2,ND3-26425-01238,s256107877218427715365010696397856093146,04/23/2021,Visual impairment,Visual disturbances,25.1,YES,NO,,03/07/2023,ND
vsafe-1-6-daily-dose2,ND3-26425-01238,s256107877218427715365010696397856093146,04/23/2021,Peripheral swelling,Swelling of hands,25.1,YES,NO,,03/07/2023,ND
vsafe-1-6-daily-dose2,ND3-26425-01238,s256107877218427715365010696397856093146,04/23/2021,Peripheral swelling,Swelling of feet,25.1,YES,NO,,03/07/2023,ND
vsafe-1-6-daily-dose2,ND7-22283-41320,s256430996774197630611923876835591095721,04/26/2021,Kidney infection,Kidney infection,26.0,YES,NO,,03/09/2023,ND
vsafe-1-6-daily-dose2,ND7-22283-41320,s256430996774197630611923876835591095721,04/26/2021,Rectal prolapse,Rectal prolapse,26.0,YES,NO,,03/09/2023,ND
vsafe-1-6-daily-dose1,NDR-82801-62394,s263504935410193804272353718720105478132,07/03/2021,Unevaluable event,Reaction unevaluable,26.0,YES,NO,,04/07/2023,ND
vsafe-1-6-daily-dose2,NDX-18082-84286,s268112753323307309686069516385099852210,08/16/2021,Lymphadenopathy,Lymph nodes cervical swollen,26.0,YES,NO,,06/27/2023,ND
vsafe-1-6-daily-dose2,NDX-18082-84286,s268112753323307309686069516385099852210,08/16/2021,Lymphadenopathy,Axillary lymph nodes enlarged,26.0,YES,NO,,06/27/2023,ND
vsafe-1-6-daily-dose2,NDX-18082-84286,s268212530183113143530269679526271949555,08/17/2021,Lymphadenopathy,Axillary lymph nodes enlarged,26.0,YES,NO,,06/30/2023,ND
vsafe-1-6-daily-dose2,NDX-18082-84286,s268212530183113143530269679526271949555,08/17/2021,Lymphadenopathy,Lymph nodes cervical swollen,26.0,YES,NO,,06/30/2023,ND
vsafe-1-6-daily-dose2,NDU-13270-41501,s245238889512474836351974199884392360046,01/09/2021,Migraine,Migraine,25.1,NO,NO,01/20/2023,11/09/2022,ND
vsafe-1-6-daily-dose2,NDU-13270-41501,s245238889512474836351974199884392360046,01/09/2021,Pre-existing disease,Pre-existing disease,25.1,YES,YES,01/20/2023,11/09/2022,ND
vsafe-1-6-daily-dose2,NDU-13270-41501,s245238889512474836351974199884392360046,01/09/2021,Migraine,Migraine aggravated,25.1,YES,YES,01/20/2023,11/09/2022,ND
vsafe-1-6-daily-dose2,NDU-13270-41501,s245765830353655393814597714684211292382,01/14/2021,Taste disorder,Taste abnormality,25.1,YES,NO,,11/15/2022,ND
vsafe-0-day-dose1,NDC-17776-60963,s247121328963928918515137849318674430502,01/27/2021,Dizziness,Dizziness,25.1,YES,NO,,11/27/2022,ND
vsafe-1-6-daily-dose2,NDF-23483-35171,s247643439952972621924888319165133919724,02/01/2021,Rhinalgia,Nasal pain,25.1,YES,NO,,12/02/2022,ND
vsafe-1-6-daily-dose2,NDF-23483-35171,s247643439952972621924888319165133919724,02/01/2021,Paraesthesia,Localized tingling,25.1,YES,NO,,12/02/2022,ND
vsafe-0-day-dose2,NDA-11723-67664,s247861907044480990899441502158502647373,02/03/2021,Dizziness,Dizziness,25.1,YES,NO,,12/05/2022,ND
vsafe-7-day-dose1,NDC-17776-60963,s247856841529058702730660795484857876757,02/03/2021,Hypersensitivity,Allergic reaction,25.1,YES,NO,,12/06/2022,ND
vsafe-0-day-dose1,NDR-21184-91775,s248387302597408876796948922062546334517,02/08/2021,Flushing,Flushed,25.1,YES,NO,,12/12/2022,ND
vsafe-1-6-daily-dose1,NDL-32443-57537,s248496646554656603029989809893191381574,02/09/2021,Dizziness,Dizziness,25.1,YES,NO,,12/14/2022,ND
vsafe-7-day-dose1,NDL-32443-57537,s248600212179911944346284256086916209750,02/10/2021,Dizziness,Dizziness,25.1,YES,NO,,12/19/2022,ND
vsafe-1-6-daily-dose1,NDR-21184-91775,s248905932633167785863245836877268916942,02/13/2021,Unevaluable event,Reaction unevaluable,25.1,YES,NO,,12/21/2022,ND
vsafe-1-6-daily-dose2,ND8-20602-13064,s249728968508225623280409963352593950571,02/21/2021,Body temperature increased,Body temperature increased,25.1,YES,NO,,12/29/2022,ND
vsafe-1-6-daily-dose2,ND8-20602-13064,s249728968508225623280409963352593950571,02/21/2021,Self-medication,Self-medication,25.1,YES,NO,,12/29/2022,ND
vsafe-1-6-daily-dose2,ND8-20602-13064,s249836051515924257391756734326287019190,02/22/2021,Fatigue,Fatigue,25.1,YES,NO,,12/29/2022,ND
vsafe-1-6-daily-dose2,ND8-20602-13064,s249836051515924257391756734326287019190,02/22/2021,Injection site pain,Injection site tenderness,25.1,YES,NO,,12/29/2022,ND
vsafe-1-6-daily-dose1,NDZ-24687-16297,s250564961510722677428064333344023404764,03/01/2021,Pain,Pain,25.1,YES,NO,,01/05/2023,ND
vsafe-1-6-daily-dose2,NDL-30820-75536,s251218774999673491955763413435103710575,03/07/2021,Chest pain,Pain chest,25.1,YES,NO,,01/11/2023,ND
vsafe-1-6-daily-dose2,NDL-30820-75536,s251218774999673491955763413435103710575,03/07/2021,Pre-existing disease,Pre-existing disease,25.1,YES,NO,,01/11/2023,ND
vsafe-7-day-dose2,NDL-30820-75536,s251317487255867604046074627949689716372,03/08/2021,Cough,Cough,25.1,YES,NO,,01/12/2023,ND
vsafe-7-day-dose2,NDL-30820-75536,s251317487255867604046074627949689716372,03/08/2021,Respiratory disorder,Upper respiratory disorder,25.1,YES,NO,,01/12/2023,ND
vsafe-1-6-daily-dose2,NDR-21184-91775,s251409763711062894257915483177284719349,03/09/2021,Rash,Rash trunk,25.1,YES,NO,,01/12/2023,ND
vsafe-1-6-daily-dose2,NDR-21184-91775,s251409763711062894257915483177284719349,03/09/2021,Dysgeusia,Taste metallic,25.1,YES,NO,,01/12/2023,ND
vsafe-1-6-daily-dose2,ND6-19990-96673,s252022265676663444189171896369977947304,03/15/2021,Fatigue,Tiredness,25.1,YES,NO,,01/26/2023,ND
vsafe-1-6-daily-dose2,ND6-19990-96673,s252022265676663444189171896369977947304,03/15/2021,Body temperature increased,Body temperature increased,25.1,YES,NO,,01/26/2023,ND
vsafe-1-6-daily-dose2,ND6-19990-96673,s252022265676663444189171896369977947304,03/15/2021,Myalgia,Muscle ache,25.1,YES,NO,,01/26/2023,ND
vsafe-1-6-daily-dose2,ND6-19990-96673,s252022265676663444189171896369977947304,03/15/2021,Arthralgia,Joint ache,25.1,YES,NO,,01/26/2023,ND
vsafe-0-day-dose1,NDH-29016-56445,s252339191610651915163934566418379064784,03/18/2021,Hypoaesthesia,Numbness in hand,25.1,YES,NO,,01/29/2023,ND
vsafe-0-day-dose1,NDH-29016-56445,s252339191610651915163934566418379064784,03/18/2021,Hypoaesthesia,Numbness in fingers,25.1,YES,NO,,01/29/2023,ND
vsafe-0-day-dose1,NDH-29016-56445,s252339191610651915163934566418379064784,03/18/2021,Paraesthesia,Tingling feet/hands,25.1,YES,NO,,01/29/2023,ND
vsafe-0-day-dose1,NDH-29016-56445,s252339191610651915163934566418379064784,03/18/2021,Paraesthesia,Localized tingling,25.1,YES,NO,,01/29/2023,ND
vsafe-1-6-daily-dose1,ND6-27907-19103,s252447435276393414988497987443129755496,03/19/2021,Cough,Cough,25.1,YES,NO,,01/31/2023,ND
vsafe-1-6-daily-dose2,NDH-17321-72121,s252450110231089029338950064722947007685,03/19/2021,Adverse reaction,Adverse reaction,25.1,YES,NO,,01/31/2023,ND
vsafe-1-6-daily-dose2,NDW-11921-55595,s252453653166694043335411937543556043610,03/19/2021,Wrist fracture,Broken wrist,25.1,YES,NO,,01/31/2023,ND
vsafe-1-6-daily-dose2,NDW-11921-55595,s252453653166694043335411937543556043610,03/19/2021,Arthralgia,Wrist pain,25.1,YES,NO,,01/31/2023,ND
vsafe-1-6-daily-dose2,NDH-17321-72121,s252547196971344483943520480337794345285,03/20/2021,Unevaluable event,Reaction unevaluable,25.1,NO,NO,05/15/2023,02/01/2023,ND
vsafe-1-6-daily-dose2,NDH-17321-72121,s252547196971344483943520480337794345285,03/20/2021,Chills,Chills,25.1,YES,NO,,02/01/2023,ND
vsafe-1-6-daily-dose2,NDH-17321-72121,s252547196971344483943520480337794345285,03/20/2021,Hyperhidrosis,Sweating,25.1,YES,NO,,02/01/2023,ND
vsafe-1-6-daily-dose2,NDH-17321-72121,s252547196971344483943520480337794345285,03/20/2021,Pyrexia,Fever,26.0,YES,YES,05/15/2023,02/01/2023,ND
vsafe-1-6-daily-dose2,NDZ-24687-16297,s252871641084194458979932530541433861408,03/23/2021,Poor quality sleep,Sleep unwell,25.1,YES,NO,,02/02/2023,ND
vsafe-7-day-dose1,ND5-63283-85990,s253410717645172641192406093392983525412,03/28/2021,Lymphadenopathy,Lymphadenopathy axillary,25.1,YES,NO,,02/08/2023,ND
vsafe-7-day-dose1,ND5-63283-85990,s253410717645172641192406093392983525412,03/28/2021,Paraesthesia,Tingling of extremity,25.1,YES,NO,,02/08/2023,ND
vsafe-7-day-dose1,ND5-63283-85990,s253410717645172641192406093392983525412,03/28/2021,Paraesthesia,Localized tingling,25.1,YES,NO,,02/08/2023,ND
vsafe-0-day-dose1,ND8-14999-04454,s253595519599267117118132140899077604602,03/30/2021,Hot flush,Hot flashes,25.1,YES,NO,,02/09/2023,ND
vsafe-1-6-daily-dose1,ND8-14999-04454,s253695170166395831916360428935476589619,03/31/2021,Periorbital swelling,Puffy eyes,25.1,YES,NO,,02/10/2023,ND
vsafe-0-day-dose1,ND3-14091-11024,s253816812804615435464415318861796788268,04/01/2021,Neck pain,Neck pain,25.1,YES,NO,,02/13/2023,ND
vsafe-0-day-dose1,NDQ-24218-24352,s253804149074485215154479705253781092268,04/01/2021,Dizziness,Dizziness,25.1,YES,NO,,02/13/2023,ND
vsafe-1-6-daily-dose1,NDQ-24218-24352,s253921877777495647135682643404960433589,04/02/2021,Chest pain,Chest pain,25.1,YES,NO,,02/14/2023,ND
vsafe-1-6-daily-dose1,NDQ-24218-24352,s253921877777495647135682643404960433589,04/02/2021,Cyanosis,Blue lips,25.1,YES,NO,,02/14/2023,ND
vsafe-0-day-dose1,NDL-94690-79541,s254328846664425131612764708109642505123,04/06/2021,Hot flush,Hot flashes,25.1,YES,NO,,02/16/2023,ND
vsafe-0-day-dose1,NDL-94690-79541,s254328846664425131612764708109642505123,04/06/2021,Flushing,Flushed,25.1,YES,NO,,02/16/2023,ND
vsafe-0-day-dose1,NDL-94690-79541,s254328846664425131612764708109642505123,04/06/2021,Fatigue,Tiredness,25.1,YES,NO,,02/16/2023,ND
vsafe-1-6-daily-dose1,NDL-94690-79541,s254537814493542067556699356396906002616,04/08/2021,Menstrual disorder,Menstrual disorder,25.1,YES,NO,,02/20/2023,ND
vsafe-1-6-daily-dose1,NDL-94690-79541,s254537814493542067556699356396906002616,04/08/2021,Gastrointestinal motility disorder,Bowel motility disorder,25.1,YES,NO,,02/20/2023,ND
vsafe-1-6-daily-dose1,NDP-14866-17027,s254945079046539451142189633227985711309,04/12/2021,Musculoskeletal discomfort,Neck discomfort,25.1,YES,NO,,02/23/2023,ND
vsafe-1-6-daily-dose1,NDP-14866-17027,s254945079046539451142189633227985711309,04/12/2021,Mobility decreased,Mobility decreased,25.1,YES,NO,,02/23/2023,ND
vsafe-1-6-daily-dose1,NDP-14866-17027,s255374096608092021091845814126035731256,04/16/2021,Musculoskeletal stiffness,Neck stiff,25.1,YES,NO,,02/28/2023,ND
vsafe-1-6-daily-dose2,ND3-32349-41365,s255582202938223811561987021461158248601,04/18/2021,Arthralgia,Pain in hip,26.0,YES,NO,,03/23/2023,ND
vsafe-1-6-daily-dose2,ND3-32349-41365,s255679808861523776018664457361674622138,04/19/2021,Arthralgia,Pain in hip,25.1,YES,NO,,03/03/2023,ND
vsafe-0-day-dose2,NDU-10320-89293,s256405884713890088299258572888594872433,04/26/2021,No adverse event,No adverse reaction,26.0,YES,NO,,03/09/2023,ND
vsafe-1-6-daily-dose2,NDL-94690-79541,s256731851377859040852975146823108410106,04/29/2021,Paranasal sinus discomfort,Sinus pressure,25.1,YES,NO,,03/10/2023,ND
vsafe-1-6-daily-dose2,NDL-94690-79541,s256731851377859040852975146823108410106,04/29/2021,Throat irritation,Throat irritation,26.0,YES,NO,,03/10/2023,ND
vsafe-1-6-daily-dose2,NDZ-28819-93507,s257773128127504504338560434067393362975,05/09/2021,Dysgeusia,Taste metallic,26.0,YES,NO,,03/17/2023,ND
vsafe-7-day-dose1,NDP-53701-56199,s259659012702662854064440119755534956215,05/27/2021,Mouth ulceration,Mouth ulcer,26.0,YES,NO,,03/30/2023,ND
vsafe-7-day-dose1,NDP-53701-56199,s259659012702662854064440119755534956215,05/27/2021,Lymphadenopathy,Lymph nodes enlarged,26.0,YES,NO,,03/30/2023,ND
vsafe-7-day-dose1,NDP-53701-56199,s259659012702662854064440119755534956215,05/27/2021,Lip swelling,Swollen lips,26.0,YES,NO,,03/30/2023,ND
vsafe-7-day-dose1,NDP-53701-56199,s259659012702662854064440119755534956215,05/27/2021,Swollen tongue,Swollen tongue,26.0,YES,NO,,03/30/2023,ND
vsafe-0-day-dose1,NDP-15916-66010,s260696330502437936648146974266417097237,06/06/2021,Nasopharyngitis,Cold,26.0,YES,NO,,04/03/2023,ND
vsafe-1-6-daily-dose1,NDP-15916-66010,s260897710548076455858678379219755111518,06/08/2021,Ventricular extrasystoles,Premature ventricular contractions,26.0,YES,NO,,04/03/2023,ND
vsafe-1-6-daily-dose1,NDP-15916-66010,s261002339777817981284282954517664426238,06/09/2021,Heart rate increased,Heart rate increased,26.0,YES,NO,,04/04/2023,ND
vsafe-1-6-daily-dose1,NDP-15916-66010,s261211249186373222488725549097870331195,06/11/2021,Anxiety,Anxiety,26.0,YES,NO,,04/04/2023,ND
vsafe-1-6-daily-dose2-dep,NDY-25721-61862,s268648450435318730981057908880903411078,08/21/2021,Palpitations,Palpitations,26.0,YES,NO,,07/17/2023,ND
vsafe-0-day-dose1,NDU-13270-41501,s243049611355684991397113820189452591157,12/19/2020,Dizziness,Dizzy,25.1,YES,NO,,10/19/2022,ND
vsafe-1-6-daily-dose1,NDF-62145-68723,s244943847341571377640025423121690022863,01/06/2021,Lymphadenopathy,Swollen lymph nodes,25.1,NO,NO,01/18/2023,11/07/2022,ND
vsafe-1-6-daily-dose1,NDF-62145-68723,s244943847341571377640025423121690022863,01/06/2021,Lymphadenopathy,Axillary lymph nodes enlarged,25.1,YES,YES,01/18/2023,11/07/2022,ND
vsafe-1-6-daily-dose1,NDB-31177-51756,s245232844752000479746472779735664092306,01/09/2021,Injection site pain,Injection site pain,25.1,YES,NO,,11/09/2022,ND
vsafe-1-6-daily-dose1,NDF-62145-68723,s245238453323350034314365071408547632897,01/09/2021,Lymphadenopathy,Axillary lymph nodes enlarged,25.1,YES,NO,,11/09/2022,ND
vsafe-7-day-dose1,NDF-62145-68723,s245446068593606204402283852843335732587,01/11/2021,Lymphadenopathy,Swollen lymph nodes,25.1,YES,NO,,11/11/2022,ND
vsafe-1-6-daily-dose2,NDV-17067-42234,s245649083746666149538622037682440244433,01/13/2021,Hyperhidrosis,Sweating,25.1,YES,NO,,11/14/2022,ND
vsafe-1-6-daily-dose2,NDV-17067-42234,s245649083746666149538622037682440244433,01/13/2021,Feeling hot,Feeling hot,25.1,YES,NO,,11/14/2022,ND
vsafe-1-6-daily-dose2,NDV-17067-42234,s245752305796756565255842868506332397366,01/14/2021,Hyperhidrosis,Sweating,25.1,YES,NO,,11/15/2022,ND
vsafe-1-6-daily-dose1,NDB-31177-51756,s245766613587549965219746421086997903510,01/14/2021,Pain,Pain upon movement,25.1,YES,NO,,11/15/2022,ND
vsafe-1-6-daily-dose2,NDV-17067-42234,s245858175852391568169820236523734996329,01/15/2021,Hyperhidrosis,Sweating,25.1,YES,NO,,11/16/2022,ND
vsafe-1-6-daily-dose1,ND8-64156-54171,s246292111944548374089945254379836291501,01/19/2021,Rhinorrhoea,Sniffles,25.1,YES,NO,,11/18/2022,ND
vsafe-1-6-daily-dose1,ND7-60572-70418,s246796656386312880365412777001879262578,01/24/2021,Cough,Cough,25.1,YES,NO,,11/23/2022,ND
vsafe-1-6-daily-dose1,NDT-17409-85008,s246831427757388742870847925917198227226,01/24/2021,Dizziness,Lightheadedness,25.1,YES,NO,,11/23/2022,ND
vsafe-7-day-dose1,ND7-60572-70418,s246902224996973010228565734521039385802,01/25/2021,Cough,Cough,25.1,YES,NO,,11/25/2022,ND
vsafe-1-6-daily-dose1,NDW-33440-13349,s247538349963790338748017680809114380936,01/31/2021,Rhinorrhoea,Runny nose,25.1,YES,NO,,12/01/2022,ND
vsafe-1-6-daily-dose2,NDF-62145-68723,s247634719687842746191145807574777653013,02/01/2021,Lymphadenopathy,Swollen lymph nodes,25.1,YES,NO,,12/02/2022,ND
vsafe-1-6-daily-dose1,NDK-16638-54559,s247649118632147791789869135726060902262,02/01/2021,Throat irritation,Itchy throat,25.1,YES,NO,,12/02/2022,ND
vsafe-7-day-dose2,NDF-62145-68723,s247738080116779523651733924825317157441,02/02/2021,Lymphadenopathy,Swollen lymph nodes,25.1,YES,NO,,12/05/2022,ND
vsafe-1-6-daily-dose1,NDK-16638-54559,s247855378069288226155935354623173000916,02/03/2021,Throat irritation,Itchy throat,25.1,YES,NO,,12/05/2022,ND
vsafe-1-6-daily-dose2,ND3-12573-50861,s247948893500552837128761290073817380811,02/04/2021,Urinary tract infection,UTI,25.1,YES,NO,,12/07/2022,ND
vsafe-7-day-dose1,NDK-16638-54559,s247974167299477806390451456314828268889,02/04/2021,Throat irritation,Itchy throat,25.1,YES,NO,,12/07/2022,ND
vsafe-1-6-daily-dose1,NDB-29139-53037,s248372941853346398535208251604788243075,02/08/2021,Dizziness,Dizziness,25.1,YES,NO,,12/13/2022,ND
vsafe-0-day-dose1,NDN-17303-03758,s248597852302936834643898535221415022771,02/10/2021,Injection site pain,Injection site pain,25.1,YES,NO,,12/15/2022,ND
vsafe-1-6-daily-dose2,ND9-16514-81698,s249002946610170035480584466186854137440,02/14/2021,Hypersomnia,Sleep excessive,25.1,YES,NO,,12/22/2022,ND
vsafe-0-day-dose2,ND8-64156-54171,s249425026645494079058818649382542014073,02/18/2021,Flatulence,Gas,25.1,YES,NO,,12/27/2022,ND
vsafe-1-6-daily-dose2,NDV-15395-37054,s249307650319833059636470479510940816031,02/17/2021,Oral candidiasis,Oral thrush,25.1,YES,NO,,12/24/2022,ND
vsafe-0-day-dose2,ND8-64156-54171,s249425026645494079058818649382542014073,02/18/2021,Abdominal distension,Bloated feeling,25.1,YES,NO,,12/27/2022,ND
vsafe-1-6-daily-dose2,ND8-64156-54171,s249528782397054054076618057038565112411,02/19/2021,Abdominal distension,Bloating,25.1,YES,NO,,12/28/2022,ND
vsafe-1-6-daily-dose2,ND7-60572-70418,s249828461081738653481578579154006860258,02/22/2021,Oropharyngeal pain,Sore throat,25.1,YES,NO,,12/29/2022,ND
vsafe-7-day-dose2,ND7-60572-70418,s249932884033447828229416152696498072408,02/23/2021,Cough,Cough,25.1,YES,NO,,12/30/2022,ND
vsafe-1-6-daily-dose2,NDK-16638-54559,s249936991835064607617403793274389061059,02/23/2021,Cough,Cough,25.1,YES,NO,,12/29/2022,ND
vsafe-1-6-daily-dose2,NDK-16638-54559,s249936991835064607617403793274389061059,02/23/2021,Dysphonia,Hoarseness,25.1,YES,NO,,12/29/2022,ND
vsafe-1-6-daily-dose2,NDK-16638-54559,s250046501520436541996986612230111527367,02/24/2021,Cough,Cough,25.1,YES,NO,,12/30/2022,ND
vsafe-1-6-daily-dose2,NDK-16638-54559,s250046501520436541996986612230111527367,02/24/2021,Sensation of foreign body,Lump feeling in throat,25.1,YES,NO,,12/30/2022,ND
vsafe-1-6-daily-dose2,NDC-17884-44015,s250260542767094153678737833294691964430,02/26/2021,Adverse reaction,Adverse reaction,25.1,YES,NO,,01/03/2023,ND
vsafe-1-6-daily-dose2,NDK-16638-54559,s250251597840393073118252889227880207243,02/26/2021,Throat irritation,Itchy throat,25.1,YES,NO,,01/03/2023,ND
vsafe-1-6-daily-dose2,NDK-16638-54559,s250251597840393073118252889227880207243,02/26/2021,Cough,Coughing,25.1,YES,NO,,01/03/2023,ND
vsafe-7-day-dose2,NDK-16638-54559,s250350956020749294986144649251960583515,02/27/2021,Cough,Coughing,25.1,YES,NO,,01/04/2023,ND
vsafe-7-day-dose2,NDK-16638-54559,s250350956020749294986144649251960583515,02/27/2021,Throat irritation,Itchy throat,25.1,YES,NO,,01/04/2023,ND
vsafe-7-day-dose2,NDK-16638-54559,s250350956020749294986144649251960583515,02/27/2021,Dysphonia,Hoarseness,25.1,YES,NO,,01/04/2023,ND
vsafe-1-6-daily-dose1,ND6-13133-04022,s251305496128058475570836783430594354322,03/08/2021,Back pain,Back pain,25.1,YES,NO,,01/11/2023,ND
vsafe-0-day-dose1,NDS-27487-55676,s252031320110836050930695533192819641356,03/15/2021,Myocarditis,Myocarditis,25.1,YES,NO,,01/25/2023,ND
vsafe-0-day-dose1,NDE-13388-77046,s252237803961322572272065675687340184683,03/17/2021,Dysgeusia,Taste metallic,25.1,YES,NO,,01/27/2023,ND
vsafe-0-day-dose1,NDE-13388-77046,s252237803961322572272065675687340184683,03/17/2021,Immediate post-injection reaction,Immediate post-injection reaction,25.1,YES,NO,,01/27/2023,ND
vsafe-1-6-daily-dose2,NDX-24479-90156,s252232560693650008976097400701600856570,03/17/2021,Blood glucose increased,Blood sugar increased,25.1,YES,NO,,01/27/2023,ND
vsafe-1-6-daily-dose2,NDB-29139-53037,s252329926218660709070772956058092177320,03/18/2021,Respiratory tract congestion,Respiratory tract congestion,25.1,YES,NO,,01/30/2023,ND
vsafe-1-6-daily-dose2,NDX-24479-90156,s252335404681595705627811316700480712513,03/18/2021,Blood glucose increased,Blood sugar increased,25.1,YES,NO,,01/30/2023,ND
vsafe-1-6-daily-dose2,NDB-29139-53037,s252435534700572464726030069453332042979,03/19/2021,Pollakiuria,Urination frequency of,25.1,YES,NO,,01/31/2023,ND
vsafe-1-6-daily-dose2,NDB-29139-53037,s252435534700572464726030069453332042979,03/19/2021,Respiratory tract congestion,Respiratory tract congestion,25.1,YES,NO,,01/31/2023,ND
vsafe-1-6-daily-dose2,NDB-29139-53037,s252435534700572464726030069453332042979,03/19/2021,Decreased appetite,Appetite lost,25.1,YES,NO,,01/31/2023,ND
vsafe-1-6-daily-dose2,NDB-29139-53037,s252750997006924736109880197729424655923,03/22/2021,Lymphadenopathy,Swollen lymph nodes,25.1,YES,NO,,02/02/2023,ND
vsafe-1-6-daily-dose1,NDR-33547-88323,s252883552253518897812064635319088713802,03/23/2021,Memory impairment,Forgetfulness,25.1,YES,NO,,02/02/2023,ND
vsafe-1-6-daily-dose1,NDR-33547-88323,s252883552253518897812064635319088713802,03/23/2021,Irritability,Irritable,25.1,YES,NO,,02/02/2023,ND
vsafe-1-6-daily-dose1,NDR-33547-88323,s252883552253518897812064635319088713802,03/23/2021,Anxiety,Anxious mood,25.1,YES,NO,,02/02/2023,ND
vsafe-0-day-dose1,NDE-53306-69263,s252962974384693377347378154909266017824,03/24/2021,No adverse event,No adverse reaction,25.1,YES,NO,,02/03/2023,ND
vsafe-1-6-daily-dose2,NDE-31210-87716,s253068899979040645906686598301881093120,03/25/2021,No adverse event,No adverse reaction,25.1,YES,NO,,02/06/2023,ND
vsafe-1-6-daily-dose1,NDR-20208-58889,s253716853674972902983546035137327850091,03/31/2021,Upper-airway cough syndrome,Postnasal drip,25.1,YES,NO,,02/10/2023,ND
vsafe-1-6-daily-dose1,NDR-20208-58889,s253716853674972902983546035137327850091,03/31/2021,Oropharyngeal pain,Sore throat,25.1,YES,NO,,02/10/2023,ND
vsafe-1-6-daily-dose1,NDX-31302-79274,s253692659788489294573253776523246855743,03/31/2021,Unevaluable event,Reaction unevaluable,25.1,YES,NO,,02/10/2023,ND
vsafe-1-6-daily-dose1,NDR-20208-58889,s253799843444865156195837195219003652071,04/01/2021,Ear pain,Ear pain,25.1,YES,NO,,02/13/2023,ND
vsafe-0-day-dose2,NDE-13388-77046,s254423833151749243650453331090204138914,04/07/2021,Dysgeusia,Taste metallic,25.1,YES,NO,,02/17/2023,ND
vsafe-0-day-dose2,NDE-13388-77046,s254423833151749243650453331090204138914,04/07/2021,Immediate post-injection reaction,Immediate post-injection reaction,25.1,YES,NO,,02/17/2023,ND
vsafe-0-day-dose2,NDE-13388-77046,s254423833151749243650453331090204138914,04/07/2021,Vaccine positive rechallenge,Vaccine positive rechallenge,25.1,YES,NO,,02/17/2023,ND
vsafe-1-6-daily-dose2,NDE-13388-77046,s254528258062008438817467190574511162399,04/08/2021,Dysgeusia,Taste metallic,25.1,YES,NO,,02/20/2023,ND
vsafe-1-6-daily-dose2,NDE-13388-77046,s254528258062008438817467190574511162399,04/08/2021,Dizziness,Dizziness,25.1,YES,NO,,02/20/2023,ND
vsafe-1-6-daily-dose2,NDE-13388-77046,s254528258062008438817467190574511162399,04/08/2021,Feeling abnormal,Foggy feeling in head,25.1,YES,NO,,02/20/2023,ND
vsafe-1-6-daily-dose2,NDE-13388-77046,s254644952526076689125557093836843017771,04/09/2021,Injection site bruising,Injection site bruising,25.1,YES,NO,,02/21/2023,ND
vsafe-1-6-daily-dose2,NDR-33547-88323,s254846751703506276551783793390621694629,04/11/2021,Depression,Depression,25.1,YES,NO,,02/23/2023,ND
vsafe-1-6-daily-dose2,NDR-33547-88323,s254846751703506276551783793390621694629,04/11/2021,Malaise,Malaise,25.1,YES,NO,,02/23/2023,ND
vsafe-1-6-daily-dose2,NDR-33547-88323,s255267385640080668600409134256165101110,04/15/2021,Hyperhidrosis,Sweating,25.1,YES,NO,,02/28/2023,ND
vsafe-1-6-daily-dose2,NDR-33547-88323,s255267385640080668600409134256165101110,04/15/2021,Feeling cold,Feeling cold,25.1,YES,NO,,02/28/2023,ND
vsafe-1-6-daily-dose2,NDU-24004-73439,s255990153356042965408225217921994612865,04/22/2021,Intermenstrual bleeding,Spotting menstrual,25.1,YES,NO,,03/07/2023,ND
vsafe-1-6-daily-dose2,NDU-24004-73439,s256093763508099108615959500223242988043,04/23/2021,Menstruation irregular,Irregular menstrual cycle,25.1,YES,NO,,03/07/2023,ND
vsafe-1-6-daily-dose2,NDA-70935-06466,s256313732025348495098034706762873571201,04/25/2021,Dry eye,Dry eyes,26.0,YES,NO,,03/09/2023,ND
vsafe-1-6-daily-dose1,NDN-25869-32182,s256528967078657586354185230060880548362,04/27/2021,Lymphadenopathy,Lymph nodes cervical swollen,26.0,YES,NO,,03/24/2023,ND
vsafe-1-6-daily-dose1,NDN-25869-32182,s257043492509143311761945791976864113123,05/02/2021,Cystitis,Bladder infection,26.0,YES,NO,,03/14/2023,ND
vsafe-1-6-daily-dose1,ND2-17054-50770,s259017923156382672251001413216559094845,05/21/2021,Dyspnoea,Short of breath,26.0,YES,NO,,03/28/2023,ND
vsafe-0-day-dose2,NDN-25869-32182,s259340108935812017920595685445284270668,05/24/2021,Injection site pain,Pain injection site,26.0,YES,NO,,03/29/2023,ND
vsafe-1-6-daily-dose2,NDN-25869-32182,s259447983867266812259875471078688724779,05/25/2021,Self-medication,Self-medication,26.0,YES,NO,,03/29/2023,ND
vsafe-1-6-daily-dose2,NDN-25869-32182,s259447983867266812259875471078688724779,05/25/2021,Discomfort,Discomfort,26.0,YES,NO,,03/29/2023,ND
vsafe-1-6-daily-dose2,NDN-25869-32182,s259757705285216288234803192162473888952,05/28/2021,Urinary tract infection,UTI,26.0,YES,NO,,03/30/2023,ND
vsafe-1-6-daily-dose2,NDN-25869-32182,s259757705285216288234803192162473888952,05/28/2021,Urinary tract pain,Urinary tract pain,26.0,YES,NO,,03/30/2023,ND
vsafe-1-6-daily-dose1,ND5-29403-74450,s260593288826957812845492534587012332901,06/05/2021,Tinnitus,Ringing in ears,26.0,YES,NO,,04/03/2023,ND
vsafe-1-6-daily-dose1,ND5-29403-74450,s260697557353519568255835730137158682573,06/06/2021,Ear pain,Ear pain,26.0,YES,NO,,04/03/2023,ND
vsafe-1-6-daily-dose1,ND5-29403-74450,s260697557353519568255835730137158682573,06/06/2021,Tinnitus,Ear ringing,26.0,YES,NO,,04/03/2023,ND
vsafe-1-6-daily-dose1,ND5-29403-74450,s260697557353519568255835730137158682573,06/06/2021,Ear discomfort,Ear feels clogged,26.0,YES,NO,,04/03/2023,ND
vsafe-1-6-daily-dose1,ND5-29403-74450,s260801813674291759011040928979688757350,06/07/2021,Tinnitus,Ear ringing,26.0,YES,NO,,04/03/2023,ND
vsafe-1-6-daily-dose1,ND5-29403-74450,s260801813674291759011040928979688757350,06/07/2021,Ear pain,Ear pain,26.0,YES,NO,,04/03/2023,ND
vsafe-7-day-dose1,ND5-29403-74450,s261129239901554898209818899315516139007,06/10/2021,Tinnitus,Ear noises,26.0,YES,NO,,04/04/2023,ND
vsafe-1-6-daily-dose1,ND8-15730-04078,s263731915261528781726859793241238814915,07/05/2021,Dyspnoea,Difficulty breathing,26.0,YES,NO,,04/07/2023,ND
vsafe-1-6-daily-dose2,NDL-80128-07489,s267173788590380815826594418858757079070,08/07/2021,Asthenia,Weakness,26.0,YES,NO,,05/23/2023,ND
vsafe-1-6-daily-dose2,NDL-80128-07489,s267173788590380815826594418858757079070,08/07/2021,Dizziness,Light-headed,26.0,YES,NO,,05/23/2023,ND
vsafe-1-6-daily-dose1,NDV-23230-54377,s245878580037122476620574416328112884150,01/15/2021,Arthralgia,Joint pain,25.1,YES,NO,,11/16/2022,ND
vsafe-7-day-dose1,NDU-25877-08672,s246504669328729262437675988405021447969,01/21/2021,Blood pressure abnormal,Blood pressure abnormal,25.1,YES,NO,,11/21/2022,ND
vsafe-0-day-dose1,ND6-17003-54627,s246611624292071278663648229447300727841,01/22/2021,Headache,Headache,25.1,YES,NO,,11/21/2022,ND
vsafe-1-6-daily-dose1,NDM-10718-42703,s246607893234612736812414655868716080656,01/22/2021,Dizziness,Dizziness,25.1,YES,NO,,11/22/2022,ND
vsafe-1-6-daily-dose2,ND3-18142-81832,s247234782901245069427974614905147549864,01/28/2021,Heart rate increased,Heart rate increased,25.1,YES,NO,,11/29/2022,ND
vsafe-1-6-daily-dose2,ND3-18142-81832,s247234782901245069427974614905147549864,01/28/2021,Insomnia,Insomnia,25.1,YES,NO,,11/29/2022,ND
vsafe-1-6-daily-dose2,ND3-18142-81832,s247234782901245069427974614905147549864,01/28/2021,Anxiety,Anxiety,25.1,YES,NO,,11/29/2022,ND
vsafe-1-6-daily-dose2,ND3-18142-81832,s247234782901245069427974614905147549864,01/28/2021,Feeling abnormal,Feeling abnormal,25.1,YES,NO,,11/29/2022,ND
vsafe-1-6-daily-dose2,ND3-18142-81832,s247234782901245069427974614905147549864,01/28/2021,Abdominal distension,Bloating,25.1,YES,NO,,11/29/2022,ND
vsafe-1-6-daily-dose2,ND3-18142-81832,s247330565162715820869484077367104823080,01/29/2021,Nasal congestion,Congestion nasal,25.1,YES,NO,,11/30/2022,ND
vsafe-1-6-daily-dose2,ND3-18142-81832,s247330565162715820869484077367104823080,01/29/2021,Asthma,Asthmatic,25.1,YES,NO,,11/30/2022,ND
vsafe-1-6-daily-dose2,ND3-18142-81832,s247330565162715820869484077367104823080,01/29/2021,Cough,Cough,25.1,YES,NO,,11/30/2022,ND
vsafe-1-6-daily-dose2,NDC-25182-45650,s247322910645523755220345103081659883498,01/29/2021,Chest discomfort,Chest discomfort,25.1,YES,NO,,11/30/2022,ND
vsafe-1-6-daily-dose2,NDC-25182-45650,s247430944844885141721225125793851143979,01/30/2021,Chest discomfort,Chest discomfort,25.1,YES,NO,,12/01/2022,ND
vsafe-1-6-daily-dose2,NDV-23230-54377,s248377509120951848389745395526061974904,02/08/2021,Tongue ulceration,Tongue ulceration,25.1,YES,NO,,12/13/2022,ND
vsafe-1-6-daily-dose1,NDA-25681-32442,s248482823140185672223755231072956886443,02/09/2021,Neuralgia,Nerve pain,25.1,YES,NO,,12/14/2022,ND
vsafe-1-6-daily-dose1,NDA-25681-32442,s248482823140185672223755231072956886443,02/09/2021,Pre-existing disease,Pre-existing disease,25.1,YES,NO,,12/14/2022,ND
vsafe-1-6-daily-dose2,NDV-23230-54377,s248578561021367332976030339245323995973,02/10/2021,Sciatica,Sciatica,25.1,YES,NO,,12/16/2022,ND
vsafe-0-day-dose2,NDT-11848-29480,s248592373490361488565176996855699653675,02/10/2021,Chest pain,Chest pain,25.1,YES,NO,,12/16/2022,ND
vsafe-0-day-dose2,NDT-11848-29480,s248592373490361488565176996855699653675,02/10/2021,Dyspepsia,Heartburn,25.1,YES,NO,,12/16/2022,ND
vsafe-1-6-daily-dose2,NDT-11848-29480,s249010868140531556857323929784810120824,02/14/2021,Dizziness,Dizziness,25.1,YES,NO,,12/22/2022,ND
vsafe-7-day-dose2,NDU-25877-08672,s249612587767090913568588776481627985615,02/20/2021,Hypothyroidism,Hypothyroidism,25.1,YES,NO,,12/28/2022,ND
vsafe-7-day-dose2,NDU-25877-08672,s249612587767090913568588776481627985615,02/20/2021,Blood pressure measurement,Blood pressure,25.1,YES,NO,,12/28/2022,ND
vsafe-7-day-dose1,NDZ-15731-53113,s250573661258418211350974674240243684197,03/01/2021,Rash,Rash,25.1,YES,NO,,01/05/2023,ND
vsafe-7-day-dose1,NDZ-15731-53113,s250573661258418211350974674240243684197,03/01/2021,Furuncle,Boil,25.1,YES,NO,,01/05/2023,ND
vsafe-1-6-daily-dose1,NDW-22319-52931,s251505349053732301852782283386954330709,03/10/2021,Dyspnoea,Shortness of breath,25.1,YES,NO,,01/13/2023,ND
vsafe-1-6-daily-dose1,NDW-22319-52931,s251505349053732301852782283386954330709,03/10/2021,Heart rate increased,Heart rate increased,25.1,YES,NO,,01/13/2023,ND
vsafe-1-6-daily-dose1,NDW-22319-52931,s251914863964049307060966768360332911132,03/14/2021,Dyspnoea,Shortness of breath,25.1,YES,NO,,01/25/2023,ND
vsafe-1-6-daily-dose1,NDW-22319-52931,s251914863964049307060966768360332911132,03/14/2021,Post-acute COVID-19 syndrome,Post-COVID syndrome,25.1,YES,NO,,01/25/2023,ND
vsafe-1-6-daily-dose1,NDA-31646-75311,s252858065094005396384541262846597137512,03/23/2021,Pruritus,Itching,25.1,YES,NO,,02/02/2023,ND
vsafe-1-6-daily-dose1,NDA-31646-75311,s252963063152518835773804497407239190335,03/24/2021,Migraine,Migraine,25.1,YES,NO,,02/03/2023,ND
vsafe-1-6-daily-dose2,ND6-15095-36110,s253065301205499707879965061080618295010,03/25/2021,Insomnia,Difficulty sleeping,25.1,YES,NO,,02/06/2023,ND
vsafe-1-6-daily-dose2,ND6-15095-36110,s253065301205499707879965061080618295010,03/25/2021,Sleep disorder,Sleep disturbed,25.1,YES,NO,,02/06/2023,ND
vsafe-0-day-dose2,NDB-33596-11408,s253174651214274571417022288714617512108,03/26/2021,No adverse event,No adverse reaction,25.1,YES,NO,,02/06/2023,ND
vsafe-1-6-daily-dose1,NDA-31646-75311,s253377170113901219495957287631204298669,03/28/2021,Injection site bruising,Injection site bruising,25.1,YES,NO,,02/08/2023,ND
vsafe-7-day-dose1,NDA-31646-75311,s253481579202632616378337107507126368598,03/29/2021,Injection site bruising,Injection site bruising,25.1,YES,NO,,02/09/2023,ND
vsafe-7-day-dose2,ND6-15095-36110,s253700910716891743279726145704244685751,03/31/2021,Injected limb mobility decreased,Injected limb mobility decreased,25.1,YES,NO,,02/13/2023,ND
vsafe-1-6-daily-dose2,NDC-19504-99593,s253894327184420250562042169330993108158,04/02/2021,Insomnia,Insomnia,25.1,YES,NO,,02/14/2023,ND
vsafe-1-6-daily-dose2,NDA-31646-75311,s255154655017851386160769024916732937618,04/14/2021,Injection site bruising,Injection site bruising,25.1,YES,NO,,03/01/2023,ND
vsafe-1-6-daily-dose2,NDA-31646-75311,s255154655017851386160769024916732937618,04/14/2021,Menstruation irregular,Menstruation irregular,25.1,YES,NO,,03/01/2023,ND
vsafe-1-6-daily-dose2,NDA-31646-75311,s255260909961163042903960810470876265967,04/15/2021,Heavy menstrual bleeding,Menstruation increased,25.1,YES,NO,,02/28/2023,ND
vsafe-1-6-daily-dose2,NDA-31646-75311,s255363817434606054937837195893228086758,04/16/2021,Heavy menstrual bleeding,Bleeding menstrual heavy,25.1,YES,NO,,03/01/2023,ND
vsafe-1-6-daily-dose2,NDA-31646-75311,s255363817434606054937837195893228086758,04/16/2021,Abnormal menstrual clots,Abnormal menstrual clots,25.1,YES,NO,,03/01/2023,ND
vsafe-1-6-daily-dose2,NDA-31646-75311,s255488285482615072660778418884854829387,04/17/2021,Menstruation irregular,Irregular periods,25.1,YES,NO,,03/02/2023,ND
vsafe-1-6-daily-dose2,NDA-31646-75311,s255567864677444237168351179651437704381,04/18/2021,Heavy menstrual bleeding,Heavy periods,26.0,YES,NO,,03/23/2023,ND
vsafe-1-6-daily-dose1,NDQ-31132-31712,s259434848476517205341039076648564710469,05/25/2021,Pain in extremity,Pain in arm,26.0,YES,NO,,03/29/2023,ND
vsafe-1-6-daily-dose1,NDQ-31132-31712,s259434848476517205341039076648564710469,05/25/2021,Musculoskeletal stiffness,Limbs stiffness,26.0,YES,NO,,03/29/2023,ND
vsafe-1-6-daily-dose1,NDQ-31132-31712,s259434848476517205341039076648564710469,05/25/2021,Arthralgia,Knee pain,26.0,YES,NO,,03/29/2023,ND
vsafe-1-6-daily-dose1,NDQ-31132-31712,s259954680220474943495589363241215229422,05/30/2021,Arthralgia,Shoulder pain,26.0,YES,NO,,03/31/2023,ND
vsafe-1-6-daily-dose1,NDQ-31132-31712,s259954680220474943495589363241215229422,05/30/2021,Arthralgia,Knee pain,26.0,YES,NO,,03/31/2023,ND
vsafe-0-day-dose2,NDQ-31132-31712,s262264593018236416320342424471112139902,06/21/2021,Injection site pain,Pain injection site,26.0,YES,NO,,04/05/2023,ND
vsafe-0-day-dose2,NDQ-31132-31712,s262264593018236416320342424471112139902,06/21/2021,Injection site pruritus,Injection site itching,26.0,YES,NO,,04/05/2023,ND
vsafe-1-6-daily-dose2,NDQ-31132-31712,s262354561269896975966314890500632100353,06/22/2021,Self-medication,Self-medication,26.0,YES,NO,,04/05/2023,ND
vsafe-1-6-daily-dose2,NDQ-31132-31712,s262354561269896975966314890500632100353,06/22/2021,Musculoskeletal stiffness,Stiffness,26.0,YES,NO,,04/05/2023,ND
vsafe-1-6-daily-dose2,NDQ-31132-31712,s262354561269896975966314890500632100353,06/22/2021,Pain,Pain upon movement,26.0,YES,NO,,04/05/2023,ND
vsafe-1-6-daily-dose2,NDQ-31132-31712,s262463470135330045531249800916952056574,06/23/2021,Injection site pain,Injection site pain,26.0,YES,NO,,04/06/2023,ND
vsafe-1-6-daily-dose2,NDQ-31132-31712,s262690782391862184272943269754910199744,06/25/2021,Nodule,Nodule on extremity,26.0,YES,NO,,04/06/2023,ND
vsafe-1-6-daily-dose2,NDQ-31132-31712,s262690782391862184272943269754910199744,06/25/2021,Pruritus,Itchy upper limbs,26.0,YES,NO,,04/06/2023,ND
vsafe-1-6-daily-dose2,NDE-32204-99277,s267891573735132289548562279083813830558,08/14/2021,Dysgeusia,Taste metallic,26.0,YES,NO,,06/22/2023,ND
vsafe-1-6-daily-dose2,NDE-32204-99277,s268020903487545985683229368888635043809,08/15/2021,Decreased appetite,Appetite absent,26.0,YES,NO,,06/26/2023,ND
vsafe-1-6-daily-dose2,NDE-32204-99277,s268020903487545985683229368888635043809,08/15/2021,Tinnitus,Ear ringing,26.0,YES,NO,,06/26/2023,ND
vsafe-1-6-daily-dose2,NDE-32204-99277,s268020903487545985683229368888635043809,08/15/2021,Irritability,Irritable,26.0,YES,NO,,06/26/2023,ND
vsafe-1-6-daily-dose2,NDE-32204-99277,s268020903487545985683229368888635043809,08/15/2021,Eye irritation,Burning eyes,26.0,YES,NO,,06/26/2023,ND
vsafe-1-6-daily-dose1,NDJ-54342-41548,s243879211379840906673973837391005882412,12/27/2020,Cough,Cough,25.1,YES,NO,,10/27/2022,ND
vsafe-7-day-dose1,NDJ-54342-41548,s244311608040576966243464008086963495936,12/31/2020,Cough,Cough,25.1,YES,NO,,11/02/2022,ND
vsafe-1-6-daily-dose1,ND7-27104-41912,s245150023026240099988710050258158793203,01/08/2021,Abnormal dreams,Dreams abnormal,25.1,YES,NO,,11/08/2022,ND
vsafe-1-6-daily-dose1,NDF-82361-47038,s245448233923764269039150463688181982635,01/11/2021,Oropharyngeal pain,Sore throat,25.1,YES,NO,,11/10/2022,ND
vsafe-1-6-daily-dose1,NDF-82361-47038,s245448233923764269039150463688181982635,01/11/2021,Depression,Depression,25.1,YES,NO,,11/10/2022,ND
vsafe-1-6-daily-dose1,NDF-82361-47038,s245448233923764269039150463688181982635,01/11/2021,Emotional disorder,Emotional reaction,25.1,YES,NO,,11/10/2022,ND
vsafe-1-6-daily-dose1,NDF-82361-47038,s245545881313335663219491429671169043873,01/12/2021,Oropharyngeal pain,Sore throat,25.1,YES,NO,,11/11/2022,ND
vsafe-7-day-dose2,NDJ-54342-41548,s246284259352651846758679416454855194705,01/19/2021,Vertigo,Vertiginous disorder,25.1,YES,NO,,11/21/2022,ND
vsafe-1-6-daily-dose2,NDF-82361-47038,s247319676706151741281882364090337896348,01/29/2021,Fatigue,Fatigue,25.1,YES,NO,,11/30/2022,ND
vsafe-0-day-dose1,ND7-84368-04938,s247781548205912142074479792350481277365,02/02/2021,Dizziness,Dizziness,25.1,YES,NO,,12/02/2022,ND
vsafe-1-6-daily-dose2,NDD-78274-48042,s248278203179204844395587612426535334871,02/07/2021,Chest pain,Chest pain,25.1,YES,NO,,12/12/2022,ND
vsafe-1-6-daily-dose2,NDD-78274-48042,s248387795569299937756713397488305455538,02/08/2021,Chest pain,Chest pain,25.1,YES,NO,,12/13/2022,ND
vsafe-1-6-daily-dose1,ND7-84368-04938,s248403078084174698634120604835130245206,02/08/2021,Back pain,Back pain,25.1,YES,NO,,12/13/2022,ND
vsafe-1-6-daily-dose1,ND7-84368-04938,s248403078084174698634120604835130245206,02/08/2021,Mobility decreased,Mobility decreased,25.1,YES,NO,,12/13/2022,ND
vsafe-1-6-daily-dose2,NDD-78274-48042,s248594622135564889460764983619758981580,02/10/2021,Chest pain,Chest pain,25.1,YES,NO,,12/16/2022,ND
vsafe-1-6-daily-dose2,NDU-21045-89260,s248574579269960703768468701831878044906,02/10/2021,Flushing,Flushing,25.1,YES,NO,,12/16/2022,ND
vsafe-1-6-daily-dose2,NDU-21045-89260,s248574579269960703768468701831878044906,02/10/2021,Erythema,Redness facial,25.1,YES,NO,,12/16/2022,ND
vsafe-7-day-dose1,NDR-19348-13453,s248599659100883282764079614037131453579,02/10/2021,Sneezing,Sneezing,25.1,YES,NO,,12/19/2022,ND
vsafe-7-day-dose1,NDR-19348-13453,s248599659100883282764079614037131453579,02/10/2021,Nasal congestion,Nasal congestion,25.1,YES,NO,,12/19/2022,ND
vsafe-7-day-dose1,ND7-84368-04938,s248516660974328387334905648718671428209,02/10/2021,Back pain,Back pain,25.1,YES,NO,,12/15/2022,ND
vsafe-1-6-daily-dose2,NDD-78274-48042,s248811330247449418936504382674495523967,02/12/2021,Chest pain,Chest pain,25.1,YES,NO,,12/20/2022,ND
vsafe-1-6-daily-dose2,NDZ-16740-02607,s248812394210433499474994218034874954918,02/12/2021,Lymph node pain,Lymph node pain,26.0,YES,NO,,12/20/2022,ND
vsafe-1-6-daily-dose2,NDZ-16740-02607,s249027932190771483279410446120690291369,02/14/2021,Lymph node pain,Lymph node pain,25.1,YES,NO,,12/22/2022,ND
vsafe-1-6-daily-dose2,NDZ-16740-02607,s249111064337372924743979327809691224206,02/15/2021,Rhinorrhoea,Runny nose,25.1,YES,NO,,12/22/2022,ND
vsafe-1-6-daily-dose2,NDZ-16740-02607,s249111064337372924743979327809691224206,02/15/2021,Lymph node pain,Lymph node pain,25.1,YES,NO,,12/22/2022,ND
vsafe-1-6-daily-dose2,NDZ-16740-02607,s249215030730281023008935908347642305802,02/16/2021,Lymph node pain,Lymph node pain,25.1,YES,NO,,12/23/2022,ND
vsafe-7-day-dose2,NDZ-16740-02607,s249320201125860546628097062971640549935,02/17/2021,Lymph node pain,Lymph node pain,25.1,YES,NO,,12/27/2022,ND
vsafe-7-day-dose2,NDH-15039-09536,s249438427206343527060375877693536358549,02/18/2021,Respiratory tract congestion,Respiratory tract congestion,25.1,YES,NO,,12/27/2022,ND
vsafe-1-6-daily-dose1,NDF-12782-08795,s249940356177423766345290117176097411418,02/23/2021,Pre-existing disease,Pre-existing disease,25.1,YES,NO,,12/29/2022,ND
vsafe-1-6-daily-dose1,NDF-12782-08795,s249940356177423766345290117176097411418,02/23/2021,Condition aggravated,Condition aggravated,25.1,YES,NO,,12/29/2022,ND
vsafe-0-day-dose1,NDS-16580-56967,s250146811294978393550928753157043021930,02/25/2021,No adverse event,No adverse reaction,25.1,YES,NO,,12/30/2022,ND
vsafe-7-day-dose2,ND8-31824-41517,s250571873731621913263670629129144374011,03/01/2021,Tongue discomfort,Burning tongue,25.1,YES,NO,,01/05/2023,ND
vsafe-1-6-daily-dose1,NDR-20591-60990,s250772443637336795249211392322400070457,03/03/2021,Pre-existing disease,Pre-existing disease,25.1,YES,NO,,01/06/2023,ND
vsafe-1-6-daily-dose1,NDR-20591-60990,s250772443637336795249211392322400070457,03/03/2021,Pruritus,Itchy,25.1,YES,NO,,01/06/2023,ND
vsafe-1-6-daily-dose1,NDR-20591-60990,s250772443637336795249211392322400070457,03/03/2021,Headache,Headache,25.1,YES,NO,,01/06/2023,ND
vsafe-1-6-daily-dose1,NDS-31539-94377,s250996425137697969980780743741162569800,03/05/2021,Impaired gastric emptying,Gastroparesis,25.1,YES,NO,,01/09/2023,ND
vsafe-1-6-daily-dose2,ND9-32945-32936,s251824472610214351492442788599645737026,03/13/2021,Dizziness,Dizziness,25.1,YES,NO,,01/24/2023,ND
vsafe-1-6-daily-dose2,NDS-31539-94377,s253079387326884173272467404877869011827,03/25/2021,Impaired gastric emptying,Gastroparesis,25.1,YES,NO,,02/06/2023,ND
vsafe-1-6-daily-dose2,NDS-31539-94377,s253079387326884173272467404877869011827,03/25/2021,Nausea,Nausea,25.1,YES,NO,,02/06/2023,ND
vsafe-1-6-daily-dose1,NDY-13450-96831,s253395450080327817371511421982118431332,03/28/2021,Dizziness,Dizzy,25.1,YES,NO,,02/08/2023,ND
vsafe-1-6-daily-dose1,NDY-13450-96831,s253395450080327817371511421982118431332,03/28/2021,Musculoskeletal stiffness,Neck stiffness,25.1,YES,NO,,02/08/2023,ND
vsafe-1-6-daily-dose1,NDY-13450-96831,s253395450080327817371511421982118431332,03/28/2021,Tongue pruritus,Tongue itching,25.1,YES,NO,,02/08/2023,ND
vsafe-1-6-daily-dose1,NDY-13450-96831,s253395450080327817371511421982118431332,03/28/2021,Feeling abnormal,Weird feeling,25.1,YES,NO,,02/08/2023,ND
vsafe-1-6-daily-dose1,NDY-13450-96831,s253494104671181625196852401278814974931,03/29/2021,Dizziness,Dizzy,25.1,YES,NO,,02/09/2023,ND
vsafe-1-6-daily-dose1,NDY-13450-96831,s253494104671181625196852401278814974931,03/29/2021,Feeling abnormal,Foggy feeling in head,25.1,YES,NO,,02/09/2023,ND
vsafe-1-6-daily-dose1,NDY-13450-96831,s253494104671181625196852401278814974931,03/29/2021,Glossitis,Tongue irritation,25.1,YES,NO,,02/09/2023,ND
vsafe-1-6-daily-dose2,NDM-88420-78562,s253697756172840486596875815602696618992,03/31/2021,Decreased appetite,Appetite lost,25.1,YES,NO,,02/10/2023,ND
vsafe-1-6-daily-dose1,NDY-13450-96831,s253814064201565966088299591792623000345,04/01/2021,Dizziness,Dizzy,25.1,YES,NO,,02/13/2023,ND
vsafe-1-6-daily-dose1,NDY-13450-96831,s253814064201565966088299591792623000345,04/01/2021,Feeling abnormal,Foggy feeling in head,25.1,YES,NO,,02/13/2023,ND
vsafe-7-day-dose1,NDY-13450-96831,s253919603838311829938493342560790659271,04/02/2021,Dizziness,Dizzy,25.1,YES,NO,,02/14/2023,ND
vsafe-7-day-dose1,NDY-13450-96831,s253919603838311829938493342560790659271,04/02/2021,Feeling abnormal,Foggy feeling in head,25.1,YES,NO,,02/14/2023,ND
vsafe-7-day-dose1,NDY-13450-96831,s253919603838311829938493342560790659271,04/02/2021,Fatigue,Exhaustion,25.1,YES,NO,,02/14/2023,ND
vsafe-0-day-dose1,NDG-16355-69569,s254528988656389098952492939045080043469,04/08/2021,No adverse event,No adverse reaction,25.1,YES,NO,,02/20/2023,ND
vsafe-1-6-daily-dose1,NDG-16355-69569,s254635710496444334733230470766996902808,04/09/2021,Mental impairment,Difficulty thinking,25.1,YES,NO,,02/21/2023,ND
vsafe-1-6-daily-dose1,NDG-16355-69569,s254742830888082011359179246602679883089,04/10/2021,No adverse event,No adverse reaction,25.1,YES,NO,,02/22/2023,ND
vsafe-1-6-daily-dose2,NDB-14752-73308,s256201646566601340261316213545179451560,04/24/2021,Pregnancy,Pregnancy,25.1,YES,NO,,03/08/2023,ND
vsafe-1-6-daily-dose2,NDD-16977-63766,s256526063709075665925054772577261208707,04/27/2021,Rhinorrhoea,Runny nose,26.0,YES,NO,,03/24/2023,ND
vsafe-1-6-daily-dose2,NDD-16977-63766,s256526063709075665925054772577261208707,04/27/2021,Pruritus,Localized itching,26.0,YES,NO,,03/24/2023,ND
vsafe-1-6-daily-dose1,NDP-32219-56180,s257154602237621644024650764251030023355,05/03/2021,Injection site discolouration,Injection site discoloration,26.0,YES,NO,,03/14/2023,ND
vsafe-1-6-daily-dose1,NDP-32219-56180,s257466432983114402261260732544727030410,05/06/2021,Pre-existing disease,Pre-existing disease,25.1,YES,NO,,03/15/2023,ND
vsafe-1-6-daily-dose1,NDP-32219-56180,s257466432983114402261260732544727030410,05/06/2021,Autoimmune disorder,Autoimmune disorder,26.0,YES,NO,,03/15/2023,ND
vsafe-7-day-dose2,NDP-32219-56180,s260186400515239226581200471406194328167,06/01/2021,Pre-existing disease,Pre-existing disease,26.0,YES,NO,,03/31/2023,ND
vsafe-0-day-dose1,NDC-14854-35475,s244718632469545376403581713659334406608,01/04/2021,Paraesthesia,Tingling sensation,25.1,YES,NO,,11/04/2022,ND
vsafe-1-6-daily-dose1,NDQ-11727-29361,s246084690445392097872439987505732429404,01/17/2021,Dysgeusia,Taste metallic,25.1,YES,NO,,11/17/2022,ND
vsafe-0-day-dose1,NDE-15225-12214,s246084189776160779727775522891821152826,01/17/2021,No adverse event,No adverse reaction,25.1,YES,NO,,11/17/2022,ND
vsafe-1-6-daily-dose1,NDE-15225-12214,s246294570609438597596428009546743210627,01/19/2021,No adverse event,No adverse reaction,25.1,YES,NO,,11/18/2022,ND
vsafe-0-day-dose1,NDC-87315-22239,s246623341975823125097490442291639940991,01/22/2021,Rash,Rash on face,25.1,YES,NO,,11/21/2022,ND
vsafe-0-day-dose1,NDC-87315-22239,s246623341975823125097490442291639940991,01/22/2021,Feeling hot,Feeling of warmth,25.1,YES,NO,,11/21/2022,ND
vsafe-1-6-daily-dose1,NDY-19207-97299,s247021858663368391333288770680698618890,01/26/2021,Palpitations,Palpitations,25.1,YES,NO,,11/25/2022,ND
vsafe-0-day-dose1,NDY-14597-39546,s247323616445318259958775238977366160219,01/29/2021,Injection site pain,Pain injection site,25.1,YES,NO,,11/29/2022,ND
vsafe-1-6-daily-dose1,ND8-21303-38673,s247328156641452432059147674996859106889,01/29/2021,Dyspnoea,Shortness of breath,25.1,YES,NO,,11/30/2022,ND
vsafe-1-6-daily-dose1,NDE-93871-64956,s247543772124526204638646828153218671085,01/31/2021,Insomnia,Insomnia,25.1,YES,NO,,12/01/2022,ND
vsafe-1-6-daily-dose2,NDC-14854-35475,s247634077209820249484626272303945751798,02/01/2021,Pyrexia,Fever,25.1,YES,NO,,12/02/2022,ND
vsafe-1-6-daily-dose2,NDC-14854-35475,s247843828061965631159112140750519408947,02/03/2021,Chills,Chills,25.1,YES,NO,,12/06/2022,ND
vsafe-1-6-daily-dose2,NDC-14854-35475,s247843828061965631159112140750519408947,02/03/2021,Pyrexia,Feverish,25.1,YES,NO,,12/06/2022,ND
vsafe-1-6-daily-dose2,ND8-29961-03823,s248272099257284226956681849981633195077,02/07/2021,Adverse reaction,Adverse reaction,25.1,YES,NO,,12/12/2022,ND
vsafe-1-6-daily-dose1,NDN-62172-46713,s249633381157191379994243729768219076379,02/20/2021,Arthralgia,Joint pain,25.1,YES,NO,,12/28/2022,ND
vsafe-1-6-daily-dose2,NDE-10317-95419,s249633536260531759039933850933298640893,02/20/2021,Unevaluable event,Reaction unevaluable,25.1,YES,NO,,12/28/2022,ND
vsafe-1-6-daily-dose2,NDE-93871-64956,s249940546007115525675987109885143299255,02/23/2021,Dyspnoea,Breathlessness,25.1,YES,NO,,12/29/2022,ND
vsafe-1-6-daily-dose2,NDE-93871-64956,s249940546007115525675987109885143299255,02/23/2021,Insomnia,Insomnia,25.1,YES,NO,,12/29/2022,ND
vsafe-1-6-daily-dose2,NDE-93871-64956,s250054284177170852049306941382778865399,02/24/2021,Insomnia,Insomnia,25.1,YES,NO,,12/30/2022,ND
vsafe-0-day-dose2,ND8-21303-38673,s250046431765551862100132289160701176393,02/24/2021,Mouth swelling,Swollen mouth,25.1,YES,NO,,12/30/2022,ND
vsafe-0-day-dose2,ND8-21303-38673,s250046431765551862100132289160701176393,02/24/2021,Pharyngeal swelling,Throat swelling,25.1,YES,NO,,12/30/2022,ND
vsafe-1-6-daily-dose1,NDA-13371-79589,s250252243476514304464393734258583812144,02/26/2021,Injection site warmth,Injection site warmth,25.1,YES,NO,,01/03/2023,ND
vsafe-1-6-daily-dose2,ND8-21303-38673,s250357736127316425574957575793116098808,02/27/2021,Feeling abnormal,Foggy feeling in head,25.1,YES,NO,,01/04/2023,ND
vsafe-1-6-daily-dose2,NDV-27644-06355,s250358504600333309332817164227347909623,02/27/2021,Pain,General body pain,25.1,YES,NO,,01/04/2023,ND
vsafe-1-6-daily-dose2,NDZ-28493-22746,s250366999054863504375316226489421824753,02/27/2021,Axillary mass,Axillary lump,25.1,YES,NO,,01/04/2023,ND
vsafe-1-6-daily-dose2,ND8-21303-38673,s250460928815123758239582042502957018080,02/28/2021,Feeling abnormal,Foggy feeling in head,25.1,YES,NO,,01/05/2023,ND
vsafe-1-6-daily-dose2,NDE-93871-64956,s250462369913238840986783260564840436386,02/28/2021,Dyspnoea,Breathlessness,25.1,YES,NO,,01/05/2023,ND
vsafe-1-6-daily-dose2,NDV-27644-06355,s250476518188279395166501554635515023809,02/28/2021,Tinnitus,Ringing in ears,25.1,YES,NO,,01/05/2023,ND
vsafe-1-6-daily-dose2,NDV-27644-06355,s250476518188279395166501554635515023809,02/28/2021,Dizziness,Dizziness,25.1,YES,NO,,01/05/2023,ND
vsafe-1-6-daily-dose2,NDZ-28493-22746,s250467359527458924526859550693173922418,02/28/2021,Axillary mass,Axillary lump,25.1,YES,NO,,01/05/2023,ND
vsafe-1-6-daily-dose2,ND8-21303-38673,s250580025605875143139052751951969833385,03/01/2021,Feeling abnormal,Foggy feeling in head,25.1,YES,NO,,01/05/2023,ND
vsafe-1-6-daily-dose2,NDV-27644-06355,s250557899662588469058835430361239525484,03/01/2021,Dizziness,Dizziness,25.1,YES,NO,,01/05/2023,ND
vsafe-1-6-daily-dose2,NDV-27644-06355,s250557899662588469058835430361239525484,03/01/2021,Tinnitus,Ringing in ears,25.1,YES,NO,,01/05/2023,ND
vsafe-1-6-daily-dose2,NDZ-28493-22746,s250595284486292489071006288988535961618,03/01/2021,Axillary mass,Axillary lump,25.1,YES,NO,,01/05/2023,ND
vsafe-1-6-daily-dose2,NDY-14597-39546,s250663490496643559258263390341709848236,03/02/2021,Nasal congestion,Nasal stuffiness,25.1,YES,NO,,01/06/2023,ND
vsafe-1-6-daily-dose2,NDZ-28493-22746,s250679002821816203532717874444124170379,03/02/2021,Axillary mass,Axillary lump,25.1,YES,NO,,01/06/2023,ND
vsafe-1-6-daily-dose2,NDN-62172-46713,s251711403626575897328660857734942048701,03/12/2021,Tinnitus,Tinnitus,25.1,YES,NO,,01/23/2023,ND
vsafe-1-6-daily-dose2,NDN-62172-46713,s251813710759927720030162600464944334526,03/13/2021,Nasal congestion,Nasal congestion,25.1,YES,NO,,01/24/2023,ND
vsafe-0-day-dose1,NDB-14386-78931,s252988681119372212879474443862315510309,03/24/2021,Pre-existing disease,Pre-existing disease,25.1,YES,NO,,02/03/2023,ND
vsafe-1-6-daily-dose1,NDB-14386-78931,s253081467147963700530271078922916112417,03/25/2021,Nasal crusting,Nasal crusting,25.1,YES,NO,,02/06/2023,ND
vsafe-1-6-daily-dose1,NDB-14386-78931,s253081467147963700530271078922916112417,03/25/2021,Eyelid margin crusting,Eye crusting,25.1,YES,NO,,02/06/2023,ND
vsafe-1-6-daily-dose1,NDB-14386-78931,s253081467147963700530271078922916112417,03/25/2021,Paranasal sinus discomfort,Sinus pressure,25.1,YES,NO,,02/06/2023,ND
vsafe-1-6-daily-dose1,NDB-14386-78931,s253081467147963700530271078922916112417,03/25/2021,Rales,Crackles lung,25.1,YES,NO,,02/06/2023,ND
vsafe-1-6-daily-dose1,NDB-14386-78931,s253081467147963700530271078922916112417,03/25/2021,Pre-existing disease,Pre-existing disease,25.1,YES,NO,,02/06/2023,ND
vsafe-1-6-daily-dose1,NDB-14386-78931,s253603019522318416939826170148514576392,03/30/2021,Sinus congestion,Sinus congestion,25.1,YES,NO,,02/09/2023,ND
vsafe-1-6-daily-dose1,NDB-14386-78931,s253603019522318416939826170148514576392,03/30/2021,Ear congestion,Ear congestion,25.1,YES,NO,,02/09/2023,ND
vsafe-0-day-dose1,NDV-29719-39382,s253693067669533084948490815049304772848,03/31/2021,No adverse event,No adverse reaction,25.1,YES,NO,,02/10/2023,ND
vsafe-0-day-dose1,NDZ-26102-56140,s253701411803040467708266558711279529418,03/31/2021,Limb discomfort,Arm discomfort,25.1,YES,NO,,02/10/2023,ND
vsafe-7-day-dose1,NDB-14386-78931,s253727826678379928641295327442651235888,03/31/2021,Sinus congestion,Sinus congestion,25.1,YES,NO,,02/12/2023,ND
vsafe-7-day-dose1,NDB-14386-78931,s253727826678379928641295327442651235888,03/31/2021,Ear congestion,Ear congestion,25.1,YES,NO,,02/12/2023,ND
vsafe-1-6-daily-dose1,ND8-65682-25434,s254542244510923245379057294719660458887,04/08/2021,Paraesthesia,Tingling of extremity,25.1,YES,NO,,02/20/2023,ND
vsafe-0-day-dose1,NDP-24120-50980,s254733981911569745930267277478427516070,04/10/2021,Dizziness,Light-headed,25.1,YES,NO,,02/22/2023,ND
vsafe-1-6-daily-dose1,ND8-65682-25434,s254745751441835834385280656967748735162,04/10/2021,Dizziness,Dizziness,25.1,YES,NO,,02/22/2023,ND
vsafe-0-day-dose1,ND2-10378-15927,s254872830444908679530382326963720833902,04/11/2021,Dizziness,Dizziness,25.1,YES,NO,,02/22/2023,ND
vsafe-1-6-daily-dose1,ND2-10378-15927,s254949023667436442786534016722668287038,04/12/2021,Dizziness,Dizziness,25.1,YES,NO,,02/23/2023,ND
vsafe-1-6-daily-dose1,ND2-10378-15927,s254949023667436442786534016722668287038,04/12/2021,Muscle spasms,Muscle spasms,25.1,YES,NO,,02/23/2023,ND
vsafe-1-6-daily-dose1,ND4-17126-44821,s255172940350448032655909072575792850062,04/14/2021,Somnolence,Hard to awaken,25.1,YES,NO,,02/27/2023,ND
vsafe-1-6-daily-dose2,ND8-64442-67461,s255367414216074562221595785047009026841,04/16/2021,Injection site warmth,Injection site warmth,25.1,YES,NO,,03/01/2023,ND
vsafe-1-6-daily-dose2,ND8-64442-67461,s255468352679229731097771277163927623068,04/17/2021,Dyspnoea,Difficulty breathing,25.1,YES,NO,,03/02/2023,ND
vsafe-0-day-dose1,ND7-25905-06595,s255908257521309778165440119681816617396,04/21/2021,No adverse event,No adverse reaction,25.1,YES,NO,,03/06/2023,ND
vsafe-0-day-dose2,NDZ-26102-56140,s255899659306022843277844595070462470133,04/21/2021,Limb discomfort,Arm discomfort,25.1,YES,NO,,03/06/2023,ND
vsafe-1-6-daily-dose2,NDM-17884-99256,s255993152132611421388665200069319503958,04/22/2021,Pre-existing disease,Pre-existing disease,25.1,YES,NO,,03/07/2023,ND
vsafe-1-6-daily-dose2,NDM-17884-99256,s255993152132611421388665200069319503958,04/22/2021,Condition aggravated,Condition aggravated,25.1,YES,NO,,03/07/2023,ND
vsafe-1-6-daily-dose2,NDM-17884-99256,s255993152132611421388665200069319503958,04/22/2021,Rash,Localized rash,25.1,YES,NO,,03/07/2023,ND
vsafe-1-6-daily-dose2,NDM-17884-99256,s255993152132611421388665200069319503958,04/22/2021,Arthropod bite,Tick bite,26.0,YES,NO,,03/07/2023,ND
vsafe-1-6-daily-dose2,NDM-17884-99256,s256096877969926547562441552307941963260,04/23/2021,Maculopathy,Bull's eye maculopathy,25.1,NO,NO,09/06/2023,03/07/2023,ND
vsafe-1-6-daily-dose2,NDM-17884-99256,s256096877969926547562441552307941963260,04/23/2021,Arthropod bite,Tick bite,25.1,NO,NO,09/06/2023,03/07/2023,ND
vsafe-1-6-daily-dose2,NDM-17884-99256,s256096877969926547562441552307941963260,04/23/2021,Pre-existing disease,Pre-existing disease,26.0,YES,YES,09/06/2023,03/07/2023,ND
vsafe-1-6-daily-dose2,NDM-17884-99256,s256096877969926547562441552307941963260,04/23/2021,Condition aggravated,Condition aggravated,26.0,YES,YES,09/06/2023,03/07/2023,ND
vsafe-1-6-daily-dose2,ND3-16968-28912,s256518267487572729164758537764644487284,04/27/2021,Pre-existing disease,Pre-existing disease,26.0,YES,NO,,03/24/2023,ND
vsafe-1-6-daily-dose2,ND4-17126-44821,s257347069509232098099844968718543775389,05/05/2021,Somnolence,Sleepiness,26.0,YES,NO,,03/15/2023,ND
vsafe-1-6-daily-dose2,ND7-25905-06595,s258307818790179909892395376355102584912,05/14/2021,Hot flush,Hot flashes,26.0,YES,NO,,03/21/2023,ND
vsafe-7-day-dose3,NDA-13371-79589,s269993909980482685407304205162001389094,09/03/2021,Decreased appetite,Appetite lost,26.0,YES,NO,,09/04/2023,ND
vsafe-1-6-daily-dose1,NDN-14903-65611,s244932709499422373636506988676609925405,01/06/2021,Hot flush,Hot flashes,25.1,YES,NO,,11/07/2022,ND
vsafe-1-6-daily-dose1,NDN-14903-65611,s245039260243554945380955442735571703137,01/07/2021,Injection site pain,Pain injection site,25.1,YES,NO,,11/08/2022,ND
vsafe-7-day-dose1,NDU-11948-15666,s245001055164021904817663615448711345516,01/07/2021,Insomnia,Insomnia,25.1,YES,NO,,11/08/2022,ND
vsafe-1-6-daily-dose1,ND8-11109-33220,s245143825805744628151589503925675028267,01/08/2021,Herpes zoster,Shingles,25.1,YES,NO,,11/08/2022,ND
vsafe-1-6-daily-dose1,ND8-11109-33220,s245242589894276455845711752036514144355,01/09/2021,Herpes zoster,Shingles,25.1,YES,NO,,11/09/2022,ND
vsafe-1-6-daily-dose1,ND8-11109-33220,s245452917516318662792060005312679804354,01/11/2021,Herpes zoster,Shingles,25.1,YES,NO,,11/10/2022,ND
vsafe-1-6-daily-dose2,NDU-11948-15666,s246483480315893410029592127063879980112,01/21/2021,Insomnia,Insomnia,25.1,YES,NO,,11/21/2022,ND
vsafe-1-6-daily-dose2,NDU-11948-15666,s246602615490746607966519446936291530128,01/22/2021,Insomnia,Insomnia,25.1,YES,NO,,11/22/2022,ND
vsafe-1-6-daily-dose2,NDU-11948-15666,s246717693762522966950602595407799935832,01/23/2021,Insomnia,Insomnia,25.1,YES,NO,,11/22/2022,ND
vsafe-0-day-dose1,ND9-33637-67230,s246699214479015060949175002953362883556,01/23/2021,Sensation of foreign body,Lump feeling in throat,25.1,YES,NO,,11/22/2022,ND
vsafe-1-6-daily-dose2,NDU-11948-15666,s246806396454322802719445514872322434197,01/24/2021,Insomnia,Insomnia,25.1,YES,NO,,11/23/2022,ND
vsafe-1-6-daily-dose2,NDU-11948-15666,s246903793271320843942230705649484454452,01/25/2021,Insomnia,Insomnia,25.1,YES,NO,,11/23/2022,ND
vsafe-1-6-daily-dose2,NDU-11948-15666,s247009238393241338421523394505342643186,01/26/2021,Insomnia,Insomnia,25.1,YES,NO,,11/25/2022,ND
vsafe-7-day-dose2,NDU-11948-15666,s247110391001097797226306413641914274974,01/27/2021,Insomnia,Insomnia,25.1,YES,NO,,11/28/2022,ND
vsafe-1-6-daily-dose2,NDM-18241-93877,s247647419975146539596755070404998619862,02/01/2021,Vaccination site swelling,Vaccination site swelling,25.1,YES,NO,,12/02/2022,ND
vsafe-1-6-daily-dose2,NDM-18241-93877,s247647419975146539596755070404998619862,02/01/2021,Vaccination site pain,Vaccination site pain,25.1,YES,NO,,12/02/2022,ND
vsafe-1-6-daily-dose2,NDM-18241-93877,s247647419975146539596755070404998619862,02/01/2021,Injection site erythema,Injection site redness,25.1,YES,NO,,12/02/2022,ND
vsafe-1-6-daily-dose2,NDM-18241-93877,s247647419975146539596755070404998619862,02/01/2021,Injection site pruritus,Injection site itching,25.1,YES,NO,,12/02/2022,ND
vsafe-1-6-daily-dose2,NDN-14903-65611,s247859204588303147653483731582693577769,02/03/2021,Axillary pain,Armpit pain,25.1,YES,NO,,12/06/2022,ND
vsafe-1-6-daily-dose2,NDN-14903-65611,s247859204588303147653483731582693577769,02/03/2021,Insomnia,Difficulty sleeping,25.1,YES,NO,,12/06/2022,ND
vsafe-1-6-daily-dose2,ND9-11094-37992,s248365592681392034469951727631736635826,02/08/2021,Unevaluable event,Reaction unevaluable,25.1,YES,NO,,12/13/2022,ND
vsafe-0-day-dose2,ND6-24470-16658,s248578925175973467855940961750640890041,02/10/2021,Feeling abnormal,Fuzzy head,25.1,YES,NO,,12/16/2022,ND
vsafe-0-day-dose2,ND6-24470-16658,s248578925175973467855940961750640890041,02/10/2021,Dry mouth,Dry mouth,25.1,YES,NO,,12/16/2022,ND
vsafe-1-6-daily-dose1,NDB-25218-96599,s248691364066303744154437229972531319886,02/11/2021,Joint range of motion decreased,Joint range of motion decreased,25.1,YES,NO,,12/19/2022,ND
vsafe-1-6-daily-dose1,NDB-25218-96599,s248691364066303744154437229972531319886,02/11/2021,Musculoskeletal stiffness,Stiffness shoulder,25.1,YES,NO,,12/19/2022,ND
vsafe-1-6-daily-dose2,ND6-24470-16658,s248682223382900456453148760789171728036,02/11/2021,Tongue dry,Tongue dry,25.1,YES,NO,,12/19/2022,ND
vsafe-1-6-daily-dose2,ND6-24470-16658,s248682223382900456453148760789171728036,02/11/2021,Swollen tongue,Swelling of tongue,25.1,YES,NO,,12/19/2022,ND
vsafe-1-6-daily-dose2,ND6-24470-16658,s248682223382900456453148760789171728036,02/11/2021,Lacrimation increased,Watering eyes,25.1,YES,NO,,12/19/2022,ND
vsafe-1-6-daily-dose2,ND6-24470-16658,s248682223382900456453148760789171728036,02/11/2021,Eyelid margin crusting,Eye crusting,25.1,YES,NO,,12/19/2022,ND
vsafe-1-6-daily-dose2,ND8-11109-33220,s248702870583110786351609843398239463121,02/11/2021,Neck pain,Neck pain,25.1,YES,NO,,12/19/2022,ND
vsafe-1-6-daily-dose2,ND6-24470-16658,s248786197888278347853107422722626557779,02/12/2021,Tongue dry,Tongue dry,25.1,YES,NO,,12/20/2022,ND
vsafe-7-day-dose2,ND8-11109-33220,s248880418210630164369966955794763745151,02/13/2021,Musculoskeletal discomfort,Neck discomfort,25.1,YES,NO,,12/21/2022,ND
vsafe-1-6-daily-dose1,NDR-28016-04789,s249134653436689455118618332248761086764,02/15/2021,Menopause,Menopause,25.1,YES,NO,,12/22/2022,ND
vsafe-1-6-daily-dose1,NDR-28016-04789,s249134653436689455118618332248761086764,02/15/2021,Vaginal haemorrhage,Vaginal bleeding,25.1,YES,NO,,12/22/2022,ND
vsafe-1-6-daily-dose1,NDB-25218-96599,s249204636951763339801007809675387377715,02/16/2021,Joint warmth,Joint warmth,25.1,YES,NO,,12/23/2022,ND
vsafe-1-6-daily-dose1,NDB-25218-96599,s249204636951763339801007809675387377715,02/16/2021,Joint contracture,Joint contracture,25.1,YES,NO,,12/23/2022,ND
vsafe-1-6-daily-dose1,NDR-28016-04789,s249222204769325728660230299969171098829,02/16/2021,Vaginal haemorrhage,Vaginal bleeding,25.1,YES,NO,,12/23/2022,ND
vsafe-7-day-dose1,NDB-25218-96599,s249310469303221588497548499823085933042,02/17/2021,Joint warmth,Joint warmth,25.1,YES,NO,,12/27/2022,ND
vsafe-7-day-dose1,NDB-25218-96599,s249310469303221588497548499823085933042,02/17/2021,Muscle spasms,Foot cramps,25.1,YES,NO,,12/27/2022,ND
vsafe-1-6-daily-dose1,NDR-28016-04789,s249343530440469046613942154252230758077,02/17/2021,Muscle spasms,Cramp,25.1,YES,NO,,12/23/2022,ND
vsafe-1-6-daily-dose1,NDR-28016-04789,s249343530440469046613942154252230758077,02/17/2021,Postmenopausal haemorrhage,Postmenopausal spotting,26.0,YES,NO,,12/23/2022,ND
vsafe-1-6-daily-dose1,NDR-28016-04789,s249534695484403117116378650426751979170,02/19/2021,Vaginal haemorrhage,Spotting vaginal,25.1,YES,NO,,12/27/2022,ND
vsafe-7-day-dose2,ND9-33637-67230,s250349304549206553487888951352480143106,02/27/2021,Hyperhidrosis,Excess sweating,25.1,YES,NO,,01/04/2023,ND
vsafe-1-6-daily-dose2,NDF-31675-47621,s251298967762454700918416565197989372922,03/08/2021,No adverse event,No adverse reaction,25.1,YES,NO,,01/11/2023,ND
vsafe-1-6-daily-dose2,NDL-90155-14964,s251508336787502974710285750658763753338,03/10/2021,Abdominal discomfort,Upset stomach,25.1,YES,NO,,01/13/2023,ND
vsafe-1-6-daily-dose2,NDR-28016-04789,s252135293931922980065570572263844664279,03/16/2021,No adverse event,No adverse reaction,25.1,YES,NO,,01/26/2023,ND
vsafe-1-6-daily-dose1,NDB-14340-80060,s253382568556456250046295272146225234518,03/28/2021,Dizziness,Dizziness,25.1,YES,NO,,02/08/2023,ND
vsafe-1-6-daily-dose1,NDB-14340-80060,s253499075874557122897588276449017217439,03/29/2021,Dizziness,Dizziness,25.1,YES,NO,,02/09/2023,ND
vsafe-1-6-daily-dose1,NDB-14340-80060,s253593293139082557403278280231079251156,03/30/2021,Dizziness,Dizziness,25.1,YES,NO,,02/09/2023,ND
vsafe-7-day-dose1,NDB-14340-80060,s253707736733071938682321140066625974582,03/31/2021,Dizziness,Dizziness,25.1,YES,NO,,02/12/2023,ND
vsafe-7-day-dose1,NDB-14340-80060,s253707736733071938682321140066625974582,03/31/2021,Blood pressure increased,Blood pressure increased,25.1,YES,NO,,02/12/2023,ND
vsafe-7-day-dose1,NDB-14340-80060,s253707736733071938682321140066625974582,03/31/2021,Blood glucose increased,Blood glucose increased,25.1,YES,NO,,02/12/2023,ND
vsafe-7-day-dose1,NDB-14340-80060,s253707736733071938682321140066625974582,03/31/2021,Pre-existing disease,Pre-existing disease,25.1,YES,NO,,02/12/2023,ND
vsafe-1-6-daily-dose1,NDV-61055-26977,s254425282723583218344286717886748859374,04/07/2021,Unevaluable event,Reaction unevaluable,25.1,YES,NO,,02/17/2023,ND
vsafe-0-day-dose1,NDH-77727-02382,s255480025858061242348348572033104884880,04/17/2021,Feeling abnormal,Foggy feeling in head,25.1,YES,NO,,03/02/2023,ND
vsafe-1-6-daily-dose1,NDR-33459-39155,s255991520699554890699463380972537003420,04/22/2021,Night sweats,Night sweats,25.1,YES,NO,,03/06/2023,ND
vsafe-1-6-daily-dose1,NDR-33459-39155,s255991520699554890699463380972537003420,04/22/2021,Hyperhidrosis,Drenching sweats,25.1,YES,NO,,03/06/2023,ND
vsafe-1-6-daily-dose1,NDX-22119-84868,s256205502826257675102931127205647532757,04/24/2021,Burn oral cavity,Burn of tongue,25.1,YES,NO,,03/08/2023,ND
vsafe-1-6-daily-dose1,NDX-22119-84868,s256205502826257675102931127205647532757,04/24/2021,Glossodynia,Sensitive tongue,25.1,YES,NO,,03/08/2023,ND
vsafe-1-6-daily-dose1,NDR-33459-39155,s256304320730216088875107989706750179562,04/25/2021,Hiccups,Hiccups,26.0,YES,NO,,03/27/2023,ND
vsafe-1-6-daily-dose2,NDB-14340-80060,s256727906908088074832039720729042404752,04/29/2021,Dizziness,Dizzy,25.1,YES,NO,,03/10/2023,ND
vsafe-1-6-daily-dose1,NDF-11484-21916,s243468700415856236472836508500974241233,12/23/2020,Dysphagia,Swallowing difficult,25.1,YES,NO,,10/25/2022,ND
vsafe-1-6-daily-dose1,NDF-11484-21916,s243585256365481209968690311367500642415,12/24/2020,Dysphagia,Swallowing difficult,25.1,YES,NO,,10/25/2022,ND
vsafe-1-6-daily-dose1,NDF-11484-21916,s243773787378360326758819074002272257216,12/26/2020,Respiratory tract congestion,Respiratory tract congestion,25.1,YES,NO,,10/26/2022,ND
vsafe-1-6-daily-dose1,NDF-11484-21916,s243773787378360326758819074002272257216,12/26/2020,Dysphagia,Swallowing difficult,25.1,YES,NO,,10/26/2022,ND
vsafe-1-6-daily-dose1,NDF-11484-21916,s243983829677268303206362161810636429954,12/28/2020,Dysphagia,Swallowing difficult,25.1,YES,NO,,10/28/2022,ND
vsafe-1-6-daily-dose1,NDF-11484-21916,s243983829677268303206362161810636429954,12/28/2020,Respiratory tract congestion,Respiratory tract congestion,25.1,YES,NO,,10/28/2022,ND
vsafe-7-day-dose1,NDF-11484-21916,s244091346238458456137371919964158181684,12/29/2020,Dysphagia,Swallowing difficult,25.1,YES,NO,,10/31/2022,ND
vsafe-0-day-dose1,NDT-11832-56201,s244104693600243014208402325009827763310,12/29/2020,Pain in extremity,Pain in arm,25.1,YES,NO,,10/28/2022,ND
vsafe-1-6-daily-dose1,NDP-35156-28406,s244521476454273347064394788773590385342,01/02/2021,Respiratory tract congestion,Respiratory tract congestion,25.1,YES,NO,,11/03/2022,ND
vsafe-1-6-daily-dose1,NDP-35156-28406,s244521476454273347064394788773590385342,01/02/2021,Oropharyngeal pain,Throat pain,25.1,YES,NO,,11/03/2022,ND
vsafe-1-6-daily-dose2,NDP-35156-28406,s246489547434447684450507280952779794129,01/21/2021,Chills,Chills,25.1,YES,NO,,11/21/2022,ND
vsafe-1-6-daily-dose2,NDP-35156-28406,s246489547434447684450507280952779794129,01/21/2021,Pain,Ache,25.1,YES,NO,,11/21/2022,ND
vsafe-1-6-daily-dose2,NDP-35156-28406,s246489547434447684450507280952779794129,01/21/2021,Pain,Pain,25.1,YES,NO,,11/21/2022,ND
vsafe-7-day-dose1,NDC-27950-62999,s246458025297652825472105689547950187315,01/21/2021,Injection site urticaria,Injection site hives,25.1,YES,NO,,11/21/2022,ND
vsafe-0-day-dose2,NDF-11484-21916,s246601750124640296199309350736503647761,01/22/2021,Dysphagia,Swallowing difficult,25.1,YES,NO,,11/21/2022,ND
vsafe-1-6-daily-dose2,NDF-11484-21916,s246699813888774207220193678184514470305,01/23/2021,Dysphagia,Swallowing difficult,25.1,YES,NO,,11/22/2022,ND
vsafe-1-6-daily-dose2,NDF-11484-21916,s246800429020701106059980585190248082662,01/24/2021,Dysphagia,Swallowing difficult,25.1,YES,NO,,11/23/2022,ND
vsafe-1-6-daily-dose2,NDF-11484-21916,s246909889680525270131389572272121112079,01/25/2021,Dysphagia,Swallowing difficult,25.1,YES,NO,,11/23/2022,ND
vsafe-1-6-daily-dose2,NDF-11484-21916,s247008868302035635930937862746763046011,01/26/2021,Dysphagia,Swallowing difficult,25.1,YES,NO,,11/25/2022,ND
vsafe-1-6-daily-dose2,NDF-11484-21916,s247119863739885379717255744001738953180,01/27/2021,Dysphagia,Swallowing difficult,25.1,YES,NO,,11/28/2022,ND
vsafe-1-6-daily-dose2,NDF-11484-21916,s247235749123706385853663157496335446955,01/28/2021,Dysphagia,Swallowing difficult,25.1,YES,NO,,11/29/2022,ND
vsafe-7-day-dose1,NDX-25947-93983,s247312588114178848538806128925169342985,01/29/2021,Urethral haemorrhage,Urethral bleeding,25.1,YES,NO,,11/30/2022,ND
vsafe-7-day-dose2,NDF-11484-21916,s247326241485201729009321589073454484121,01/29/2021,Dysphagia,Swallowing difficult,25.1,YES,NO,,11/30/2022,ND
vsafe-7-day-dose1,ND2-20202-39289,s247758586184547573292917041529243736424,02/02/2021,Mucous stools,Mucus stools,25.1,YES,NO,,12/05/2022,ND
vsafe-7-day-dose1,ND2-20202-39289,s247758586184547573292917041529243736424,02/02/2021,Haematochezia,Bloody stool,25.1,YES,NO,,12/05/2022,ND
vsafe-7-day-dose1,ND2-20202-39289,s247758586184547573292917041529243736424,02/02/2021,Pre-existing disease,Pre-existing disease,25.1,YES,NO,,12/05/2022,ND
vsafe-7-day-dose1,ND2-20202-39289,s247758586184547573292917041529243736424,02/02/2021,Colitis ulcerative,Colitis ulcerative aggravated,25.1,YES,NO,,12/05/2022,ND
vsafe-1-6-daily-dose2,NDL-24628-18053,s248894712023552061403804983521507427017,02/13/2021,Vaccination site pain,Vaccination site tenderness,25.1,YES,NO,,12/21/2022,ND
vsafe-1-6-daily-dose2,ND2-20202-39289,s249951254132468967633176801915204962031,02/23/2021,Colitis ulcerative,Ulcerative colitis,25.1,YES,NO,,12/29/2022,ND
vsafe-1-6-daily-dose2,ND2-20202-39289,s249951254132468967633176801915204962031,02/23/2021,Condition aggravated,Condition aggravated,25.1,YES,NO,,12/29/2022,ND
vsafe-1-6-daily-dose2,ND2-20202-39289,s250063743007721762212791661970670155218,02/24/2021,Diarrhoea,Diarrhea,25.1,YES,NO,,12/30/2022,ND
vsafe-1-6-daily-dose2,NDP-33357-10282,s250693020548744404089229628931593351618,03/02/2021,Deafness unilateral,Hearing loss unilateral,25.1,YES,NO,,01/06/2023,ND
vsafe-1-6-daily-dose2,NDP-33357-10282,s250784284513760198837443555023638930536,03/03/2021,Deafness unilateral,Hearing loss unilateral,25.1,YES,NO,,01/06/2023,ND
vsafe-1-6-daily-dose2,NDP-33357-10282,s250885188865871492642930707639141304163,03/04/2021,Deafness unilateral,Hearing loss unilateral,25.1,YES,NO,,01/09/2023,ND
vsafe-7-day-dose2,NDP-33357-10282,s251320577929352923834125012691703186647,03/08/2021,Hot flush,Hot flashes,25.1,YES,NO,,01/12/2023,ND
vsafe-1-6-daily-dose1,NDP-52298-86994,s251514059794780396448001060856209789743,03/10/2021,Unevaluable event,Reaction unevaluable,25.1,YES,NO,,01/13/2023,ND
vsafe-7-day-dose1,NDP-52298-86994,s251619597148851437200947547673115392602,03/11/2021,No adverse event,No adverse reaction,25.1,YES,NO,,01/23/2023,ND
vsafe-1-6-daily-dose2,NDJ-16340-21779,s251822669394202437258211995707041800346,03/13/2021,Epistaxis,Nose bleed,25.1,YES,NO,,01/24/2023,ND
vsafe-1-6-daily-dose1,NDD-13849-44568,s251912149840123758661678281656915120937,03/14/2021,Dyspnoea,Shortness of breath,25.1,YES,NO,,01/25/2023,ND
vsafe-1-6-daily-dose1,NDV-22650-00948,s253277156742817604635906193561861365836,03/27/2021,Anxiety,Anxiety,25.1,YES,NO,,02/07/2023,ND
vsafe-1-6-daily-dose2,NDL-16851-84163,s253512826065048878268788369231620773539,03/29/2021,Lymphadenopathy,Swollen lymph nodes,25.1,YES,NO,,02/09/2023,ND
vsafe-1-6-daily-dose2,NDL-16851-84163,s253512826065048878268788369231620773539,03/29/2021,Vaginal haemorrhage,Vaginal bleeding,25.1,YES,NO,,02/09/2023,ND
vsafe-0-day-dose2,NDP-52298-86994,s253807718184752189735987851788961871763,04/01/2021,No adverse event,No adverse reaction,25.1,YES,NO,,02/13/2023,ND
vsafe-1-6-daily-dose1,NDV-22650-00948,s253798789246981224505786098466173928887,04/01/2021,Hypersensitivity,Allergy,25.1,YES,NO,,02/13/2023,ND
vsafe-1-6-daily-dose1,NDB-23420-60581,s253916738305540223397998796723324631295,04/02/2021,Unevaluable event,Reaction unevaluable,25.1,YES,NO,,02/14/2023,ND
vsafe-1-6-daily-dose2,NDP-52298-86994,s253912444339559353069621691890960834387,04/02/2021,Unevaluable event,Reaction unevaluable,25.1,YES,NO,,02/14/2023,ND
vsafe-1-6-daily-dose2,NDP-52298-86994,s254013938945544117596330792284500657203,04/03/2021,No adverse event,No adverse reaction,25.1,YES,NO,,02/15/2023,ND
vsafe-1-6-daily-dose2,NDH-23688-21325,s255992398880803862500185583528677363979,04/22/2021,Poor quality sleep,Sleep unwell,26.0,YES,NO,,03/27/2023,ND
vsafe-1-6-daily-dose2,NDH-23688-21325,s256100513301484904439086261078309115986,04/23/2021,Insomnia,Difficulty sleeping,26.0,YES,NO,,03/27/2023,ND
vsafe-1-6-daily-dose2,NDH-23688-21325,s256100513301484904439086261078309115986,04/23/2021,Middle insomnia,Nocturnal awakening,26.0,YES,NO,,03/27/2023,ND
vsafe-7-day-dose2,NDH-23688-21325,s256211775264095208289147470929359151018,04/24/2021,Insomnia,Insomnia,25.1,YES,NO,,03/08/2023,ND
