SURVEY_STATIC_ID,REGISTRANT_CODE,RESPONSE_ID,STARTED_ON,PT_NAME,LLT_NAME,MEDDRA_VERSION,ACTIVE,NEWCODE,DATEUPDATED,DATECODED,REG_CODE_PREFIX
vsafe-7-day-dose1,Y64-15183-38385,s244314642730790877145355566038588770446,12/31/2020,Sinus pain,Sinus pain,25.1,YES,NO,,11/02/2022,Y6
vsafe-7-day-dose1,Y64-15183-38385,s244314642730790877145355566038588770446,12/31/2020,Lymphadenopathy,Swollen lymph nodes,25.1,YES,NO,,11/02/2022,Y6
vsafe-7-day-dose1,Y64-15183-38385,s244314642730790877145355566038588770446,12/31/2020,Lymphadenopathy,Lymph nodes cervical swollen,25.1,YES,YES,01/17/2023,11/02/2022,Y6
vsafe-0-day-dose1,Y6R-33367-46814,s244308339808049820320520123352103929575,12/31/2020,Dysgeusia,Taste metallic,25.1,YES,NO,,11/01/2022,Y6
vsafe-1-6-daily-dose2,Y64-15183-38385,s245858624144645716976416502555259629086,01/15/2021,Oropharyngeal pain,Sore throat,25.1,YES,NO,,11/16/2022,Y6
vsafe-1-6-daily-dose1,Y6X-22843-78280,s245980760402721606539521967224366178522,01/16/2021,Injection site pain,Pain injection site,25.1,YES,NO,,11/16/2022,Y6
vsafe-1-6-daily-dose2,Y6J-16557-18224,s246069649658891361263084686439332086773,01/17/2021,Herpes zoster,Shingles,25.1,YES,NO,,11/17/2022,Y6
vsafe-1-6-daily-dose1,Y6X-22843-78280,s246086260608990323664050875628471905614,01/17/2021,Sensation of foreign body,Lump feeling in throat,25.1,YES,NO,,11/17/2022,Y6
vsafe-1-6-daily-dose1,Y6X-22843-78280,s246086260608990323664050875628471905614,01/17/2021,Odynophagia,Swallowing painful,25.1,YES,NO,,11/17/2022,Y6
vsafe-1-6-daily-dose1,Y6X-22843-78280,s246182919716136069499075396250609833146,01/18/2021,Oropharyngeal pain,Throat pain,25.1,YES,NO,,11/18/2022,Y6
vsafe-1-6-daily-dose1,Y6X-22843-78280,s246182919716136069499075396250609833146,01/18/2021,Sensation of foreign body,Lump feeling in throat,25.1,YES,NO,,11/18/2022,Y6
vsafe-1-6-daily-dose1,Y6X-22843-78280,s246289628662631918940454307494091220749,01/19/2021,Dizziness,Dizziness,25.1,YES,NO,,11/18/2022,Y6
vsafe-1-6-daily-dose1,Y6X-22843-78280,s246289628662631918940454307494091220749,01/19/2021,Lethargy,Lethargy,25.1,YES,NO,,11/18/2022,Y6
vsafe-1-6-daily-dose1,Y6X-22843-78280,s246289628662631918940454307494091220749,01/19/2021,Sensation of foreign body,Lump feeling in throat,25.1,YES,NO,,11/18/2022,Y6
vsafe-1-6-daily-dose1,Y6X-22843-78280,s246289628662631918940454307494091220749,01/19/2021,Odynophagia,Swallowing painful,25.1,YES,NO,,11/18/2022,Y6
vsafe-1-6-daily-dose1,Y6X-22843-78280,s246289628662631918940454307494091220749,01/19/2021,Headache,Headache,25.1,YES,NO,,11/18/2022,Y6
vsafe-1-6-daily-dose1,Y6X-22843-78280,s246508830383918671659091375960292505816,01/21/2021,Unevaluable event,Reaction unevaluable,25.1,YES,NO,,11/21/2022,Y6
vsafe-1-6-daily-dose1,Y6N-31661-57222,s246607224400798050082366900272204747816,01/22/2021,Heart rate increased,Heart rate increased,25.1,YES,NO,,11/22/2022,Y6
vsafe-1-6-daily-dose1,Y6N-31661-57222,s246607224400798050082366900272204747816,01/22/2021,Immediate post-injection reaction,Immediate post-injection reaction,25.1,YES,NO,,11/22/2022,Y6
vsafe-1-6-daily-dose1,Y6N-31661-57222,s246824032136002769173476593380866315191,01/24/2021,Decreased appetite,Appetite lost,25.1,YES,NO,,11/23/2022,Y6
vsafe-1-6-daily-dose2,Y6M-20415-18152,s247234732616799614224921610229081842592,01/28/2021,Dyspnoea,Shortness of breath,25.1,YES,NO,,11/29/2022,Y6
vsafe-1-6-daily-dose2,Y6M-20415-18152,s247234732616799614224921610229081842592,01/28/2021,Oxygen saturation decreased,Oxygen saturation decreased,25.1,YES,NO,,11/29/2022,Y6
vsafe-1-6-daily-dose2,Y6M-20415-18152,s247234732616799614224921610229081842592,01/28/2021,Feeling abnormal,Foggy feeling in head,25.1,YES,NO,,11/29/2022,Y6
vsafe-1-6-daily-dose2,Y6M-20415-18152,s247234732616799614224921610229081842592,01/28/2021,Decreased appetite,Appetite lost,25.1,YES,NO,,11/29/2022,Y6
vsafe-1-6-daily-dose2,Y6M-20415-18152,s247234732616799614224921610229081842592,01/28/2021,Taste disorder,Taste changed,25.1,YES,NO,,11/29/2022,Y6
vsafe-1-6-daily-dose2,Y6M-20415-18152,s247436931183771247278600198563868338734,01/30/2021,Dyspnoea,Shortness of breath,25.1,YES,NO,,12/01/2022,Y6
vsafe-1-6-daily-dose2,Y6M-20415-18152,s247436931183771247278600198563868338734,01/30/2021,Heart rate increased,Pulse rapid,25.1,YES,NO,,12/01/2022,Y6
vsafe-0-day-dose1,Y6S-30902-07699,s247738240733200215105592753557458290554,02/02/2021,Tremor,Shakiness,25.1,YES,NO,,12/02/2022,Y6
vsafe-1-6-daily-dose1,Y6S-30902-07699,s247857342180757635401107682234106305461,02/03/2021,Feeling jittery,Jitteriness,25.1,YES,NO,,12/05/2022,Y6
vsafe-1-6-daily-dose2,Y6E-47824-41286,s248802285828173330145991945287618950136,02/12/2021,No adverse event,No adverse reaction,25.1,YES,NO,,12/20/2022,Y6
vsafe-1-6-daily-dose2,Y69-20708-10288,s251082567326157752318818405628196355538,03/06/2021,Oedema peripheral,Edema arms,25.1,YES,NO,,01/10/2023,Y6
vsafe-1-6-daily-dose1,Y6E-12326-01247,s251624667183268758139324915443284190215,03/11/2021,Dizziness,Dizziness,25.1,YES,NO,,01/15/2023,Y6
vsafe-1-6-daily-dose1,Y6W-13775-48915,s251734354877766218616618099526572073391,03/12/2021,Lymph node pain,Lymph node tenderness,25.1,YES,NO,,01/23/2023,Y6
vsafe-0-day-dose1,Y6P-17009-14527,s251836228446223500632472452379034966428,03/13/2021,Rhinorrhoea,Runny nose,25.1,YES,NO,,01/24/2023,Y6
vsafe-1-6-daily-dose1,Y6P-17009-14527,s251917003148686527098166129233312225613,03/14/2021,Malaise,General malaise,25.1,YES,NO,,01/25/2023,Y6
vsafe-1-6-daily-dose1,Y6W-13775-48915,s252034564201635860193144022199503090533,03/15/2021,Lymphadenopathy,Supraclavicular lymph nodes enlarged,25.1,YES,NO,,01/25/2023,Y6
vsafe-1-6-daily-dose1,Y6W-13775-48915,s252143946658868997696958837619826536447,03/16/2021,Lymphadenopathy,Supraclavicular lymph nodes enlarged,25.1,YES,NO,,01/26/2023,Y6
vsafe-1-6-daily-dose1,Y6W-13775-48915,s252263391112513900105564049511430112745,03/17/2021,Dizziness,Light-headed,25.1,YES,NO,,01/27/2023,Y6
vsafe-1-6-daily-dose1,Y6W-13775-48915,s252263391112513900105564049511430112745,03/17/2021,Epistaxis,Nose bleed,25.1,YES,NO,,01/27/2023,Y6
vsafe-1-6-daily-dose1,Y6W-13775-48915,s252263391112513900105564049511430112745,03/17/2021,Cough,Cough,25.1,YES,NO,,01/27/2023,Y6
vsafe-1-6-daily-dose1,Y6B-14350-83231,s254012913606317117861765669263604640267,04/03/2021,Arthralgia,Joint pain,25.1,YES,NO,,02/14/2023,Y6
vsafe-7-day-dose2,Y6Q-62622-46814,s254216721977682185770903210414096126933,04/05/2021,Muscular weakness,Weakness of limbs,25.1,YES,NO,,02/16/2023,Y6
vsafe-7-day-dose2,Y6Q-62622-46814,s254216721977682185770903210414096126933,04/05/2021,Paraesthesia,Tingling of extremity,25.1,YES,NO,,02/16/2023,Y6
vsafe-1-6-daily-dose1,Y6B-14350-83231,s254334939222780027728859418149941575945,04/06/2021,Fatigue,Exhaustion,25.1,YES,NO,,02/16/2023,Y6
vsafe-1-6-daily-dose1,Y6B-14350-83231,s254334939222780027728859418149941575945,04/06/2021,Discomfort,Sensation of heaviness,25.1,YES,NO,,02/16/2023,Y6
vsafe-7-day-dose2,Y6G-68287-56780,s254966415589194240726889627446757969665,04/12/2021,Vision blurred,Blurry vision,25.1,YES,NO,,02/24/2023,Y6
vsafe-7-day-dose2,Y6G-68287-56780,s254966415589194240726889627446757969665,04/12/2021,Disorientation,Disorientated,25.1,YES,NO,,02/24/2023,Y6
vsafe-7-day-dose2,Y6G-68287-56780,s254966415589194240726889627446757969665,04/12/2021,Feeling hot,Feeling hot,25.1,YES,NO,,02/24/2023,Y6
vsafe-1-6-daily-dose2,Y6D-62865-87734,s255257478744550313586240463115643411831,04/15/2021,Lymphadenopathy,Swollen lymph nodes,25.1,YES,NO,,02/28/2023,Y6
vsafe-1-6-daily-dose1,Y6K-20861-35658,s255482842340190993464026749330965300034,04/17/2021,Dizziness,Dizzy,25.1,YES,NO,,03/02/2023,Y6
vsafe-1-6-daily-dose1,Y6K-20861-35658,s255482842340190993464026749330965300034,04/17/2021,Alcohol intolerance,Alcohol intolerance,25.1,YES,NO,,03/02/2023,Y6
vsafe-1-6-daily-dose2,Y64-27527-26227,s256412789902347773846475995152296608018,04/26/2021,Oropharyngeal pain,Sore throat,26.0,YES,NO,,03/23/2023,Y6
vsafe-1-6-daily-dose2,Y64-27527-26227,s256513498599704704875470553690151754131,04/27/2021,Oropharyngeal pain,Sore throat,26.0,YES,NO,,03/24/2023,Y6
vsafe-1-6-daily-dose1,Y69-21494-54197,s256858543518936512669507341407530667255,04/30/2021,Rhinorrhoea,Runny nose,26.0,YES,NO,,03/28/2023,Y6
vsafe-1-6-daily-dose2,Y6J-11132-71900,s256860890007674018195657119787647635868,04/30/2021,Fatigue,Fatigue,26.0,YES,NO,,03/28/2023,Y6
vsafe-1-6-daily-dose2,Y6J-11132-71900,s256860890007674018195657119787647635868,04/30/2021,Fatigue,Tiredness,26.0,YES,NO,,03/28/2023,Y6
vsafe-1-6-daily-dose2,Y6J-11132-71900,s256860890007674018195657119787647635868,04/30/2021,Chills,Chills,26.0,YES,NO,,03/28/2023,Y6
vsafe-1-6-daily-dose1,Y6W-61182-10576,s258606140477203698715970402473606785328,05/17/2021,Migraine,Migraine,26.0,YES,NO,,03/22/2023,Y6
vsafe-1-6-daily-dose1,Y6W-61182-10576,s258606140477203698715970402473606785328,05/17/2021,Vomiting,Vomiting,26.0,YES,NO,,03/22/2023,Y6
vsafe-1-6-daily-dose1,Y6W-61182-10576,s258606140477203698715970402473606785328,05/17/2021,Abdominal pain upper,Stomach pain,26.0,YES,NO,,03/22/2023,Y6
vsafe-1-6-daily-dose1,Y6W-61182-10576,s258606140477203698715970402473606785328,05/17/2021,Nausea,Nausea,26.0,YES,NO,,03/22/2023,Y6
vsafe-1-6-daily-dose2,Y6W-61182-10576,s260602724053718618703361414580111300343,06/05/2021,Tinnitus,Tinnitus,26.0,YES,NO,,04/03/2023,Y6
vsafe-1-6-daily-dose2,Y6W-61182-10576,s261007933386330143385232189167428593214,06/09/2021,Tinnitus,Tinnitus,26.0,YES,NO,,04/04/2023,Y6
vsafe-1-6-daily-dose1,Y6V-26117-98866,s268104035050752632033184478899095611193,08/16/2021,Insomnia,Insomnia,26.0,YES,NO,,06/27/2023,Y6
vsafe-1-6-daily-dose2,Y6V-26117-98866,s270192982382703437060652958994339104013,09/05/2021,Insomnia,Insomnia,26.1,YES,NO,,09/07/2023,Y6
vsafe-1-6-daily-dose2,Y6V-26117-98866,s270297840335561178964297312735039515559,09/06/2021,Irritability,Irritability,26.1,YES,NO,,09/11/2023,Y6
vsafe-1-6-daily-dose1,Y6X-41043-40734,s243810654270151394560302286322549798575,12/26/2020,Oropharyngeal pain,Sore throat,25.1,YES,NO,,10/27/2022,Y6
vsafe-1-6-daily-dose1,Y6A-18407-84139,s245048464716605777645402445548914092198,01/07/2021,Lymphadenopathy,Axillary lymph nodes enlarged,25.1,YES,NO,,11/08/2022,Y6
vsafe-1-6-daily-dose1,Y6A-18407-84139,s245048464716605777645402445548914092198,01/07/2021,Lymph node pain,Lymph node tenderness,25.1,YES,NO,,11/08/2022,Y6
vsafe-1-6-daily-dose1,Y6A-18407-84139,s245142525880411050660391975958585462228,01/08/2021,Lymph node pain,Lymph node tenderness,25.1,YES,NO,,11/08/2022,Y6
vsafe-7-day-dose1,Y6A-18407-84139,s245249502283356129820439994500628744987,01/09/2021,Lymphadenopathy,Lymphadenopathy,25.1,YES,NO,,11/09/2022,Y6
vsafe-7-day-dose1,Y6A-18407-84139,s245249502283356129820439994500628744987,01/09/2021,Lymphadenopathy,Lymphadenopathy axillary,25.1,YES,YES,01/20/2023,11/09/2022,Y6
vsafe-1-6-daily-dose1,Y6R-74892-65752,s245875371269691967516978200399194023283,01/15/2021,Paraesthesia,Tingling,25.1,YES,NO,,11/16/2022,Y6
vsafe-0-day-dose1,Y68-12372-11509,s245981850853532060700184225595613956283,01/16/2021,Paraesthesia,Tingling,25.1,YES,NO,,11/16/2022,Y6
vsafe-1-6-daily-dose1,Y6R-74892-65752,s245977402857538641275248091558480368156,01/16/2021,Paraesthesia,Localized tingling,25.1,YES,NO,,11/16/2022,Y6
vsafe-1-6-daily-dose1,Y6R-74892-65752,s245977402857538641275248091558480368156,01/16/2021,Stress,Stress,25.1,YES,NO,,11/16/2022,Y6
vsafe-1-6-daily-dose1,Y6R-74892-65752,s245977402857538641275248091558480368156,01/16/2021,Anxiety,Anxiety,25.1,YES,NO,,11/16/2022,Y6
vsafe-1-6-daily-dose1,Y6R-74892-65752,s246082524129404130340511467695057318421,01/17/2021,Paraesthesia,Tingling,25.1,YES,NO,,11/17/2022,Y6
vsafe-1-6-daily-dose1,Y6C-75652-60393,s246187649165176868424462791459757278806,01/18/2021,Musculoskeletal stiffness,Stiffness,25.1,YES,NO,,11/18/2022,Y6
vsafe-1-6-daily-dose1,Y6R-74892-65752,s246182412269802633807936516152969838097,01/18/2021,Paraesthesia,Tingling,25.1,YES,NO,,11/18/2022,Y6
vsafe-1-6-daily-dose1,Y6R-74892-65752,s246296455072495154657845073659929734816,01/19/2021,Pain,Generalized aching,25.1,YES,NO,,11/18/2022,Y6
vsafe-1-6-daily-dose1,Y62-18803-98907,s247764076249776133459450764263152029390,02/02/2021,Muscle twitching,Muscle twitching,25.1,YES,NO,,12/04/2022,Y6
vsafe-1-6-daily-dose1,Y6Z-20400-09604,s247755102104492554805382732488689473893,02/02/2021,Dyspnoea,Short of breath,25.1,YES,NO,,12/04/2022,Y6
vsafe-1-6-daily-dose1,Y62-18803-98907,s247952534792119316131165428866433553353,02/04/2021,Muscle spasms,Muscle spasm,25.1,YES,NO,,12/07/2022,Y6
vsafe-1-6-daily-dose1,Y62-18803-98907,s247952534792119316131165428866433553353,02/04/2021,Injection site reaction,Injection site muscle reaction,25.1,YES,NO,,12/07/2022,Y6
vsafe-1-6-daily-dose2,Y68-12372-11509,s249018451800256274527025891821144926001,02/14/2021,Respiratory tract congestion,Respiratory tract congestion,25.1,YES,NO,,12/22/2022,Y6
vsafe-1-6-daily-dose2,Y68-12372-11509,s249018451800256274527025891821144926001,02/14/2021,Nasal congestion,Nasal stuffiness,25.1,YES,NO,,12/22/2022,Y6
vsafe-1-6-daily-dose2,Y6R-74892-65752,s249012308104875336931328689249440157471,02/14/2021,Back pain,Back pain,25.1,YES,NO,,12/22/2022,Y6
vsafe-1-6-daily-dose2,Y6R-74892-65752,s249216319695508953249299380374757623202,02/16/2021,Back pain,Back pain,25.1,YES,NO,,12/23/2022,Y6
vsafe-1-6-daily-dose2,Y6R-74892-65752,s249323097986818443492705296576154330671,02/17/2021,Back pain,Back pain,25.1,YES,NO,,12/27/2022,Y6
vsafe-1-6-daily-dose2,Y6R-74892-65752,s249424703796180731589130262204184690612,02/18/2021,Asthenia,Weakness,25.1,YES,NO,,12/27/2022,Y6
vsafe-7-day-dose2,Y6R-74892-65752,s249528044014100946515602887286687696319,02/19/2021,Discomfort,Discomfort,25.1,YES,NO,,12/28/2022,Y6
vsafe-7-day-dose2,Y6C-75652-60393,s249944315501262520424746631569924071296,02/23/2021,Feeling abnormal,Foggy feeling in head,25.1,YES,NO,,12/30/2022,Y6
vsafe-7-day-dose2,Y6C-75652-60393,s249944315501262520424746631569924071296,02/23/2021,Asthenopia,Eyes heavy feeling of,25.1,YES,NO,,12/30/2022,Y6
vsafe-1-6-daily-dose2,Y6Z-20400-09604,s250274539625296601462877245639781696168,02/26/2021,Pain,Pain aggravated,25.1,YES,NO,,01/03/2023,Y6
vsafe-1-6-daily-dose1,Y6W-10323-21294,s251839879211329290844220543542967846714,03/13/2021,No adverse event,No adverse reaction,25.1,YES,NO,,01/24/2023,Y6
vsafe-1-6-daily-dose1,Y6W-10323-21294,s252233475662455292165096635163598294916,03/17/2021,No adverse event,No adverse reaction,25.1,YES,NO,,01/27/2023,Y6
vsafe-1-6-daily-dose1,Y6P-19756-78936,s252565610467191942572408452179936568512,03/20/2021,Productive cough,Productive cough,25.1,YES,NO,,01/31/2023,Y6
vsafe-1-6-daily-dose1,Y6P-19756-78936,s252565610467191942572408452179936568512,03/20/2021,Oropharyngeal pain,Sore throat,25.1,YES,NO,,01/31/2023,Y6
vsafe-1-6-daily-dose1,Y6P-19756-78936,s252565610467191942572408452179936568512,03/20/2021,Pain in jaw,Jaw pain,25.1,YES,NO,,01/31/2023,Y6
vsafe-1-6-daily-dose1,Y6P-19756-78936,s252565610467191942572408452179936568512,03/20/2021,Ear pain,Ear ache,25.1,YES,NO,,01/31/2023,Y6
vsafe-1-6-daily-dose1,Y6P-19756-78936,s252657655151356623693994724865123964622,03/21/2021,Ear pain,Ear ache,25.1,YES,NO,,02/01/2023,Y6
vsafe-1-6-daily-dose1,Y6P-19756-78936,s252657655151356623693994724865123964622,03/21/2021,Cough,Cough,25.1,YES,NO,,02/01/2023,Y6
vsafe-1-6-daily-dose1,Y6P-19756-78936,s252657655151356623693994724865123964622,03/21/2021,Arthralgia,Joint pain,25.1,YES,NO,,02/01/2023,Y6
vsafe-1-6-daily-dose1,Y6P-19756-78936,s252766796503027909120851463364563048782,03/22/2021,Headache,Headache,25.1,YES,NO,,02/02/2023,Y6
vsafe-1-6-daily-dose1,Y6P-19756-78936,s252766796503027909120851463364563048782,03/22/2021,Tinnitus,Tinnitus,25.1,YES,NO,,02/02/2023,Y6
vsafe-1-6-daily-dose1,Y6P-19756-78936,s252766796503027909120851463364563048782,03/22/2021,Paraesthesia oral,Tingling tongue,25.1,YES,NO,,02/02/2023,Y6
vsafe-1-6-daily-dose1,Y6P-19756-78936,s252766796503027909120851463364563048782,03/22/2021,Paraesthesia oral,Tingling lips,25.1,YES,NO,,02/02/2023,Y6
vsafe-1-6-daily-dose1,Y6P-19756-78936,s252766796503027909120851463364563048782,03/22/2021,Paraesthesia,Tingling,25.1,YES,NO,,02/02/2023,Y6
vsafe-1-6-daily-dose1,Y6P-19756-78936,s252991117873218754080835290730766953198,03/24/2021,Injection site pain,Pain injection site,25.1,YES,NO,,02/03/2023,Y6
vsafe-1-6-daily-dose1,Y6P-19756-78936,s252991117873218754080835290730766953198,03/24/2021,Arthralgia,Joint pain,25.1,YES,NO,,02/03/2023,Y6
vsafe-1-6-daily-dose1,Y6P-19756-78936,s252991117873218754080835290730766953198,03/24/2021,Fatigue,Fatigue,25.1,YES,NO,,02/03/2023,Y6
vsafe-1-6-daily-dose1,Y6P-19756-78936,s252991117873218754080835290730766953198,03/24/2021,Tinnitus,Tinnitus,25.1,YES,NO,,02/03/2023,Y6
vsafe-7-day-dose1,Y6P-19756-78936,s253085548074160245810976088697143488969,03/25/2021,Tinnitus,Tinnitus,25.1,YES,NO,,02/06/2023,Y6
vsafe-1-6-daily-dose1,Y6L-43508-81100,s253383551168094978821773587504343702521,03/28/2021,Limb discomfort,Arm discomfort,25.1,NO,NO,06/21/2023,02/08/2023,Y6
vsafe-1-6-daily-dose1,Y6L-43508-81100,s253383551168094978821773587504343702521,03/28/2021,Injection site pain,Injection site muscle pain,26.0,YES,YES,06/21/2023,02/08/2023,Y6
vsafe-1-6-daily-dose1,Y6L-43508-81100,s253383551168094978821773587504343702521,03/28/2021,Pain,Pain upon movement,26.0,YES,YES,06/21/2023,02/08/2023,Y6
vsafe-1-6-daily-dose1,Y62-25907-96080,s253505890465308309038888825459487418749,03/29/2021,Chest pain,Chest pain,25.1,YES,NO,,02/09/2023,Y6
vsafe-1-6-daily-dose1,Y6L-43508-81100,s253489970701745696673819701235939980507,03/29/2021,Unevaluable event,Reaction unevaluable,25.1,YES,NO,,02/09/2023,Y6
vsafe-1-6-daily-dose2,Y6W-10323-21294,s254007333071915438701687529490040372953,04/03/2021,No adverse event,No adverse reaction,25.1,YES,NO,,02/15/2023,Y6
vsafe-1-6-daily-dose1,Y67-22830-81705,s254226822562120732442131443394477163392,04/05/2021,Adverse reaction,Adverse reaction,25.1,YES,NO,,02/16/2023,Y6
vsafe-1-6-daily-dose2,Y6W-10323-21294,s254432573998585784243644356659281310113,04/07/2021,No adverse event,No adverse reaction,25.1,YES,NO,,02/17/2023,Y6
vsafe-0-day-dose2,Y6P-19756-78936,s254548123312375386203424078380313278821,04/08/2021,Tinnitus,Tinnitus,25.1,YES,NO,,02/20/2023,Y6
vsafe-1-6-daily-dose2,Y6P-19756-78936,s254647864750392396069355671616037240811,04/09/2021,Tinnitus,Tinnitus,25.1,YES,NO,,02/21/2023,Y6
vsafe-1-6-daily-dose2,Y6P-19756-78936,s254647864750392396069355671616037240811,04/09/2021,Chest pain,Chest burning pain of,25.1,YES,NO,,02/21/2023,Y6
vsafe-1-6-daily-dose2,Y6P-19756-78936,s254647864750392396069355671616037240811,04/09/2021,Pain in extremity,Pain in arm,25.1,YES,NO,,02/21/2023,Y6
vsafe-1-6-daily-dose2,Y6P-19756-78936,s254647864750392396069355671616037240811,04/09/2021,Musculoskeletal pain,Shoulder blade pain,25.1,YES,NO,,02/21/2023,Y6
vsafe-1-6-daily-dose2,Y6P-19756-78936,s254647864750392396069355671616037240811,04/09/2021,Arthralgia,Pain in knee,25.1,YES,NO,,02/21/2023,Y6
vsafe-1-6-daily-dose2,Y6P-19756-78936,s254647864750392396069355671616037240811,04/09/2021,Pruritus,Localized itching,25.1,YES,NO,,02/21/2023,Y6
vsafe-1-6-daily-dose2,Y6P-19756-78936,s254647864750392396069355671616037240811,04/09/2021,Injection site pruritus,Injection site itching,25.1,YES,NO,,02/21/2023,Y6
vsafe-1-6-daily-dose2,Y6P-19756-78936,s254763447372029878349460156968476481781,04/10/2021,Arthralgia,Joint pain,25.1,YES,NO,,02/22/2023,Y6
vsafe-1-6-daily-dose2,Y6P-19756-78936,s254763447372029878349460156968476481781,04/10/2021,Back pain,Pain back,25.1,YES,NO,,02/22/2023,Y6
vsafe-1-6-daily-dose2,Y6P-19756-78936,s254763447372029878349460156968476481781,04/10/2021,Arthralgia,Pain knee,25.1,YES,NO,,02/22/2023,Y6
vsafe-1-6-daily-dose2,Y6P-19756-78936,s254763447372029878349460156968476481781,04/10/2021,Pain,Pain upon movement,25.1,YES,NO,,02/22/2023,Y6
vsafe-1-6-daily-dose2,Y6P-19756-78936,s254763447372029878349460156968476481781,04/10/2021,Painful respiration,Painful respiration,25.1,YES,NO,,02/22/2023,Y6
vsafe-1-6-daily-dose2,Y6P-19756-78936,s254763447372029878349460156968476481781,04/10/2021,Tinnitus,Tinnitus aggravated,25.1,YES,NO,,02/22/2023,Y6
vsafe-1-6-daily-dose2,Y6P-19756-78936,s254763447372029878349460156968476481781,04/10/2021,Pre-existing disease,Pre-existing disease,25.1,YES,NO,,02/22/2023,Y6
vsafe-1-6-daily-dose2,Y6P-19756-78936,s254763447372029878349460156968476481781,04/10/2021,Sleep disorder,Sleep disturbed,25.1,YES,NO,,02/22/2023,Y6
vsafe-1-6-daily-dose2,Y6P-19756-78936,s254763447372029878349460156968476481781,04/10/2021,Pain in extremity,Pain foot,25.1,YES,NO,,02/22/2023,Y6
vsafe-1-6-daily-dose2,Y6P-19756-78936,s254763447372029878349460156968476481781,04/10/2021,Pain,Pain localized,25.1,YES,NO,,02/22/2023,Y6
vsafe-1-6-daily-dose2,Y6P-19756-78936,s254763447372029878349460156968476481781,04/10/2021,Pain in extremity,Pain in arm,25.1,YES,NO,,02/22/2023,Y6
vsafe-1-6-daily-dose2,Y6P-19756-78936,s254763447372029878349460156968476481781,04/10/2021,Musculoskeletal chest pain,Rib pain,25.1,YES,NO,,02/22/2023,Y6
vsafe-1-6-daily-dose2,Y6P-19756-78936,s254763447372029878349460156968476481781,04/10/2021,Chest pain,Pain chest,25.1,YES,NO,,02/22/2023,Y6
vsafe-1-6-daily-dose1,Y6N-19682-72225,s254850343389634241549495780197253406160,04/11/2021,Lymphadenopathy,Lymph nodes cervical swollen,25.1,YES,NO,,02/23/2023,Y6
vsafe-1-6-daily-dose2,Y6P-19756-78936,s254853866468104614812851755464669199380,04/11/2021,Tinnitus,Tinnitus,25.1,YES,NO,,02/23/2023,Y6
vsafe-1-6-daily-dose2,Y6P-19756-78936,s254853866468104614812851755464669199380,04/11/2021,Lymphadenopathy,Swollen glands,25.1,YES,NO,,02/23/2023,Y6
vsafe-1-6-daily-dose2,Y6P-19756-78936,s254853866468104614812851755464669199380,04/11/2021,Myalgia,Muscle pain,25.1,YES,NO,,02/23/2023,Y6
vsafe-1-6-daily-dose2,Y6P-19756-78936,s254853866468104614812851755464669199380,04/11/2021,Arthralgia,Joint pain,25.1,YES,NO,,02/23/2023,Y6
vsafe-1-6-daily-dose1,Y6N-19682-72225,s254948088183060514126074238617279705131,04/12/2021,Lymphadenopathy,Lymph nodes cervical swollen,25.1,YES,NO,,02/23/2023,Y6
vsafe-1-6-daily-dose2,Y6P-19756-78936,s254959866103122203734630625426493046540,04/12/2021,Tinnitus,Tinnitus,25.1,YES,NO,,02/24/2023,Y6
vsafe-1-6-daily-dose2,Y6P-19756-78936,s254959866103122203734630625426493046540,04/12/2021,Pain,Pain,25.1,YES,NO,,02/24/2023,Y6
vsafe-1-6-daily-dose2,Y6P-19756-78936,s254959866103122203734630625426493046540,04/12/2021,Malaise,General malaise,25.1,YES,NO,,02/24/2023,Y6
vsafe-1-6-daily-dose2,Y6P-19756-78936,s254959866103122203734630625426493046540,04/12/2021,Arthralgia,Joint pain,25.1,YES,NO,,02/24/2023,Y6
vsafe-1-6-daily-dose2,Y6P-19756-78936,s254959866103122203734630625426493046540,04/12/2021,Gait disturbance,Walking difficulty,25.1,YES,NO,,02/24/2023,Y6
vsafe-1-6-daily-dose1,Y6N-19682-72225,s255052080921806138354757688258720343457,04/13/2021,Lymphadenopathy,Lymph nodes enlarged,25.1,YES,NO,,02/24/2023,Y6
vsafe-1-6-daily-dose2,Y6P-19756-78936,s255063841687037991087416312744219652585,04/13/2021,Tinnitus,Tinnitus,25.1,YES,NO,,02/26/2023,Y6
vsafe-1-6-daily-dose2,Y6P-19756-78936,s255063841687037991087416312744219652585,04/13/2021,Chills,Chills,25.1,YES,NO,,02/26/2023,Y6
vsafe-1-6-daily-dose2,Y6P-19756-78936,s255063841687037991087416312744219652585,04/13/2021,Rash,Rash over arms,25.1,YES,NO,,02/26/2023,Y6
vsafe-1-6-daily-dose1,Y6N-19682-72225,s255157132718971930222102846542684246401,04/14/2021,Lymphadenopathy,Lymph nodes cervical swollen,25.1,YES,NO,,03/01/2023,Y6
vsafe-0-day-dose2,Y62-25907-96080,s255998012469268872822918587975656450044,04/22/2021,Oropharyngeal pain,Sore throat,25.1,YES,NO,,03/06/2023,Y6
vsafe-0-day-dose2,Y62-25907-96080,s255998012469268872822918587975656450044,04/22/2021,Eye pain,Eye pain,25.1,YES,NO,,03/06/2023,Y6
vsafe-1-6-daily-dose2,Y62-25907-96080,s256109324532817438006560972564385629300,04/23/2021,Dizziness,Dizziness,25.1,YES,NO,,03/07/2023,Y6
vsafe-1-6-daily-dose2,Y62-25907-96080,s256109324532817438006560972564385629300,04/23/2021,Eye pain,Eye pain,25.1,YES,NO,,03/07/2023,Y6
vsafe-1-6-daily-dose2,Y6N-22646-03983,s256204987775833665400121375720708123753,04/24/2021,Limb discomfort,Heaviness in leg,25.1,YES,NO,,03/08/2023,Y6
vsafe-1-6-daily-dose1,Y6Q-11240-98063,s258608105539853505557872223669828881861,05/17/2021,Thirst,Excessive thirst,26.0,YES,NO,,03/22/2023,Y6
vsafe-1-6-daily-dose3,Y6Q-53271-43155,s270188698312590843571986957814626709849,09/05/2021,Secretion discharge,Mucus discharge,26.1,YES,NO,,09/07/2023,Y6
vsafe-1-6-daily-dose3,Y6Q-53271-43155,s270296412520581593874980160573377521581,09/06/2021,Secretion discharge,Mucus discharge,26.1,YES,NO,,09/11/2023,Y6
vsafe-1-6-daily-dose1,Y69-49499-34943,s244285958865781871245343722842995965334,12/31/2020,Feeling abnormal,Foggy feeling in head,25.1,YES,NO,,11/02/2022,Y6
vsafe-0-day-dose1,Y6W-19130-54857,s245035276352758930776260541396869092903,01/07/2021,Unevaluable event,Reaction unevaluable,25.1,NO,NO,01/19/2023,11/07/2022,Y6
vsafe-0-day-dose1,Y6W-19130-54857,s245035276352758930776260541396869092903,01/07/2021,No adverse event,No adverse reaction,25.1,YES,YES,01/19/2023,11/07/2022,Y6
vsafe-1-6-daily-dose1,Y6W-19130-54857,s245558045678328785209712782081042044617,01/12/2021,Cough,Cough,25.1,YES,NO,,11/11/2022,Y6
vsafe-7-day-dose1,Y6W-15183-23703,s246251760292815862070808347773609114099,01/19/2021,Lymphadenopathy,Lymphadenopathy axillary,25.1,YES,NO,,11/21/2022,Y6
vsafe-1-6-daily-dose1,Y6U-27654-69462,s246695097863503078664642345938528634259,01/23/2021,No adverse event,No adverse reaction,25.1,YES,NO,,11/22/2022,Y6
vsafe-1-6-daily-dose2,Y6L-33859-87219,s247218950591201533005993271422890936862,01/28/2021,Ear pain,Ear pain,25.1,YES,NO,,11/29/2022,Y6
vsafe-1-6-daily-dose2,Y6L-33859-87219,s247218950591201533005993271422890936862,01/28/2021,Muscle tightness,Tightness in jaw,25.1,YES,NO,,11/29/2022,Y6
vsafe-1-6-daily-dose2,Y6U-30203-17113,s247332573878450662507122922324138541678,01/29/2021,Lymphadenopathy,Swollen lymph nodes,25.1,YES,NO,,11/30/2022,Y6
vsafe-1-6-daily-dose2,Y6U-30203-17113,s247436730360831643944571486639888170391,01/30/2021,Lymphadenopathy,Swollen lymph nodes,25.1,YES,NO,,12/01/2022,Y6
vsafe-1-6-daily-dose2,Y6W-15183-23703,s248066311959079668873340107412365529048,02/05/2021,Lymphadenopathy,Axillary lymph nodes enlarged,25.1,YES,NO,,12/08/2022,Y6
vsafe-1-6-daily-dose2,Y6W-15183-23703,s248186393936886085080492476399419537703,02/06/2021,Lymphadenopathy,Lymphadenopathy axillary,25.1,YES,NO,,12/09/2022,Y6
vsafe-1-6-daily-dose2,Y6W-15183-23703,s248272507975151749994316069277815936785,02/07/2021,Lymphadenopathy,Axillary lymph nodes enlarged,25.1,YES,NO,,12/12/2022,Y6
vsafe-1-6-daily-dose2,Y6W-15183-23703,s248377539105538929979128173488035763213,02/08/2021,Lymphadenopathy,Axillary lymph nodes enlarged,25.1,YES,NO,,12/13/2022,Y6
vsafe-1-6-daily-dose2,Y6W-15183-23703,s248482339212480370586568199306773979181,02/09/2021,Lymphadenopathy,Axillary lymph nodes enlarged,25.1,YES,NO,,12/15/2022,Y6
vsafe-0-day-dose1,Y65-62443-45283,s248504137183585416176143104565733685020,02/09/2021,Anxiety,Anxiety,25.1,YES,NO,,12/14/2022,Y6
vsafe-7-day-dose2,Y6W-15183-23703,s248587605532447520859814747718109786707,02/10/2021,Lymphadenopathy,Swollen lymph nodes,25.1,YES,NO,,12/19/2022,Y6
vsafe-1-6-daily-dose1,Y65-62443-45283,s248598061042292394665887979964086270002,02/10/2021,Anxiety,Anxiety,25.1,YES,NO,,12/16/2022,Y6
vsafe-1-6-daily-dose1,Y65-62443-45283,s248702201102312129711302200341442518023,02/11/2021,Anxiety,Anxiety,25.1,YES,NO,,12/19/2022,Y6
vsafe-7-day-dose2,Y6W-19130-54857,s248698632317965542717584468124665257373,02/11/2021,Blood pressure increased,Elevated BP,25.1,YES,NO,,12/20/2022,Y6
vsafe-1-6-daily-dose1,Y6M-24078-76870,s248898436667143671280252615991908525671,02/13/2021,Myalgia,Muscle ache,25.1,YES,NO,,12/21/2022,Y6
vsafe-1-6-daily-dose1,Y6M-24078-76870,s248898436667143671280252615991908525671,02/13/2021,Injection site swelling,Swelling of injection site,25.1,YES,NO,,12/21/2022,Y6
vsafe-1-6-daily-dose2,Y64-22380-55602,s249320786675341654449683857753862996882,02/17/2021,Arthralgia,Pain in knee,25.1,YES,NO,,12/27/2022,Y6
vsafe-1-6-daily-dose2,Y64-22380-55602,s249320786675341654449683857753862996882,02/17/2021,Hypoaesthesia,Numbness,25.1,YES,NO,,12/27/2022,Y6
vsafe-1-6-daily-dose2,Y6E-51026-24571,s249307912234423835035973042123362145416,02/17/2021,Lymphadenopathy,Lymph nodes cervical swollen,25.1,YES,NO,,12/27/2022,Y6
vsafe-7-day-dose2,Y6E-51026-24571,s249415636285920299290749706244610256066,02/18/2021,Tinnitus,Ringing in ears,25.1,YES,NO,,12/27/2022,Y6
vsafe-7-day-dose2,Y6E-51026-24571,s249415636285920299290749706244610256066,02/18/2021,Pre-existing disease,Pre-existing disease,25.1,YES,NO,,12/27/2022,Y6
vsafe-7-day-dose2,Y6E-51026-24571,s249415636285920299290749706244610256066,02/18/2021,Condition aggravated,Condition aggravated,25.1,YES,NO,,12/27/2022,Y6
vsafe-1-6-daily-dose2,Y64-22380-55602,s249428773515368891999206422890838396027,02/18/2021,Arthralgia,Knee pain,25.1,YES,NO,,12/27/2022,Y6
vsafe-1-6-daily-dose2,Y64-22380-55602,s249532067523895013067384991884612606566,02/19/2021,Blood test abnormal,Blood test abnormal,25.1,NO,NO,07/18/2023,12/28/2022,Y6
vsafe-1-6-daily-dose2,Y64-22380-55602,s249532067523895013067384991884612606566,02/19/2021,White blood cell count decreased,White blood cell count low,25.1,YES,NO,,12/28/2022,Y6
vsafe-1-6-daily-dose2,Y64-22380-55602,s249532067523895013067384991884612606566,02/19/2021,Eosinophil count increased,Eosinophil count high,25.1,NO,NO,07/18/2023,12/28/2022,Y6
vsafe-1-6-daily-dose2,Y64-22380-55602,s249532067523895013067384991884612606566,02/19/2021,Basophil count increased,Blood basophils increased,25.1,YES,NO,,12/28/2022,Y6
vsafe-1-6-daily-dose2,Y64-22380-55602,s249532067523895013067384991884612606566,02/19/2021,Arthralgia,Joint ache,25.1,NO,NO,07/18/2023,12/28/2022,Y6
vsafe-1-6-daily-dose2,Y64-22380-55602,s249532067523895013067384991884612606566,02/19/2021,Arthralgia,Knee pain,26.0,YES,YES,07/18/2023,12/28/2022,Y6
vsafe-1-6-daily-dose2,Y64-22380-55602,s249532067523895013067384991884612606566,02/19/2021,Eosinophil count increased,Blood eosinophils increased,26.0,YES,YES,07/18/2023,12/28/2022,Y6
vsafe-1-6-daily-dose2,Y64-22380-55602,s249532067523895013067384991884612606566,02/19/2021,Pre-existing disease,Pre-existing disease,26.0,YES,YES,07/18/2023,12/28/2022,Y6
vsafe-1-6-daily-dose2,Y64-22380-55602,s249532067523895013067384991884612606566,02/19/2021,Hypoaesthesia,Numbness of lower extremities,25.1,YES,NO,,12/28/2022,Y6
vsafe-1-6-daily-dose2,Y64-22380-55602,s249626302339624472866996489819754512433,02/20/2021,Office visit,Office visit,25.1,YES,NO,,12/28/2022,Y6
vsafe-1-6-daily-dose2,Y64-22380-55602,s249626302339624472866996489819754512433,02/20/2021,Laboratory test abnormal,Lab test abnormal,25.1,NO,NO,07/19/2023,12/28/2022,Y6
vsafe-1-6-daily-dose2,Y64-22380-55602,s249626302339624472866996489819754512433,02/20/2021,C-reactive protein increased,CRP increased,25.1,YES,NO,,12/28/2022,Y6
vsafe-1-6-daily-dose2,Y64-22380-55602,s249626302339624472866996489819754512433,02/20/2021,Eosinophil count increased,Blood eosinophils increased,26.0,YES,YES,07/19/2023,12/28/2022,Y6
vsafe-1-6-daily-dose2,Y64-22380-55602,s249626302339624472866996489819754512433,02/20/2021,Eosinophil count increased,Eosinophil count increased,25.1,NO,NO,07/19/2023,12/28/2022,Y6
vsafe-1-6-daily-dose2,Y64-22380-55602,s249626302339624472866996489819754512433,02/20/2021,Basophil count increased,Basophil count increased,25.1,NO,NO,07/19/2023,12/28/2022,Y6
vsafe-1-6-daily-dose2,Y64-22380-55602,s249626302339624472866996489819754512433,02/20/2021,White blood cell count decreased,White blood cell count low,25.1,YES,NO,,12/28/2022,Y6
vsafe-1-6-daily-dose2,Y64-22380-55602,s249626302339624472866996489819754512433,02/20/2021,Basophil count increased,Blood basophils increased,26.0,YES,YES,07/19/2023,12/28/2022,Y6
vsafe-1-6-daily-dose2,Y6Q-16455-78203,s249728160451132755397187828034245931876,02/21/2021,Abdominal lymphadenopathy,Mesenteric lymphadenopathy,25.1,YES,NO,,12/29/2022,Y6
vsafe-1-6-daily-dose2,Y6M-24078-76870,s250981474168391788385980231290687470766,03/05/2021,Injection site pain,Injection site muscle pain,25.1,YES,NO,,01/09/2023,Y6
vsafe-1-6-daily-dose1,Y6X-31423-09929,s251085763572527889242151481461166464164,03/06/2021,Myalgia,Muscle soreness,25.1,YES,NO,,01/10/2023,Y6
vsafe-1-6-daily-dose1,Y6R-69024-06917,s251294344252418735757689272571974530152,03/08/2021,Lymphadenopathy,Swollen glands,25.1,YES,NO,,01/11/2023,Y6
vsafe-1-6-daily-dose1,Y6R-69024-06917,s251294344252418735757689272571974530152,03/08/2021,Lymphadenopathy,Gland in neck,25.1,YES,NO,,01/11/2023,Y6
vsafe-1-6-daily-dose1,Y6R-69024-06917,s251398388871491144271648354804458748453,03/09/2021,Neck pain,Pain neck,25.1,YES,NO,,01/12/2023,Y6
vsafe-0-day-dose2,Y65-62443-45283,s251413609853599263979138259902769307767,03/09/2021,Anxiety,Anxiety,25.1,YES,NO,,01/12/2023,Y6
vsafe-1-6-daily-dose1,Y6J-25990-81667,s251720944189770536892863902130457186901,03/12/2021,No adverse event,No adverse reaction,25.1,YES,NO,,01/23/2023,Y6
vsafe-1-6-daily-dose2,Y65-62443-45283,s251827866402155244411964258549708248800,03/13/2021,Decreased appetite,Appetite lost,25.1,YES,NO,,01/24/2023,Y6
vsafe-1-6-daily-dose2,Y65-62443-45283,s251827866402155244411964258549708248800,03/13/2021,Anxiety,Anxiety,25.1,YES,NO,,01/24/2023,Y6
vsafe-0-day-dose2,Y6D-28803-35862,s252017107060004904153763320104191971297,03/15/2021,Unevaluable event,Reaction unevaluable,25.1,YES,NO,,01/25/2023,Y6
vsafe-1-6-daily-dose1,Y66-12072-64019,s252139433638216976379607450453793237138,03/16/2021,Hunger,Hunger,25.1,YES,NO,,01/26/2023,Y6
vsafe-1-6-daily-dose1,Y66-12072-64019,s252139433638216976379607450453793237138,03/16/2021,Hypertension,Blood pressure high,25.1,YES,NO,,01/26/2023,Y6
vsafe-1-6-daily-dose1,Y66-12072-64019,s252139433638216976379607450453793237138,03/16/2021,Heart rate increased,Pulse increased,25.1,YES,NO,,01/26/2023,Y6
vsafe-1-6-daily-dose1,Y6B-27996-54293,s252142347867479491737094977542683238784,03/16/2021,Breast pain,Breast pain,25.1,YES,NO,,01/26/2023,Y6
vsafe-1-6-daily-dose2,Y6D-28803-35862,s252120952948790003950207363045072226474,03/16/2021,Chest pain,Chest pain,25.1,YES,NO,,01/26/2023,Y6
vsafe-1-6-daily-dose1,Y6B-27996-54293,s252245379936876565563896680597248699466,03/17/2021,Pain,Generalized aching,25.1,YES,NO,,01/27/2023,Y6
vsafe-1-6-daily-dose1,Y6B-27996-54293,s252245379936876565563896680597248699466,03/17/2021,Chills,Chills,25.1,YES,NO,,01/27/2023,Y6
vsafe-1-6-daily-dose2,Y6D-28803-35862,s252231330834536753336956964889013417034,03/17/2021,Chest pain,Chest pain,25.1,YES,NO,,01/27/2023,Y6
vsafe-1-6-daily-dose2,Y6D-28803-35862,s252231330834536753336956964889013417034,03/17/2021,Back pain,Back pain,25.1,YES,NO,,01/27/2023,Y6
vsafe-1-6-daily-dose2,Y6D-28803-35862,s252231330834536753336956964889013417034,03/17/2021,Heart rate increased,Pulse rate increased,25.1,YES,NO,,01/27/2023,Y6
vsafe-1-6-daily-dose2,Y6D-28803-35862,s252231330834536753336956964889013417034,03/17/2021,Electrocardiogram normal,EKG normal,25.1,NO,NO,09/21/2023,01/27/2023,Y6
vsafe-1-6-daily-dose2,Y6D-28803-35862,s252231330834536753336956964889013417034,03/17/2021,Immune system disorder,Immune system disorder,25.1,NO,NO,09/22/2023,01/27/2023,Y6
vsafe-1-6-daily-dose2,Y6V-15061-15428,s252672896227213835304609611764072110422,03/21/2021,Fatigue,Tiredness,25.1,YES,NO,,02/01/2023,Y6
vsafe-7-day-dose2,Y6D-28803-35862,s252757109408999667446293517957868436833,03/22/2021,Rash erythematous,Red rash,25.1,YES,NO,,02/02/2023,Y6
vsafe-7-day-dose2,Y6D-28803-35862,s252757109408999667446293517957868436833,03/22/2021,Rash,Hand rash,25.1,YES,NO,,02/02/2023,Y6
vsafe-7-day-dose1,Y6U-29533-16884,s253803465159152892175077233153867960066,04/01/2021,Dizziness,Dizziness,25.1,YES,NO,,02/13/2023,Y6
vsafe-1-6-daily-dose1,Y62-23209-83675,s254320622178211773376219890146790215011,04/06/2021,Dizziness,Dizziness,25.1,YES,NO,,02/16/2023,Y6
vsafe-1-6-daily-dose1,Y62-23209-83675,s254320622178211773376219890146790215011,04/06/2021,Vertigo,Vertigo,25.1,YES,NO,,02/16/2023,Y6
vsafe-1-6-daily-dose2,Y6N-12258-15194,s254742164284898177319416295195673254125,04/10/2021,Rash,Neck rash,25.1,YES,NO,,02/22/2023,Y6
vsafe-1-6-daily-dose1,Y67-17774-96505,s254842359879945201145463985448986232431,04/11/2021,Palpitations,Heart pounding,25.1,YES,NO,,02/23/2023,Y6
vsafe-1-6-daily-dose1,Y67-17774-96505,s254953374219246668313185845230971845674,04/12/2021,Dyspepsia,Heartburn,25.1,YES,NO,,02/23/2023,Y6
vsafe-1-6-daily-dose1,Y67-17774-96505,s255055226354860704397727334488131384171,04/13/2021,Dyspepsia,Heartburn,25.1,YES,NO,,02/24/2023,Y6
vsafe-1-6-daily-dose1,Y67-17774-96505,s255163898283621385091820748910763866376,04/14/2021,Dyspepsia,Heartburn,25.1,YES,NO,,03/01/2023,Y6
vsafe-7-day-dose1,Y67-17774-96505,s255260886186783283925362111224908226229,04/15/2021,Dyspepsia,Heartburn,25.1,YES,NO,,02/28/2023,Y6
vsafe-1-6-daily-dose2,Y6M-18220-79408,s255595124248894630330994365306608696697,04/18/2021,No adverse event,No adverse reaction,26.0,YES,NO,,03/23/2023,Y6
vsafe-1-6-daily-dose1,Y6Q-61325-56592,s256512456671258025634618396531036412674,04/27/2021,Arthralgia,Shoulder pain,26.0,YES,NO,,03/24/2023,Y6
vsafe-1-6-daily-dose2,Y62-23209-83675,s257243672345354295004580988586520382701,05/04/2021,Dizziness,Dizziness,25.1,YES,NO,,03/14/2023,Y6
vsafe-1-6-daily-dose2,Y62-23209-83675,s257243672345354295004580988586520382701,05/04/2021,Mobility decreased,Mobility decreased,26.0,YES,NO,,03/14/2023,Y6
vsafe-1-6-daily-dose2,Y62-23209-83675,s257243672345354295004580988586520382701,05/04/2021,Head discomfort,Head discomfort,26.0,YES,NO,,03/14/2023,Y6
vsafe-1-6-daily-dose2,Y62-23209-83675,s257243672345354295004580988586520382701,05/04/2021,Balance disorder,Balance difficulty,26.0,YES,NO,,03/14/2023,Y6
vsafe-1-6-daily-dose2,Y62-23209-83675,s257243672345354295004580988586520382701,05/04/2021,Disturbance in attention,Mental concentration difficulty,26.0,YES,NO,,03/14/2023,Y6
vsafe-1-6-daily-dose2,Y63-16443-42251,s259122990089758295591828449705453076225,05/22/2021,Lymphadenopathy,Axillary lymph nodes enlarged,26.0,YES,NO,,03/29/2023,Y6
vsafe-7-day-dose2,Y6Y-17295-24293,s249836684735973121054113033568234638358,02/22/2021,Arthralgia,Pain in hip,25.1,YES,NO,,12/29/2022,Y6
vsafe-7-day-dose2,Y6Y-17295-24293,s249836684735973121054113033568234638358,02/22/2021,Back pain,Back pain,25.1,YES,NO,,12/29/2022,Y6
vsafe-7-day-dose1,Y6A-25809-81281,s252143218918297733005998743616479735014,03/16/2021,Asthma,Asthma,25.1,NO,NO,06/16/2023,01/27/2023,Y6
vsafe-7-day-dose1,Y6A-25809-81281,s252143218918297733005998743616479735014,03/16/2021,Pre-existing disease,Pre-existing disease,26.0,YES,YES,06/16/2023,01/27/2023,Y6
vsafe-0-day-dose1,Y6S-17879-10588,s252964043082682811298067117165748317916,03/24/2021,Limb discomfort,Arm discomfort,25.1,YES,NO,,02/03/2023,Y6
vsafe-1-6-daily-dose1,Y6L-17217-31670,s254949693960805827356994994537163826169,04/12/2021,No adverse event,No adverse reaction,25.1,YES,NO,,02/23/2023,Y6
vsafe-0-day-dose2,Y6S-17879-10588,s255157184279635893646692836562623405774,04/14/2021,Eye swelling,Eye swelling,25.1,YES,NO,,02/27/2023,Y6
vsafe-0-day-dose2,Y6S-17879-10588,s255157184279635893646692836562623405774,04/14/2021,Eye pruritus,Eye itching,25.1,YES,NO,,02/27/2023,Y6
vsafe-0-day-dose2,Y6S-17879-10588,s255157184279635893646692836562623405774,04/14/2021,Ocular hyperaemia,Eye redness,25.1,YES,NO,,02/27/2023,Y6
vsafe-1-6-daily-dose1,Y6L-17217-31670,s255161048970502439757475045693060733517,04/14/2021,Unevaluable event,Reaction unevaluable,25.1,YES,NO,,03/01/2023,Y6
vsafe-1-6-daily-dose2,Y6S-17879-10588,s255261007401113714772262416622297967082,04/15/2021,Ocular hyperaemia,Eye red,25.1,YES,NO,,02/28/2023,Y6
vsafe-1-6-daily-dose2,Y6S-17879-10588,s255261007401113714772262416622297967082,04/15/2021,Eye inflammation,Eye inflammation,25.1,YES,NO,,02/28/2023,Y6
vsafe-7-day-dose1,Y69-91070-78150,s243672011294908880970525256290665122145,12/25/2020,SARS-CoV-2 test positive,COVID-19 virus test positive,25.1,YES,NO,,10/26/2022,Y6
vsafe-1-6-daily-dose2,Y6Y-98937-85960,s245162359144599367894546836100798370181,01/08/2021,Oropharyngeal pain,Sore throat,25.1,YES,NO,,11/09/2022,Y6
vsafe-1-6-daily-dose2,Y6Y-98937-85960,s245162359144599367894546836100798370181,01/08/2021,Cough,Cough,25.1,YES,NO,,11/09/2022,Y6
vsafe-1-6-daily-dose2,Y6L-16509-29103,s245342115299680504763610381512499410793,01/10/2021,Pneumonia,Pneumonia,25.1,YES,NO,,11/10/2022,Y6
vsafe-1-6-daily-dose2,Y6L-16509-29103,s245342115299680504763610381512499410793,01/10/2021,Body temperature increased,Body temperature increased,25.1,NO,NO,01/20/2023,11/10/2022,Y6
vsafe-1-6-daily-dose2,Y6L-16509-29103,s245342115299680504763610381512499410793,01/10/2021,Pyrexia,Fever,25.1,YES,YES,01/20/2023,11/10/2022,Y6
vsafe-1-6-daily-dose1,Y6P-15364-78243,s246296118077465069597824868848442689357,01/19/2021,Nasal congestion,Nasal stuffiness,25.1,YES,NO,,11/18/2022,Y6
vsafe-1-6-daily-dose1,Y6P-15364-78243,s246527225473289765856222694373677762257,01/21/2021,Sinusitis,Sinus infection,25.1,YES,NO,,11/21/2022,Y6
vsafe-1-6-daily-dose1,Y6P-15364-78243,s246604344980145813657492842949202550029,01/22/2021,Respiratory tract congestion,Respiratory tract congestion,25.1,YES,NO,,11/22/2022,Y6
vsafe-1-6-daily-dose1,Y6P-15364-78243,s246705613104322368965748271409856651158,01/23/2021,Respiratory tract congestion,Respiratory tract congestion,25.1,YES,NO,,11/22/2022,Y6
vsafe-1-6-daily-dose1,Y6A-20427-95087,s247021943893994879268560058517851623204,01/26/2021,Injection site pain,Pain injection site,25.1,YES,NO,,11/25/2022,Y6
vsafe-1-6-daily-dose1,Y6M-12318-61468,s247752193402425097969252135003698687713,02/02/2021,Pain in extremity,Pain in arm,25.1,YES,NO,,12/04/2022,Y6
vsafe-0-day-dose1,Y6T-38391-68381,s248069834116906355644410208820784666407,02/05/2021,Headache,Headache,25.1,YES,NO,,12/07/2022,Y6
vsafe-1-6-daily-dose1,Y6J-17450-74543,s248491221757345338727475767822955197394,02/09/2021,Ageusia,Loss of taste,25.1,YES,NO,,12/14/2022,Y6
vsafe-1-6-daily-dose2,Y6A-20427-95087,s250141598768738488531260385337738457196,02/25/2021,Insomnia,Difficulty sleeping,25.1,YES,NO,,01/03/2023,Y6
vsafe-1-6-daily-dose1,Y64-17902-00922,s250463422273433174349970322152256877698,02/28/2021,Sensitive skin,Sensitive skin,25.1,YES,NO,,01/04/2023,Y6
vsafe-1-6-daily-dose1,Y64-17902-00922,s250667655210220112905946188164799028619,03/02/2021,Hyperhidrosis,Sweating,25.1,YES,NO,,01/05/2023,Y6
vsafe-1-6-daily-dose1,Y6D-77674-11397,s251618836973009333915382433065013530689,03/11/2021,Injection site pain,Injection site tenderness,25.1,YES,NO,,01/15/2023,Y6
vsafe-1-6-daily-dose1,Y6Z-22586-83502,s252138288921629151747375547443562815334,03/16/2021,Tenderness,Tenderness,25.1,YES,NO,,01/26/2023,Y6
vsafe-1-6-daily-dose1,Y6Z-22586-83502,s252241996037529738077682347195155222760,03/17/2021,Injection site pain,Injection site muscle pain,25.1,YES,NO,,01/27/2023,Y6
vsafe-1-6-daily-dose1,Y6Z-22586-83502,s252241996037529738077682347195155222760,03/17/2021,Myalgia,Localized muscle pain,25.1,YES,NO,,01/27/2023,Y6
vsafe-1-6-daily-dose2,Y6F-25505-37343,s252559580836097813213508431644696655817,03/20/2021,Urticaria,Welts,25.1,YES,NO,,02/01/2023,Y6
vsafe-1-6-daily-dose2,Y6F-25505-37343,s252559580836097813213508431644696655817,03/20/2021,Office visit,Office visit,25.1,YES,NO,,02/01/2023,Y6
vsafe-1-6-daily-dose2,Y6F-25505-37343,s252559580836097813213508431644696655817,03/20/2021,Self-medication,Self-medication,25.1,YES,NO,,02/01/2023,Y6
vsafe-1-6-daily-dose1,Y6W-27470-25355,s253288180918160179243836330788885528811,03/27/2021,Pneumonia,Pneumonia,25.1,YES,NO,,02/07/2023,Y6
vsafe-1-6-daily-dose1,Y6W-27470-25355,s253377912387511416951705422051569970219,03/28/2021,Pneumonia,Pneumonia,25.1,YES,NO,,02/08/2023,Y6
vsafe-0-day-dose1,Y6W-16423-71666,s253799849091225451237440415642883388208,04/01/2021,Swollen tongue,Swelling of tongue,25.1,YES,NO,,02/13/2023,Y6
vsafe-1-6-daily-dose1,Y63-22686-35918,s254334348435674949461002074220898466656,04/06/2021,Dizziness,Dizziness,25.1,YES,NO,,02/16/2023,Y6
vsafe-1-6-daily-dose2,Y6Z-22586-83502,s255168015018912169481397390727631768746,04/14/2021,Insomnia,Difficulty sleeping,25.1,YES,NO,,03/01/2023,Y6
vsafe-1-6-daily-dose2,Y6Z-22586-83502,s255168015018912169481397390727631768746,04/14/2021,Dyspepsia,Indigestion,25.1,YES,NO,,03/01/2023,Y6
vsafe-1-6-daily-dose2,Y6Z-22586-83502,s255168015018912169481397390727631768746,04/14/2021,Myalgia,Muscle ache,25.1,YES,NO,,03/01/2023,Y6
vsafe-1-6-daily-dose2,Y6Z-22586-83502,s255168015018912169481397390727631768746,04/14/2021,Headache,Headache,25.1,YES,NO,,03/01/2023,Y6
vsafe-1-6-daily-dose2,Y6Z-22586-83502,s255168015018912169481397390727631768746,04/14/2021,Fatigue,Fatigue,25.1,YES,NO,,03/01/2023,Y6
vsafe-1-6-daily-dose2,Y6R-25754-42855,s255595123104640804759005294560939786317,04/18/2021,Pruritus,Itching,26.0,YES,NO,,03/23/2023,Y6
vsafe-1-6-daily-dose2,Y6R-25754-42855,s256107854798276405471751112408649313875,04/23/2021,Oropharyngeal pain,Sore throat,25.1,YES,NO,,03/07/2023,Y6
vsafe-7-day-dose2,Y6R-25754-42855,s256413646237518121084516575923631982572,04/26/2021,Hypoaesthesia,Numbness in hand,26.0,YES,NO,,03/24/2023,Y6
vsafe-7-day-dose2,Y6R-25754-42855,s256413646237518121084516575923631982572,04/26/2021,Paraesthesia,Tingling of extremity,26.0,YES,NO,,03/24/2023,Y6
vsafe-1-6-daily-dose2,Y6A-25860-07522,s260387175316502227504011616555989890543,06/03/2021,Vision blurred,Blurry vision,26.0,YES,NO,,04/02/2023,Y6
vsafe-1-6-daily-dose2,Y6R-14765-44517,s261321934412263620882108490104410124338,06/12/2021,Decreased appetite,Decreased appetite,26.0,YES,NO,,04/04/2023,Y6
vsafe-1-6-daily-dose2,Y6R-14765-44517,s261321934412263620882108490104410124338,06/12/2021,Lactation insufficiency,Lactation decreased,26.0,YES,NO,,04/04/2023,Y6
vsafe-1-6-daily-dose1,Y67-70220-88521,s264262323508681736225989056826062847456,07/10/2021,Pharyngeal swelling,Throat swelling,26.0,YES,NO,,04/09/2023,Y6
vsafe-1-6-daily-dose1,Y67-70220-88521,s264262323508681736225989056826062847456,07/10/2021,Mouth swelling,Mouth swelling,26.0,YES,YES,04/09/2023,04/09/2023,Y6
vsafe-1-6-daily-dose1,Y67-70220-88521,s264352057411127332758590238036985561924,07/11/2021,Mouth swelling,Mouth swelling,26.0,YES,YES,04/09/2023,04/09/2023,Y6
vsafe-1-6-daily-dose1,Y67-70220-88521,s264485329163509248272121082272312622101,07/12/2021,Mouth swelling,Mouth swelling,26.0,YES,YES,04/09/2023,04/09/2023,Y6
vsafe-1-6-daily-dose1,Y67-70220-88521,s264485329163509248272121082272312622101,07/12/2021,Swollen tongue,Swollen tongue,26.0,YES,YES,04/09/2023,04/09/2023,Y6
vsafe-1-6-daily-dose1,Y67-70220-88521,s264586483672704745583175850746182289674,07/13/2021,Swollen tongue,Swelling of tongue,26.0,YES,YES,04/10/2023,04/10/2023,Y6
vsafe-1-6-daily-dose1,Y67-70220-88521,s264772336661731576816782652424590073677,07/15/2021,Mouth swelling,Mouth swelling,26.1,YES,NO,,09/14/2023,Y6
vsafe-0-day-dose2,Y67-70220-88521,s266350670496916222291440368204886227734,07/30/2021,Mouth swelling,Mouth swelling,26.0,YES,NO,,04/24/2023,Y6
vsafe-0-day-dose2,Y67-70220-88521,s266350670496916222291440368204886227734,07/30/2021,Swollen tongue,Swelling of tongue,26.0,YES,NO,,04/24/2023,Y6
vsafe-0-day-dose2,Y67-70220-88521,s266350670496916222291440368204886227734,07/30/2021,Pharyngeal swelling,Throat swelling,26.0,YES,NO,,04/24/2023,Y6
vsafe-1-6-daily-dose2,Y67-70220-88521,s266442069207318938198226910157344516563,07/31/2021,Ear pain,Earache,26.0,YES,NO,,04/27/2023,Y6
vsafe-1-6-daily-dose2,Y67-70220-88521,s266546040688303400204056320471802201681,08/01/2021,Ear pain,Earache,26.0,YES,NO,,04/28/2023,Y6
vsafe-1-6-daily-dose2,Y67-70220-88521,s266546040688303400204056320471802201681,08/01/2021,Mouth swelling,Mouth swelling,26.0,YES,NO,,04/28/2023,Y6
vsafe-1-6-daily-dose2,Y67-70220-88521,s266666324263590029763455571413690930243,08/02/2021,Ear pain,Earache,26.0,YES,NO,,05/02/2023,Y6
vsafe-1-6-daily-dose2,Y67-70220-88521,s266666324263590029763455571413690930243,08/02/2021,Mouth swelling,Mouth swelling,26.0,YES,NO,,05/02/2023,Y6
vsafe-1-6-daily-dose2,Y67-70220-88521,s266666324263590029763455571413690930243,08/02/2021,Swollen tongue,Swelling of tongue,26.0,YES,NO,,05/02/2023,Y6
vsafe-1-6-daily-dose2,Y67-70220-88521,s266758170494193228562244987578904910459,08/03/2021,Dyspnoea,Shortness of breath,26.0,YES,NO,,05/03/2023,Y6
vsafe-1-6-daily-dose2,Y67-70220-88521,s266864724695309613563266617338848012025,08/04/2021,Dyspnoea,Short of breath,26.0,YES,NO,,05/08/2023,Y6
vsafe-1-6-daily-dose2,Y67-70220-88521,s266864724695309613563266617338848012025,08/04/2021,Ear pain,Earache,26.0,YES,NO,,05/08/2023,Y6
vsafe-1-6-daily-dose2,Y67-70220-88521,s266969703953542651676613108396481734504,08/05/2021,Ear pain,Earache,26.0,YES,NO,,05/11/2023,Y6
vsafe-1-6-daily-dose2,Y67-70220-88521,s266969703953542651676613108396481734504,08/05/2021,Dyspnoea,Short of breath,26.0,YES,NO,,05/11/2023,Y6
vsafe-7-day-dose2,Y67-70220-88521,s267070759198959286472167190068885869720,08/06/2021,Dyspnoea,Short of breath,26.0,YES,NO,,05/22/2023,Y6
vsafe-7-day-dose2,Y67-70220-88521,s267070759198959286472167190068885869720,08/06/2021,Ear pain,Earache,26.0,YES,NO,,05/22/2023,Y6
vsafe-1-6-daily-dose1,Y68-83694-06582,s268420198182699512709208532529703457180,08/19/2021,Decreased appetite,Appetite lost,26.0,YES,NO,,07/07/2023,Y6
vsafe-1-6-daily-dose1,Y68-83694-06582,s268420198182699512709208532529703457180,08/19/2021,Dysgeusia,Taste peculiar,26.0,YES,NO,,07/07/2023,Y6
vsafe-1-6-daily-dose1,Y6H-21767-22241,s245677908005703086401012483594566395656,01/13/2021,Injection site pruritus,Injection site itching,25.1,YES,NO,,11/14/2022,Y6
vsafe-1-6-daily-dose1,Y6H-21767-22241,s245677908005703086401012483594566395656,01/13/2021,Injection site mass,Injection site lump,25.1,YES,NO,,11/14/2022,Y6
vsafe-1-6-daily-dose1,Y6H-21767-22241,s245677908005703086401012483594566395656,01/13/2021,Injection site erythema,Injection site redness,25.1,YES,NO,,11/14/2022,Y6
vsafe-1-6-daily-dose2,Y6M-32826-10407,s245976117313531588813187109520994374953,01/16/2021,Peripheral swelling,Hand swelling,25.1,YES,NO,,11/17/2022,Y6
vsafe-1-6-daily-dose2,Y6M-32826-10407,s245976117313531588813187109520994374953,01/16/2021,Paraesthesia,Tingling feet/hands,25.1,YES,NO,,11/17/2022,Y6
vsafe-1-6-daily-dose1,Y6B-24777-38426,s246193696373402052236023452048789534445,01/18/2021,Rhinorrhoea,Runny nose,25.1,YES,NO,,11/18/2022,Y6
vsafe-1-6-daily-dose1,Y6B-24777-38426,s246193696373402052236023452048789534445,01/18/2021,Abnormal dreams,Vivid dreams,25.1,YES,NO,,11/18/2022,Y6
vsafe-1-6-daily-dose1,Y6P-58230-92659,s246715282770813585175969202819205589942,01/23/2021,Restlessness,Restless,25.1,NO,NO,06/01/2023,11/22/2022,Y6
vsafe-1-6-daily-dose1,Y6P-58230-92659,s246715282770813585175969202819205589942,01/23/2021,Nightmare,Nightmare,25.1,NO,NO,06/01/2023,11/22/2022,Y6
vsafe-1-6-daily-dose1,Y6P-58230-92659,s246715282770813585175969202819205589942,01/23/2021,Poor quality sleep,Sleep restless,26.0,YES,YES,06/01/2023,11/22/2022,Y6
vsafe-1-6-daily-dose1,Y6P-58230-92659,s246715282770813585175969202819205589942,01/23/2021,Nightmare,Nightmares,26.0,YES,YES,06/01/2023,11/22/2022,Y6
vsafe-1-6-daily-dose1,Y6P-58230-92659,s246914007306994093174931493117712011659,01/25/2021,Muscle spasms,Muscle cramp,25.1,YES,NO,,11/23/2022,Y6
vsafe-1-6-daily-dose1,Y6P-58230-92659,s246914007306994093174931493117712011659,01/25/2021,Muscle spasms,Leg cramps,25.1,YES,NO,,11/23/2022,Y6
vsafe-1-6-daily-dose2,Y6P-58230-92659,s249862753751048594521796373818469173348,02/22/2021,Pruritus,Itching,25.1,YES,NO,,12/29/2022,Y6
vsafe-1-6-daily-dose2,Y63-21218-40468,s250675549955676424633456361108018969149,03/02/2021,Rash,Rash,25.1,YES,NO,,01/06/2023,Y6
vsafe-1-6-daily-dose2,Y63-21218-40468,s250675549955676424633456361108018969149,03/02/2021,Malaise,Feeling sick,25.1,YES,NO,,01/06/2023,Y6
vsafe-1-6-daily-dose2,Y63-21218-40468,s250675549955676424633456361108018969149,03/02/2021,Fatigue,Fatigue,25.1,YES,NO,,01/06/2023,Y6
vsafe-1-6-daily-dose2,Y63-21218-40468,s250675549955676424633456361108018969149,03/02/2021,Feeling hot,Feeling of warmth,25.1,YES,NO,,01/06/2023,Y6
vsafe-1-6-daily-dose2,Y63-21218-40468,s250675549955676424633456361108018969149,03/02/2021,Peripheral swelling,Swelling arm,25.1,YES,NO,,01/06/2023,Y6
vsafe-0-day-dose2,Y6F-29525-99907,s250892434550544141876439168972457956452,03/04/2021,Oropharyngeal pain,Sore throat,25.1,YES,NO,,01/08/2023,Y6
vsafe-0-day-dose2,Y6F-29525-99907,s250892434550544141876439168972457956452,03/04/2021,Ear discomfort,Ear feels clogged,25.1,YES,NO,,01/08/2023,Y6
vsafe-0-day-dose2,Y6F-29525-99907,s250892434550544141876439168972457956452,03/04/2021,Pruritus,Itchy,25.1,YES,NO,,01/08/2023,Y6
vsafe-1-6-daily-dose2,Y6F-29525-99907,s250993418434450706395478030546996167511,03/05/2021,Respiratory tract congestion,Respiratory tract congestion,25.1,YES,NO,,01/09/2023,Y6
vsafe-1-6-daily-dose2,Y6F-29525-99907,s250993418434450706395478030546996167511,03/05/2021,Oropharyngeal pain,Sore throat,25.1,YES,NO,,01/09/2023,Y6
vsafe-1-6-daily-dose2,Y6F-29525-99907,s250993418434450706395478030546996167511,03/05/2021,Pruritus,Itchy,25.1,YES,NO,,01/09/2023,Y6
vsafe-0-day-dose1,Y6Z-21635-30296,s251521854531202976480339272401551004324,03/10/2021,Paraesthesia oral,Tingling tongue,25.1,YES,NO,,01/13/2023,Y6
vsafe-0-day-dose1,Y6Z-21635-30296,s251521854531202976480339272401551004324,03/10/2021,Immediate post-injection reaction,Immediate post-injection reaction,25.1,YES,NO,,01/13/2023,Y6
vsafe-1-6-daily-dose1,Y6Z-21635-30296,s251714593792958961003316363837152349765,03/12/2021,Rhinorrhoea,Sniffles,25.1,YES,NO,,01/23/2023,Y6
vsafe-1-6-daily-dose1,Y6W-29400-94733,s251819329022851762104890116402641032918,03/13/2021,Toothache,Tooth pain,25.1,YES,NO,,01/24/2023,Y6
vsafe-1-6-daily-dose1,Y6Z-21635-30296,s251820800051115913128242985317150928690,03/13/2021,Sneezing,Sneezing,25.1,YES,NO,,01/24/2023,Y6
vsafe-1-6-daily-dose1,Y6Z-21635-30296,s252019347691364012447027445727478031364,03/15/2021,Paraesthesia oral,Tingling tongue,25.1,YES,NO,,01/25/2023,Y6
vsafe-7-day-dose1,Y6Z-21635-30296,s252234740549459731049167444522983683789,03/17/2021,Unevaluable event,Reaction unevaluable,25.1,YES,NO,,01/28/2023,Y6
vsafe-1-6-daily-dose1,Y6S-18382-72493,s252458807631233216721804394557573053507,03/19/2021,Dizziness,Dizzy,25.1,YES,NO,,01/31/2023,Y6
vsafe-1-6-daily-dose1,Y6B-31930-66958,s252657591206199708868756037055053217838,03/21/2021,Disorientation,Disorientation,25.1,YES,NO,,02/01/2023,Y6
vsafe-1-6-daily-dose1,Y6B-31930-66958,s252657591206199708868756037055053217838,03/21/2021,Dyspnoea exertional,Dyspnea exertional,25.1,YES,NO,,02/01/2023,Y6
vsafe-1-6-daily-dose1,Y69-20648-69869,s252970364719918300987799986599226945566,03/24/2021,Hot flush,Hot flush,25.1,YES,NO,,02/03/2023,Y6
vsafe-1-6-daily-dose1,Y69-20648-69869,s253186898753487529759450723340574708458,03/26/2021,Rhinorrhoea,Sniffles,25.1,YES,NO,,02/07/2023,Y6
vsafe-1-6-daily-dose1,Y69-20648-69869,s253186898753487529759450723340574708458,03/26/2021,Cough,Cough,25.1,YES,NO,,02/07/2023,Y6
vsafe-1-6-daily-dose1,Y69-20648-69869,s253310189974560112452538215146258593536,03/27/2021,Rhinorrhoea,Sniffles,25.1,YES,NO,,02/07/2023,Y6
vsafe-1-6-daily-dose1,Y69-20648-69869,s253310189974560112452538215146258593536,03/27/2021,Cough,Cough,25.1,YES,NO,,02/07/2023,Y6
vsafe-1-6-daily-dose2,Y6F-20420-92961,s253279031067894716810206734887835824717,03/27/2021,Abdominal distension,Bloating,25.1,YES,NO,,02/08/2023,Y6
vsafe-1-6-daily-dose1,Y69-20648-69869,s253412145000310992651778956775628880050,03/28/2021,Rhinorrhoea,Sniffles,25.1,YES,NO,,02/08/2023,Y6
vsafe-1-6-daily-dose1,Y69-20648-69869,s253492763653205259429318787890779164108,03/29/2021,Rhinorrhoea,Sniffles,25.1,YES,NO,,02/09/2023,Y6
vsafe-1-6-daily-dose1,Y69-68421-93954,s253800170898982620959202414579675732616,04/01/2021,Respiratory tract congestion,Respiratory tract congestion,25.1,YES,NO,,02/13/2023,Y6
vsafe-1-6-daily-dose2,Y6J-32598-53847,s255357215594159947274818415128920873627,04/16/2021,Pain,Ache,25.1,YES,NO,,03/01/2023,Y6
vsafe-1-6-daily-dose2,Y6J-32598-53847,s255357215594159947274818415128920873627,04/16/2021,Chills,Chills,25.1,YES,NO,,03/01/2023,Y6
vsafe-1-6-daily-dose2,Y6J-32598-53847,s255357215594159947274818415128920873627,04/16/2021,Diarrhoea,Diarrhea,25.1,YES,NO,,03/01/2023,Y6
vsafe-1-6-daily-dose2,Y6J-32598-53847,s255357215594159947274818415128920873627,04/16/2021,Pyrexia,Fever,25.1,YES,NO,,03/01/2023,Y6
vsafe-1-6-daily-dose2,Y6J-32598-53847,s255357215594159947274818415128920873627,04/16/2021,Nausea,Nausea,25.1,YES,NO,,03/01/2023,Y6
vsafe-1-6-daily-dose2,Y6J-32598-53847,s255357215594159947274818415128920873627,04/16/2021,Muscle spasms,Cramps,25.1,YES,NO,,03/01/2023,Y6
vsafe-1-6-daily-dose2,Y6B-31930-66958,s256005922672455347311256973958814772697,04/22/2021,Irritability,Irritability,25.1,YES,NO,,03/07/2023,Y6
vsafe-1-6-daily-dose1,Y6W-26397-26417,s257050040566367897444830155639504945004,05/02/2021,Vision blurred,Blurry vision,26.0,YES,NO,,03/14/2023,Y6
vsafe-1-6-daily-dose1,Y6W-26397-26417,s257357898647902504236200723446636399376,05/05/2021,Dyspepsia,Indigestion,26.0,YES,NO,,03/15/2023,Y6
vsafe-7-day-dose3,Y6H-21511-36453,s268829513798519977431179844066304754700,08/23/2021,Burning sensation,Burning sensation,26.0,YES,NO,,07/24/2023,Y6
vsafe-7-day-dose3,Y6H-21511-36453,s268829513798519977431179844066304754700,08/23/2021,Sensory disturbance,Abnormal physical sensation,26.0,YES,NO,,07/24/2023,Y6
vsafe-1-6-daily-dose1,Y6F-14350-49169,s242937953755840145319656693166200501004,12/18/2020,Dizziness,Dizziness,25.1,YES,NO,,10/19/2022,Y6
vsafe-0-day-dose2,Y63-25923-31313,s245274168630867034787445250547828540679,01/09/2021,Paraesthesia,Tingling of extremity,25.1,YES,NO,,11/09/2022,Y6
vsafe-1-6-daily-dose2,Y63-25923-31313,s245337974742899524342069984174382165989,01/10/2021,Hypoaesthesia,Numbness in fingers,25.1,YES,NO,,11/10/2022,Y6
vsafe-1-6-daily-dose2,Y63-25923-31313,s245337974742899524342069984174382165989,01/10/2021,Peripheral coldness,Fingers cold feeling of,25.1,YES,NO,,11/10/2022,Y6
vsafe-1-6-daily-dose2,Y63-25923-31313,s245473604373462576242116210576266515021,01/11/2021,Gastrointestinal sounds abnormal,Gastrointestinal sounds abnormal,25.1,YES,NO,,11/10/2022,Y6
vsafe-1-6-daily-dose1,Y6Y-11352-43692,s245677800601276614163070209384711378751,01/13/2021,Pain in extremity,Pain in arm,25.1,YES,NO,,11/14/2022,Y6
vsafe-1-6-daily-dose1,Y6Y-11352-43692,s245785256488084563788257398468393996322,01/14/2021,Unevaluable event,Reaction unevaluable,25.1,YES,NO,,11/15/2022,Y6
vsafe-1-6-daily-dose1,Y6V-28040-00879,s246707800878215107511262337104607854312,01/23/2021,Lymphadenitis,Lymph node inflammation,25.1,YES,NO,,11/22/2022,Y6
vsafe-1-6-daily-dose2,Y6D-15549-24170,s247126015935427903535207680928547242927,01/27/2021,Headache,Headache,25.1,YES,NO,,11/28/2022,Y6
vsafe-0-day-dose2,Y62-30084-17853,s248473679467343898017927312933923746244,02/09/2021,Poor quality sleep,Poor sleep,25.1,YES,NO,,12/14/2022,Y6
vsafe-0-day-dose2,Y62-30084-17853,s248473679467343898017927312933923746244,02/09/2021,Fatigue,Tiredness,25.1,YES,NO,,12/14/2022,Y6
vsafe-1-6-daily-dose2,Y62-30084-17853,s248788461113160469113315129575833476933,02/12/2021,Fatigue,Tiredness,25.1,YES,NO,,12/20/2022,Y6
vsafe-1-6-daily-dose2,Y62-30084-17853,s248909046656707899844647887672059807733,02/13/2021,Fatigue,Tiredness,25.1,YES,NO,,12/21/2022,Y6
vsafe-1-6-daily-dose2,Y62-30084-17853,s248909046656707899844647887672059807733,02/13/2021,Insomnia,Difficulty sleeping,25.1,YES,NO,,12/21/2022,Y6
vsafe-1-6-daily-dose2,Y62-30084-17853,s249110292436283126282850357057057082235,02/15/2021,Pruritus,Itching,25.1,YES,NO,,12/22/2022,Y6
vsafe-7-day-dose2,Y62-30084-17853,s249206668181556769811705852888112312402,02/16/2021,Fatigue,Tiredness,25.1,YES,NO,,12/23/2022,Y6
vsafe-1-6-daily-dose1,Y65-12388-42506,s250773405473928850668991318448797293393,03/03/2021,Peripheral swelling,Swelling of feet,25.1,YES,NO,,01/06/2023,Y6
vsafe-1-6-daily-dose1,Y65-12388-42506,s250773405473928850668991318448797293393,03/03/2021,Peripheral swelling,Swelling of legs,25.1,YES,NO,,01/06/2023,Y6
vsafe-1-6-daily-dose1,Y65-12388-42506,s250877173408351163952947893217822157476,03/04/2021,Peripheral swelling,Swelling of legs,25.1,YES,NO,,01/09/2023,Y6
vsafe-1-6-daily-dose1,Y65-12388-42506,s250877173408351163952947893217822157476,03/04/2021,Peripheral swelling,Swelling of feet,25.1,YES,NO,,01/09/2023,Y6
vsafe-1-6-daily-dose1,Y6M-10547-24375,s250884808966285152433065905568847905334,03/04/2021,Oropharyngeal pain,Sore throat,25.1,YES,NO,,01/09/2023,Y6
vsafe-1-6-daily-dose1,Y6M-10547-24375,s250884808966285152433065905568847905334,03/04/2021,Ear pain,Ear ache,25.1,YES,NO,,01/09/2023,Y6
vsafe-1-6-daily-dose1,Y65-12388-42506,s250982173282048361781241663809835922662,03/05/2021,Peripheral swelling,Swelling of legs,25.1,YES,NO,,01/09/2023,Y6
vsafe-1-6-daily-dose1,Y65-12388-42506,s250982173282048361781241663809835922662,03/05/2021,Peripheral swelling,Swelling of feet,25.1,YES,NO,,01/09/2023,Y6
vsafe-1-6-daily-dose1,Y6M-10547-24375,s250989775027633336424524612548120159139,03/05/2021,Neck pain,Neck pain,25.1,YES,NO,,01/09/2023,Y6
vsafe-7-day-dose1,Y65-12388-42506,s251085801359846416763132416773839297690,03/06/2021,Eye haemorrhage,Broken blood vessel in eye,25.1,YES,NO,,01/10/2023,Y6
vsafe-1-6-daily-dose1,Y6M-10547-24375,s251089417544703789052382502453684908494,03/06/2021,Musculoskeletal stiffness,Stiff neck,25.1,YES,NO,,01/10/2023,Y6
vsafe-7-day-dose1,Y6M-10547-24375,s251404176681691302930327585172407088124,03/09/2021,Neck pain,Neck pain,25.1,YES,NO,,01/12/2023,Y6
vsafe-1-6-daily-dose2,Y6F-12542-04423,s251710760743346301034011963451293481660,03/12/2021,Flushing,Facial flushing,25.1,YES,NO,,01/23/2023,Y6
vsafe-1-6-daily-dose1,Y62-20922-34445,s252027985378988454509442683985147358597,03/15/2021,No adverse event,No adverse reaction,25.1,YES,NO,,01/25/2023,Y6
vsafe-1-6-daily-dose1,Y62-20922-34445,s252132206939743714064608143980832099756,03/16/2021,No adverse event,No adverse reaction,25.1,YES,NO,,01/26/2023,Y6
vsafe-0-day-dose2,Y62-20257-51628,s252858413327701777921578376576700675277,03/23/2021,Paraesthesia,Tingling,25.1,YES,NO,,02/02/2023,Y6
vsafe-1-6-daily-dose2,Y6M-10547-24375,s252967331070589907934368767085688529708,03/24/2021,Lymphadenopathy,Lymph nodes cervical swollen,25.1,YES,NO,,02/03/2023,Y6
vsafe-1-6-daily-dose2,Y6M-10547-24375,s252967331070589907934368767085688529708,03/24/2021,Pain,General body pain,25.1,YES,NO,,02/03/2023,Y6
vsafe-1-6-daily-dose2,Y6M-14638-15385,s252967318035955424531371892586343737610,03/24/2021,Pain in extremity,Pain legs,25.1,YES,NO,,02/03/2023,Y6
vsafe-1-6-daily-dose2,Y6M-10547-24375,s253071759087184309347271316649252921380,03/25/2021,Neck pain,Neck pain,25.1,YES,NO,,02/06/2023,Y6
vsafe-1-6-daily-dose1,Y6Q-16253-10473,s253596557422413526081663255170207346438,03/30/2021,Pain in extremity,Pain in arm,25.1,YES,NO,,02/09/2023,Y6
vsafe-1-6-daily-dose2,Y62-20922-34445,s254010927794976075556798933156659603205,04/03/2021,No adverse event,No adverse reaction,25.1,YES,NO,,02/15/2023,Y6
vsafe-1-6-daily-dose2,Y6C-23561-14447,s254010657939452642715025552210842547729,04/03/2021,Lymphadenopathy,Swollen lymph nodes,25.1,YES,NO,,02/15/2023,Y6
vsafe-1-6-daily-dose2,Y62-20922-34445,s254113770861326385391153334274067433426,04/04/2021,No adverse event,No adverse reaction,25.1,YES,NO,,02/15/2023,Y6
vsafe-1-6-daily-dose2,Y62-20922-34445,s254218536371053517242440961614861189427,04/05/2021,No adverse event,No adverse reaction,25.1,YES,NO,,02/16/2023,Y6
vsafe-1-6-daily-dose1,Y6A-32038-42396,s254546471624193270739017883450805465938,04/08/2021,Heart rate increased,Heart rate high,25.1,YES,NO,,02/20/2023,Y6
vsafe-1-6-daily-dose1,Y6E-32439-52539,s255269573004241380395221130114203565448,04/15/2021,Respiratory tract congestion,Respiratory tract congestion,25.1,YES,NO,,02/28/2023,Y6
vsafe-1-6-daily-dose1,Y6E-32439-52539,s255269573004241380395221130114203565448,04/15/2021,Sneezing,Sneezing,25.1,YES,NO,,02/28/2023,Y6
vsafe-1-6-daily-dose1,Y6E-32439-52539,s255269573004241380395221130114203565448,04/15/2021,Oropharyngeal pain,Sore throat,25.1,YES,NO,,02/28/2023,Y6
vsafe-1-6-daily-dose1,Y6E-32439-52539,s255474473373389670980133130305119330873,04/17/2021,Oropharyngeal pain,Sore throat,25.1,YES,NO,,03/02/2023,Y6
vsafe-7-day-dose1,Y6E-32439-52539,s255632559172711407907510993498780894750,04/19/2021,Respiratory tract congestion,Respiratory tract congestion,26.0,YES,NO,,03/23/2023,Y6
vsafe-7-day-dose1,Y6E-32439-52539,s255632559172711407907510993498780894750,04/19/2021,Oropharyngeal pain,Sore throat,26.0,YES,NO,,03/23/2023,Y6
vsafe-0-day-dose2,Y6K-26931-15078,s256313275025580287822587380138703988366,04/25/2021,Dizziness,Dizziness,25.1,YES,NO,,03/08/2023,Y6
vsafe-1-6-daily-dose2,Y6K-26931-15078,s256418162829534017981787946256876322959,04/26/2021,Vertigo,Vertigo,26.0,YES,NO,,03/23/2023,Y6
vsafe-7-day-dose2,Y6H-30854-27192,s257143166339979954130500558664118181718,05/03/2021,Chest discomfort,Chest tightness,25.1,YES,NO,,03/14/2023,Y6
vsafe-1-6-daily-dose2,Y6E-32439-52539,s257354037439420207591104888136425669764,05/05/2021,Unevaluable event,Reaction unevaluable,25.1,NO,NO,05/25/2023,03/15/2023,Y6
vsafe-1-6-daily-dose2,Y6E-32439-52539,s257354037439420207591104888136425669764,05/05/2021,Road traffic accident,Automobile accident,26.0,YES,NO,,03/15/2023,Y6
vsafe-1-6-daily-dose2,Y6E-32439-52539,s257457979267244513666847059751828380817,05/06/2021,Unevaluable event,Reaction unevaluable,26.0,YES,NO,,03/16/2023,Y6
vsafe-1-6-daily-dose2,Y6H-17145-66682,s259229967822184471211560585496753771836,05/23/2021,Pneumonia,Pneumonia,26.0,YES,NO,,03/29/2023,Y6
vsafe-1-6-daily-dose1,Y68-83598-69134,s243352954086997068236343815113160671920,12/22/2020,Migraine,Migraine,25.1,YES,NO,,10/24/2022,Y6
vsafe-1-6-daily-dose1,Y6V-31947-79010,s244498961104364168282758973712893624535,01/02/2021,Dizziness,Light headedness,25.1,YES,NO,,11/03/2022,Y6
vsafe-7-day-dose1,Y6V-26870-24456,s245023363765341954004156678114606989310,01/07/2021,Dizziness,Light headedness,25.1,YES,NO,,11/08/2022,Y6
vsafe-1-6-daily-dose1,Y6C-16644-42691,s245451922225013859317032113874758416182,01/11/2021,Dizziness,Light-headed,25.1,YES,NO,,11/10/2022,Y6
vsafe-0-day-dose2,Y65-30400-18028,s245551941273990666521063937494026425228,01/12/2021,Rhinorrhoea,Sniffles,25.1,YES,NO,,11/11/2022,Y6
vsafe-0-day-dose2,Y65-30400-18028,s245551941273990666521063937494026425228,01/12/2021,Sneezing,Sneezing,25.1,YES,NO,,11/11/2022,Y6
vsafe-7-day-dose1,Y68-16469-22052,s245864119951038615847705427710378141208,01/15/2021,Dizziness,Dizziness,25.1,YES,NO,,11/16/2022,Y6
vsafe-1-6-daily-dose2,Y6T-15497-66434,s246292043137821925036097371619388478919,01/19/2021,Vitreous floaters,Floaters,25.1,YES,NO,,11/18/2022,Y6
vsafe-1-6-daily-dose1,Y6G-28063-52891,s246507599684812101385473781759994411545,01/21/2021,Cough,Dry cough,25.1,YES,NO,,11/21/2022,Y6
vsafe-1-6-daily-dose1,Y6C-32759-19791,s247020696089666542260334790455088266142,01/26/2021,Chest pain,Chest pain,25.1,YES,NO,,11/25/2022,Y6
vsafe-1-6-daily-dose1,Y6M-28171-70853,s247011719101660624511150373212544219437,01/26/2021,Upper-airway cough syndrome,Postnasal drip,25.1,YES,NO,,11/25/2022,Y6
vsafe-0-day-dose2,Y6U-64894-76816,s247114184953229782440054453569225128958,01/27/2021,Nausea,Nausea,25.1,YES,NO,,11/27/2022,Y6
vsafe-0-day-dose2,Y6U-64894-76816,s247114184953229782440054453569225128958,01/27/2021,Immediate post-injection reaction,Immediate post-injection reaction,25.1,YES,NO,,11/27/2022,Y6
vsafe-1-6-daily-dose2,Y6G-28063-52891,s248277194099638950694909347881720354978,02/07/2021,Lymphadenopathy,Axillary lymph nodes enlarged,25.1,YES,NO,,12/12/2022,Y6
vsafe-1-6-daily-dose2,Y6G-28063-52891,s248277194099638950694909347881720354978,02/07/2021,Lymph node pain,Lymph node pain,25.1,YES,NO,,12/12/2022,Y6
vsafe-1-6-daily-dose2,Y6G-28063-52891,s248277194099638950694909347881720354978,02/07/2021,Vision blurred,Difficulty focusing eyes,25.1,YES,NO,,12/12/2022,Y6
vsafe-1-6-daily-dose2,Y6G-28063-52891,s248277194099638950694909347881720354978,02/07/2021,Heat therapy,Heat therapy,25.1,YES,NO,,12/12/2022,Y6
vsafe-1-6-daily-dose2,Y6G-28063-52891,s248277194099638950694909347881720354978,02/07/2021,Abdominal pain upper,Left upper quadrant pain,25.1,YES,NO,,12/12/2022,Y6
vsafe-1-6-daily-dose2,Y6G-28063-52891,s248277194099638950694909347881720354978,02/07/2021,Pulmonary pain,Lung pain,25.1,YES,NO,,12/12/2022,Y6
vsafe-1-6-daily-dose2,Y6G-28063-52891,s248277194099638950694909347881720354978,02/07/2021,Headache,Occipital headache,25.1,YES,NO,,12/12/2022,Y6
vsafe-1-6-daily-dose2,Y6G-28063-52891,s248277194099638950694909347881720354978,02/07/2021,Neck pain,Cervical pain,25.1,YES,NO,,12/12/2022,Y6
vsafe-1-6-daily-dose2,Y6G-28063-52891,s248277194099638950694909347881720354978,02/07/2021,Chest pain,Thoracic pain,25.1,YES,NO,,12/12/2022,Y6
vsafe-1-6-daily-dose2,Y6G-28063-52891,s248277194099638950694909347881720354978,02/07/2021,Hypersomnia,Sleep excessive,25.1,YES,NO,,12/12/2022,Y6
vsafe-1-6-daily-dose2,Y6G-28063-52891,s248395613644884258675818149086633835708,02/08/2021,Chest pain,Chest pain,25.1,YES,NO,,12/13/2022,Y6
vsafe-1-6-daily-dose2,Y6G-28063-52891,s248395613644884258675818149086633835708,02/08/2021,Pulmonary pain,Lung pain,25.1,YES,NO,,12/13/2022,Y6
vsafe-1-6-daily-dose2,Y6G-28063-52891,s248395613644884258675818149086633835708,02/08/2021,Abdominal pain,Abdominal pain,25.1,YES,NO,,12/13/2022,Y6
vsafe-1-6-daily-dose2,Y6G-28063-52891,s248395613644884258675818149086633835708,02/08/2021,Lymphadenopathy,Axillary lymph nodes enlarged,25.1,YES,NO,,12/13/2022,Y6
vsafe-1-6-daily-dose2,Y6G-28063-52891,s248481316907740069285534024591146144210,02/09/2021,Rash,Scalp rash,25.1,YES,NO,,12/15/2022,Y6
vsafe-1-6-daily-dose2,Y6G-28063-52891,s248692055812582109011019203796800263840,02/11/2021,Somnolence,Excessive daytime sleepiness,25.1,YES,NO,,12/19/2022,Y6
vsafe-0-day-dose1,Y6L-94286-71822,s248807543213599304146037024944554659564,02/12/2021,Throat irritation,Scratchy throat,25.1,YES,NO,,12/20/2022,Y6
vsafe-1-6-daily-dose1,Y6L-94286-71822,s248899856747814059150069462672350048254,02/13/2021,Nasal congestion,Nasal stuffiness,25.1,YES,NO,,12/21/2022,Y6
vsafe-1-6-daily-dose1,Y6L-94286-71822,s249106238298899418110087043776980335023,02/15/2021,Cough,Dry cough,25.1,YES,NO,,12/22/2022,Y6
vsafe-1-6-daily-dose1,Y6L-94286-71822,s249210719946136591858336968528731238470,02/16/2021,Cough,Cough,25.1,YES,NO,,12/23/2022,Y6
vsafe-1-6-daily-dose1,Y6L-94286-71822,s249210719946136591858336968528731238470,02/16/2021,Nasal congestion,Nasal stuffiness,25.1,YES,NO,,12/23/2022,Y6
vsafe-1-6-daily-dose1,Y6L-94286-71822,s249317945967159394210140829608806355586,02/17/2021,Cough,Cough,25.1,YES,NO,,12/23/2022,Y6
vsafe-1-6-daily-dose1,Y6L-94286-71822,s249420757122722560955123749044487901497,02/18/2021,Cough,Cough,25.1,YES,NO,,12/27/2022,Y6
vsafe-1-6-daily-dose1,Y6L-94286-71822,s249420757122722560955123749044487901497,02/18/2021,Nasal congestion,Nasal stuffiness,25.1,YES,NO,,12/27/2022,Y6
vsafe-0-day-dose2,Y6L-94286-71822,s251841035065057250252781857200826620396,03/13/2021,Memory impairment,Forgetfulness,25.1,YES,NO,,01/24/2023,Y6
vsafe-1-6-daily-dose1,Y6C-23910-28736,s251816590948650050993731754850385591578,03/13/2021,Dyspnoea,Shortness of breath,25.1,YES,NO,,01/24/2023,Y6
vsafe-1-6-daily-dose2,Y6L-94286-71822,s252239028249847651432756169872218133526,03/17/2021,Circadian rhythm sleep disorder,Sleep-wake schedule disorder,25.1,YES,NO,,01/27/2023,Y6
vsafe-1-6-daily-dose2,Y6L-94286-71822,s252453473487315746734042337548283047327,03/19/2021,Musculoskeletal stiffness,Neck stiff,25.1,YES,NO,,01/31/2023,Y6
vsafe-7-day-dose2,Y6L-94286-71822,s252548158011570866012333410164107024560,03/20/2021,Abnormal sleep-related event,Abnormal sleep-related event,25.1,YES,NO,,02/01/2023,Y6
vsafe-1-6-daily-dose1,Y64-26023-60011,s253067808880709775022835958992354344897,03/25/2021,Pain in extremity,Pain in arm,25.1,YES,NO,,02/06/2023,Y6
vsafe-1-6-daily-dose1,Y6J-14928-17518,s254426743870608297820553055714505583341,04/07/2021,Oral herpes,Cold sores,25.1,YES,NO,,02/17/2023,Y6
vsafe-1-6-daily-dose1,Y6U-81196-24775,s255475627278922791341514627639793072455,04/17/2021,Breast feeding,Breast feeding,25.1,YES,NO,,03/02/2023,Y6
vsafe-1-6-daily-dose2,Y6P-21337-34370,s255899019836664706025569091914394425767,04/21/2021,Lymphadenopathy,Axillary lymph nodes enlarged,25.1,YES,NO,,03/06/2023,Y6
vsafe-1-6-daily-dose2,Y6P-21337-34370,s255899019836664706025569091914394425767,04/21/2021,Lymph node pain,Lymph node pain,25.1,YES,NO,,03/06/2023,Y6
vsafe-1-6-daily-dose2,Y6P-21337-34370,s256007622826675032722095502568540793293,04/22/2021,Lymphadenopathy,Axillary lymph nodes enlarged,25.1,YES,NO,,03/07/2023,Y6
vsafe-1-6-daily-dose2,Y6P-21337-34370,s256007622826675032722095502568540793293,04/22/2021,Lymph node pain,Lymph node pain,25.1,YES,NO,,03/07/2023,Y6
vsafe-1-6-daily-dose2,Y6P-21337-34370,s256105493846215572072769519924567232371,04/23/2021,Lymphadenopathy,Axillary lymph nodes enlarged,25.1,YES,NO,,03/07/2023,Y6
vsafe-1-6-daily-dose2,Y6P-21337-34370,s256105493846215572072769519924567232371,04/23/2021,Lymphadenopathy,Supraclavicular lymph nodes enlarged,25.1,YES,NO,,03/07/2023,Y6
vsafe-1-6-daily-dose2,Y6P-21337-34370,s256214720026658548500495433776738529143,04/24/2021,Lymphadenopathy,Axillary lymph nodes enlarged,25.1,YES,NO,,03/08/2023,Y6
vsafe-1-6-daily-dose2,Y6P-21337-34370,s256313831397122893862625002569440360711,04/25/2021,Lymphadenopathy,Axillary lymph nodes enlarged,25.1,YES,NO,,03/09/2023,Y6
vsafe-1-6-daily-dose2,Y6P-21337-34370,s256416744519023875889987628562836548985,04/26/2021,Lymphadenopathy,Axillary lymph nodes enlarged,26.0,YES,NO,,03/23/2023,Y6
vsafe-7-day-dose2,Y6P-21337-34370,s256529357448522132828917675985054894234,04/27/2021,Lymphadenopathy,Axillary lymph nodes enlarged,26.0,YES,NO,,03/24/2023,Y6
vsafe-1-6-daily-dose2,Y6V-10071-28103,s258598609056190752154834165665666598384,05/17/2021,Injection site pain,Injection site muscle pain,26.0,YES,NO,,03/22/2023,Y6
vsafe-1-6-daily-dose2,Y64-18058-73409,s270196385786213045887101029954630638476,09/05/2021,Lymphadenopathy,Swollen lymph nodes,26.1,YES,NO,,09/07/2023,Y6
vsafe-1-6-daily-dose2,Y64-18058-73409,s270316550378568326482868746247832533459,09/06/2021,Lymphadenopathy,Supraclavicular lymphadenopathy,26.1,YES,NO,,09/11/2023,Y6
vsafe-1-6-daily-dose2,Y68-16851-64421,s245241390412236126483457986150953265797,01/09/2021,Feeling abnormal,Weird feeling,25.1,YES,NO,,11/09/2022,Y6
vsafe-0-day-dose1,Y6J-17680-18844,s245484084388463254848254167951845503790,01/11/2021,Tremor,Shaking,25.1,YES,NO,,11/10/2022,Y6
vsafe-0-day-dose1,Y6J-17680-18844,s245484084388463254848254167951845503790,01/11/2021,Feeling cold,Feeling cold,25.1,YES,YES,01/20/2023,11/10/2022,Y6
vsafe-0-day-dose1,Y67-25184-98495,s245578631981261584940948061595800076052,01/12/2021,Unevaluable event,Reaction unevaluable,25.1,NO,NO,01/20/2023,11/11/2022,Y6
vsafe-0-day-dose1,Y67-25184-98495,s245578631981261584940948061595800076052,01/12/2021,No adverse event,No adverse reaction,25.1,YES,YES,01/20/2023,11/11/2022,Y6
vsafe-1-6-daily-dose1,Y6J-17680-18844,s245554212600505979295133659744722124505,01/12/2021,Paraesthesia,Tingling feet/hands,25.1,YES,NO,,11/11/2022,Y6
vsafe-1-6-daily-dose1,Y6J-17680-18844,s245668985288931761097447118933280320087,01/13/2021,Cough,Coughing,25.1,YES,NO,,11/14/2022,Y6
vsafe-1-6-daily-dose1,Y67-25184-98495,s245879678105007542122152252599891011910,01/15/2021,Oropharyngeal pain,Sore throat,25.1,YES,NO,,11/16/2022,Y6
vsafe-1-6-daily-dose1,Y6H-18421-60488,s245875532047500626068218409004521113270,01/15/2021,Tinnitus,Tinnitus,25.1,YES,NO,,11/16/2022,Y6
vsafe-1-6-daily-dose1,Y6J-17680-18844,s245970634448963153835968708166113953573,01/16/2021,Unevaluable event,Reaction unevaluable,25.1,YES,NO,,11/16/2022,Y6
vsafe-1-6-daily-dose1,Y6H-18421-60488,s246077104986013469376353842008328689774,01/17/2021,Tinnitus,Tinnitus,25.1,YES,NO,,11/17/2022,Y6
vsafe-1-6-daily-dose1,Y6H-18421-60488,s246201445257974983936607823975406031046,01/18/2021,Tinnitus,Tinnitus,25.1,YES,NO,,11/18/2022,Y6
vsafe-7-day-dose1,Y6H-18421-60488,s246289294029926790496625754248835689536,01/19/2021,Tinnitus,Tinnitus,25.1,YES,NO,,11/21/2022,Y6
vsafe-1-6-daily-dose1,Y6L-59814-66705,s246515809104345296150569682486614971689,01/21/2021,Pruritus,Itchy skin,25.1,YES,NO,,11/21/2022,Y6
vsafe-7-day-dose2,Y6N-79590-94495,s248585778171346173252403051639750719910,02/10/2021,Feeling abnormal,Feeling abnormal,25.1,YES,NO,,12/19/2022,Y6
vsafe-1-6-daily-dose1,Y6S-29141-83319,s248799724322998846121918199960108164491,02/12/2021,Eye swelling,Eye swelling,25.1,YES,NO,,12/20/2022,Y6
vsafe-1-6-daily-dose1,Y6G-20302-16534,s248895923066176704470315979752742775551,02/13/2021,Dysgeusia,Taste peculiar,25.1,YES,NO,,12/21/2022,Y6
vsafe-1-6-daily-dose1,Y6S-29141-83319,s248894502048470229566110841033525466545,02/13/2021,Swelling of eyelid,Swollen eyelid,25.1,YES,NO,,12/21/2022,Y6
vsafe-1-6-daily-dose2,Y6B-14240-39795,s249744865971285435146563457510277778086,02/21/2021,Decreased appetite,Appetite lost,25.1,YES,NO,,12/29/2022,Y6
vsafe-1-6-daily-dose2,Y6B-14240-39795,s249744865971285435146563457510277778086,02/21/2021,Hyperhidrosis,Sweating,25.1,YES,NO,,12/29/2022,Y6
vsafe-1-6-daily-dose2,Y6B-14240-39795,s249744865971285435146563457510277778086,02/21/2021,Tremor,Shaking,25.1,YES,NO,,12/29/2022,Y6
vsafe-0-day-dose2,Y6M-10336-94926,s252335984277791000838377682839257356815,03/18/2021,Fatigue,Tiredness,25.1,YES,NO,,01/29/2023,Y6
vsafe-1-6-daily-dose2,Y6T-14957-49096,s252338317598875316764529138979419337729,03/18/2021,Vertigo,Vertigo,25.1,YES,NO,,01/30/2023,Y6
vsafe-1-6-daily-dose2,Y6T-14957-49096,s252442310209150433208962365931251228095,03/19/2021,Dizziness,Dizziness,25.1,YES,NO,,01/31/2023,Y6
vsafe-1-6-daily-dose2,Y63-11274-95901,s252761009532473805434609714254507043087,03/22/2021,Thrombosis,Clot blood,25.1,YES,NO,,02/02/2023,Y6
vsafe-1-6-daily-dose1,Y6B-22924-19896,s252866550311262731347155640746951503125,03/23/2021,Throat tightness,Throat tightness,25.1,YES,NO,,02/02/2023,Y6
vsafe-1-6-daily-dose1,Y6B-22924-19896,s252866550311262731347155640746951503125,03/23/2021,Dysphagia,Swallowing difficult,25.1,YES,NO,,02/02/2023,Y6
vsafe-1-6-daily-dose1,Y6B-22924-19896,s252866550311262731347155640746951503125,03/23/2021,Dyspnoea,Difficulty breathing,25.1,YES,NO,,02/02/2023,Y6
vsafe-1-6-daily-dose2,Y63-11274-95901,s252876341786487964870634208537390776814,03/23/2021,Epistaxis,Nose bleed,25.1,YES,NO,,02/02/2023,Y6
vsafe-1-6-daily-dose1,Y6B-22924-19896,s252982423054616058340233599771485070635,03/24/2021,Throat tightness,Throat tightness,25.1,YES,NO,,02/03/2023,Y6
vsafe-1-6-daily-dose1,Y6B-22924-19896,s252982423054616058340233599771485070635,03/24/2021,Self-medication,Self-medication,25.1,YES,NO,,02/03/2023,Y6
vsafe-7-day-dose2,Y63-11274-95901,s253075973024797829563133792482046407447,03/25/2021,Cough,Coughing,25.1,YES,NO,,02/06/2023,Y6
vsafe-7-day-dose2,Y63-11274-95901,s253075973024797829563133792482046407447,03/25/2021,Productive cough,Phlegm,25.1,YES,NO,,02/06/2023,Y6
vsafe-7-day-dose2,Y63-11274-95901,s253075973024797829563133792482046407447,03/25/2021,Dyspnoea,Shortness of breath,25.1,YES,NO,,02/06/2023,Y6
vsafe-7-day-dose2,Y6M-10336-94926,s253071547327312362632850582369779498850,03/25/2021,Pain,Generalized aching,25.1,YES,NO,,02/06/2023,Y6
vsafe-7-day-dose2,Y6M-10336-94926,s253071547327312362632850582369779498850,03/25/2021,Emergency care,Emergency care,25.1,YES,NO,,02/06/2023,Y6
vsafe-1-6-daily-dose1,Y6G-28560-93336,s253275201127298327203584117184936944071,03/27/2021,Productive cough,Phlegm,25.1,YES,NO,,02/07/2023,Y6
vsafe-1-6-daily-dose1,Y6G-28560-93336,s253377518212527898595225201099561158668,03/28/2021,Productive cough,Phlegm,25.1,YES,NO,,02/08/2023,Y6
vsafe-7-day-dose1,Y6U-27712-28498,s253493119190361004847927330579570928290,03/29/2021,Musculoskeletal stiffness,Stiffness,25.1,YES,NO,,02/09/2023,Y6
vsafe-7-day-dose1,Y6G-28560-93336,s253796419341129706731662964980600965267,04/01/2021,Dyspnoea,Shortness of breath,25.1,YES,NO,,02/13/2023,Y6
vsafe-0-day-dose2,Y6M-26221-33038,s254635987212772742155933546781403153036,04/09/2021,Flushing,Facial flushing,25.1,YES,NO,,02/21/2023,Y6
vsafe-0-day-dose2,Y6M-26221-33038,s254635987212772742155933546781403153036,04/09/2021,Feeling hot,Feeling hot,25.1,YES,NO,,02/21/2023,Y6
vsafe-1-6-daily-dose2,Y6M-26221-33038,s254738669740006220228815562156987295863,04/10/2021,Peripheral coldness,Cold hands,25.1,YES,NO,,02/22/2023,Y6
vsafe-1-6-daily-dose2,Y6M-26221-33038,s254738669740006220228815562156987295863,04/10/2021,Peripheral coldness,Cold feet,25.1,YES,NO,,02/22/2023,Y6
vsafe-1-6-daily-dose1,Y6D-75899-25825,s255265094537329039949866900509006913688,04/15/2021,Lymphadenopathy,Swollen lymph nodes,25.1,YES,NO,,02/28/2023,Y6
vsafe-1-6-daily-dose1,Y6K-85680-67324,s255397017954924031777468786785752098249,04/16/2021,Myalgia,Muscle pain,25.1,YES,NO,,03/01/2023,Y6
vsafe-1-6-daily-dose1,Y6K-85680-67324,s255397017954924031777468786785752098249,04/16/2021,Pain,Pain upon movement,25.1,YES,NO,,03/01/2023,Y6
vsafe-1-6-daily-dose1,Y6C-29374-83432,s255904394198229273877800292827724912392,04/21/2021,Rash vesicular,Blistery rash,25.1,YES,NO,,03/06/2023,Y6
vsafe-1-6-daily-dose1,Y6C-29374-83432,s255904394198229273877800292827724912392,04/21/2021,Rash,Rash on face,25.1,YES,NO,,03/06/2023,Y6
vsafe-7-day-dose2,Y6X-55246-81388,s255895702088407940147673010299487288417,04/21/2021,Peripheral swelling,Swelling of feet,25.1,YES,NO,,03/06/2023,Y6
vsafe-7-day-dose2,Y6X-55246-81388,s255895702088407940147673010299487288417,04/21/2021,Peripheral swelling,Swelling of legs,25.1,YES,NO,,03/06/2023,Y6
vsafe-7-day-dose2,Y6X-55246-81388,s255895702088407940147673010299487288417,04/21/2021,Arthralgia,Pain ankle,25.1,YES,NO,,03/06/2023,Y6
vsafe-7-day-dose2,Y6X-55246-81388,s255895702088407940147673010299487288417,04/21/2021,Pain in extremity,Painful feet,25.1,YES,NO,,03/06/2023,Y6
vsafe-7-day-dose2,Y6X-55246-81388,s255895702088407940147673010299487288417,04/21/2021,Pain in extremity,Pain legs,25.1,YES,NO,,03/06/2023,Y6
vsafe-1-6-daily-dose1,Y6Q-82218-68054,s257664666188315415527546088790285780516,05/08/2021,Dizziness,Dizzy,26.0,YES,NO,,03/17/2023,Y6
vsafe-1-6-daily-dose2,Y6D-75899-25825,s258182124242962064750506861625984306362,05/13/2021,Lymphadenopathy,Swollen lymph nodes,26.0,YES,NO,,03/21/2023,Y6
vsafe-0-day-dose1,Y6J-15789-82021,s269368999493223861941694986500237307091,08/28/2021,Unevaluable event,Reaction unevaluable,26.0,YES,NO,,08/10/2023,Y6
vsafe-1-6-daily-dose1,Y6J-15789-82021,s269470267303825606824503268432308498451,08/29/2021,Arrhythmia,Cardiac arrhythmia,26.0,YES,NO,,08/14/2023,Y6
vsafe-1-6-daily-dose1,Y6J-15789-82021,s269470267303825606824503268432308498451,08/29/2021,Extrasystoles,Heartbeats skipped,26.0,YES,NO,,08/14/2023,Y6
vsafe-1-6-daily-dose1,Y6J-15789-82021,s269470267303825606824503268432308498451,08/29/2021,Cough,Coughing,26.0,YES,NO,,08/14/2023,Y6
vsafe-1-6-daily-dose1,Y6J-15789-82021,s269470267303825606824503268432308498451,08/29/2021,Chest pain,Pain chest,26.0,YES,NO,,08/14/2023,Y6
vsafe-1-6-daily-dose1,Y6J-15789-82021,s269470267303825606824503268432308498451,08/29/2021,Emergency care,Emergency care,26.0,YES,NO,,08/14/2023,Y6
vsafe-1-6-daily-dose1,Y6J-15789-82021,s269575377167289655276188427493430657541,08/30/2021,Unevaluable event,Reaction unevaluable,26.0,YES,NO,,08/16/2023,Y6
vsafe-1-6-daily-dose1,Y6J-15789-82021,s269784184789687643438004453474541695656,09/01/2021,Arrhythmia,Cardiac arrhythmia,26.0,YES,NO,,08/23/2023,Y6
vsafe-1-6-daily-dose1,Y6J-15789-82021,s269784184789687643438004453474541695656,09/01/2021,Palpitations,Palpitations,26.0,YES,NO,,08/23/2023,Y6
vsafe-1-6-daily-dose1,Y6J-15789-82021,s269907374932640304816154203325159099112,09/02/2021,Cardiac flutter,Heart fluttering,26.0,YES,NO,,08/25/2023,Y6
vsafe-7-day-dose1,Y6J-15789-82021,s270098906495403967548445672118485155491,09/04/2021,Cardiac flutter,Heart fluttering,26.0,YES,NO,,09/06/2023,Y6
vsafe-7-day-dose1,Y6J-15789-82021,s270098906495403967548445672118485155491,09/04/2021,Palpitations,Heart racing,26.0,YES,NO,,09/06/2023,Y6
vsafe-1-6-daily-dose1,Y66-11840-24919,s244953085918578655845237364276071114157,01/06/2021,Cough,Cough,25.1,YES,NO,,11/07/2022,Y6
vsafe-1-6-daily-dose1,Y66-11840-24919,s245026353782750804807759609339874820586,01/07/2021,Cough,Cough,25.1,YES,NO,,11/08/2022,Y6
vsafe-1-6-daily-dose1,Y66-11840-24919,s245144108665110808678410583579894127621,01/08/2021,Cough,Cough,25.1,YES,NO,,11/08/2022,Y6
vsafe-1-6-daily-dose2,Y64-15392-16670,s245128502910941035056932775100175543732,01/08/2021,Limb discomfort,Lower extremities discomfort,25.1,NO,NO,01/19/2023,11/09/2022,Y6
vsafe-1-6-daily-dose2,Y64-15392-16670,s245128502910941035056932775100175543732,01/08/2021,Pain,Pain,25.1,NO,NO,01/19/2023,11/09/2022,Y6
vsafe-1-6-daily-dose2,Y64-15392-16670,s245128502910941035056932775100175543732,01/08/2021,Abdominal pain lower,Right lower quadrant pain,25.1,YES,YES,01/19/2023,11/09/2022,Y6
vsafe-7-day-dose1,Y66-11840-24919,s245239433384562433062387300686887548261,01/09/2021,Cough,Cough,25.1,YES,NO,,11/09/2022,Y6
vsafe-1-6-daily-dose2,Y64-15392-16670,s245334001396992460928675278158031403647,01/10/2021,Visual impairment,Vision abnormal,25.1,YES,NO,,11/10/2022,Y6
vsafe-1-6-daily-dose2,Y64-15392-16670,s245456122447827823180959884426691084961,01/11/2021,Cough,Cough,25.1,YES,NO,,11/10/2022,Y6
vsafe-1-6-daily-dose1,Y6W-22189-09858,s245982270568813305429483602235236210890,01/16/2021,Pain in extremity,Pain in arm,25.1,YES,NO,,11/16/2022,Y6
vsafe-1-6-daily-dose1,Y6F-22547-07808,s246607776921618037139810292711710974131,01/22/2021,Pain in extremity,Pain in arm,25.1,YES,NO,,11/22/2022,Y6
vsafe-7-day-dose1,Y6W-45684-07158,s246602329191078305862950533899903184751,01/22/2021,Hypoaesthesia,Numbness in hand,25.1,NO,NO,09/20/2023,11/22/2022,Y6
vsafe-7-day-dose1,Y6W-45684-07158,s246602329191078305862950533899903184751,01/22/2021,Hypoaesthesia,Numbness of upper extremities,26.1,YES,YES,09/20/2023,11/22/2022,Y6
vsafe-1-6-daily-dose1,Y6Y-26494-33048,s246917061386271332098383021707574779181,01/25/2021,Increased appetite,Increased appetite,25.1,YES,NO,,11/23/2022,Y6
vsafe-1-6-daily-dose1,Y66-21858-64071,s247046100986701078315335637618605562476,01/26/2021,Neck pain,Neck pain,25.1,YES,NO,,11/25/2022,Y6
vsafe-1-6-daily-dose1,Y6Y-26494-33048,s247128619402287111197167671194340227906,01/27/2021,Decreased appetite,Appetite lost,25.1,YES,NO,,11/28/2022,Y6
vsafe-7-day-dose1,Y6Y-26494-33048,s247233097023552961005501092033834184262,01/28/2021,Decreased appetite,Appetite lost,25.1,YES,NO,,11/29/2022,Y6
vsafe-7-day-dose2,Y66-11840-24919,s247553813550485696318371031148413977445,01/31/2021,Chills,Chills,25.1,YES,NO,,12/02/2022,Y6
vsafe-1-6-daily-dose2,Y68-23402-77915,s248594883115131820759315332140605527724,02/10/2021,Fatigue,Tiredness,25.1,YES,NO,,12/16/2022,Y6
vsafe-1-6-daily-dose2,Y68-23402-77915,s248594883115131820759315332140605527724,02/10/2021,Nasopharyngitis,Cold,25.1,YES,NO,,12/16/2022,Y6
vsafe-1-6-daily-dose2,Y68-23402-77915,s248594883115131820759315332140605527724,02/10/2021,Pain,Ache,25.1,YES,NO,,12/16/2022,Y6
vsafe-1-6-daily-dose2,Y6D-29031-42195,s248690083248473893009973325074430351800,02/11/2021,Fall,Fall,25.1,YES,NO,,12/19/2022,Y6
vsafe-1-6-daily-dose2,Y6D-29031-42195,s248690083248473893009973325074430351800,02/11/2021,Spinal fracture,Fractured vertebra,25.1,YES,NO,,12/19/2022,Y6
vsafe-1-6-daily-dose1,Y6F-11051-56876,s248900743622701156626120179815146999591,02/13/2021,Sinus disorder,Sinus disorder,25.1,YES,NO,,12/21/2022,Y6
vsafe-1-6-daily-dose2,Y6W-22189-09858,s249006111857382377699027906947061546920,02/14/2021,Breast tenderness,Breast tenderness,25.1,YES,NO,,12/22/2022,Y6
vsafe-1-6-daily-dose2,Y6W-22189-09858,s249006111857382377699027906947061546920,02/14/2021,Arthralgia,Joint tenderness,25.1,YES,NO,,12/22/2022,Y6
vsafe-1-6-daily-dose2,Y6W-45684-07158,s249641268801588489515687604246559738611,02/20/2021,No adverse event,No adverse reaction,25.1,YES,NO,,12/28/2022,Y6
vsafe-0-day-dose2,Y66-21858-64071,s249832559697900112438405238474215717309,02/22/2021,Hypoaesthesia,Numbness of upper extremities,25.1,YES,NO,,12/29/2022,Y6
vsafe-0-day-dose2,Y66-21858-64071,s249832559697900112438405238474215717309,02/22/2021,Eye pruritus,Itchy eyes,25.1,YES,NO,,12/29/2022,Y6
vsafe-0-day-dose2,Y66-21858-64071,s249832559697900112438405238474215717309,02/22/2021,Eye irritation,Burning eyes,25.1,YES,NO,,12/29/2022,Y6
vsafe-1-6-daily-dose2,Y66-21858-64071,s249932883811052060946240235133838448175,02/23/2021,Hypoaesthesia,Numbness of extremities,25.1,YES,NO,,12/30/2022,Y6
vsafe-1-6-daily-dose2,Y66-21858-64071,s249932883811052060946240235133838448175,02/23/2021,Hypoaesthesia,Numbness localized,25.1,YES,NO,,12/30/2022,Y6
vsafe-1-6-daily-dose2,Y66-21858-64071,s250349205933677094650277264902402499832,02/27/2021,Pollakiuria,Frequency urinary,25.1,YES,NO,,01/04/2023,Y6
vsafe-1-6-daily-dose1,Y6Q-21315-40866,s251411135233793735752330820360564532423,03/09/2021,Diarrhoea,Diarrhea,25.1,YES,NO,,01/12/2023,Y6
vsafe-1-6-daily-dose1,Y6Q-21315-40866,s251411135233793735752330820360564532423,03/09/2021,Blood pressure increased,Blood pressure increased,25.1,YES,NO,,01/12/2023,Y6
vsafe-1-6-daily-dose1,Y6Q-21315-40866,s251411135233793735752330820360564532423,03/09/2021,Feeling abnormal,Foggy feeling in head,25.1,YES,NO,,01/12/2023,Y6
vsafe-7-day-dose1,Y6Q-21315-40866,s251517996906042521345335298703112201316,03/10/2021,Hypertension,Blood pressure high,25.1,YES,NO,,01/13/2023,Y6
vsafe-1-6-daily-dose2,Y6A-29895-72378,s251617724804365786743820233138017826233,03/11/2021,Gait inability,Unable to walk,25.1,YES,NO,,01/23/2023,Y6
vsafe-1-6-daily-dose2,Y6A-29895-72378,s251617724804365786743820233138017826233,03/11/2021,Malaise,Feeling sick,25.1,YES,NO,,01/23/2023,Y6
vsafe-1-6-daily-dose2,Y6A-29895-72378,s251723574241135800103571154028752187319,03/12/2021,Unevaluable event,Reaction unevaluable,25.1,YES,NO,,01/23/2023,Y6
vsafe-1-6-daily-dose2,Y6A-29895-72378,s251924617750437862030085566464455747807,03/14/2021,Back pain,Low back ache,25.1,YES,NO,,01/25/2023,Y6
vsafe-1-6-daily-dose2,Y6A-29895-72378,s251924617750437862030085566464455747807,03/14/2021,Pain in extremity,Unilateral leg pain,25.1,YES,NO,,01/25/2023,Y6
vsafe-1-6-daily-dose2,Y6A-29895-72378,s252144294271779607243672217586040967770,03/16/2021,Dry skin,Dry skin,25.1,YES,NO,,01/26/2023,Y6
vsafe-1-6-daily-dose2,Y6A-29895-72378,s252144294271779607243672217586040967770,03/16/2021,Pruritus,Itching,25.1,YES,NO,,01/26/2023,Y6
vsafe-1-6-daily-dose2,Y6A-29895-72378,s252144294271779607243672217586040967770,03/16/2021,Feeling hot,Feeling of warmth,25.1,YES,NO,,01/26/2023,Y6
vsafe-1-6-daily-dose2,Y6A-29895-72378,s252144294271779607243672217586040967770,03/16/2021,Hyperhidrosis,Sweating,25.1,YES,NO,,01/26/2023,Y6
vsafe-1-6-daily-dose2,Y6W-97828-76018,s253478713017769144683926870292968414404,03/29/2021,Flushing,Flushed face,25.1,YES,NO,,02/09/2023,Y6
vsafe-1-6-daily-dose1,Y6U-23571-29880,s256526643671752499305857884794326233629,04/27/2021,Dizziness,Dizzy,26.0,YES,NO,,03/24/2023,Y6
vsafe-1-6-daily-dose1,Y6U-23571-29880,s256633984144083404694170361935881200731,04/28/2021,Dizziness,Dizzy,26.0,YES,NO,,03/24/2023,Y6
vsafe-1-6-daily-dose2,Y6E-11698-90871,s257869599897044901761903350148592498557,05/10/2021,Pain in extremity,Pain legs,26.0,YES,NO,,03/17/2023,Y6
vsafe-1-6-daily-dose2,Y6E-11698-90871,s258183706555844250823160949197255633805,05/13/2021,Pain in extremity,Leg pain,26.0,YES,NO,,03/21/2023,Y6
vsafe-1-6-daily-dose1,Y6M-49725-47778,s267794711187214289229802032697268907493,08/13/2021,Blood glucose increased,Blood glucose increased,26.0,YES,NO,,06/16/2023,Y6
vsafe-1-6-daily-dose1,Y64-15392-16670,s242938464599685221552402083822655159748,12/18/2020,Abdominal discomfort,Distress gastrointestinal,25.1,YES,NO,,10/19/2022,Y6
vsafe-7-day-dose1,Y6F-16139-77662,s243983175935582016134883566656527402935,12/28/2020,Crohn's disease,Crohn's disease aggravated,25.1,NO,NO,01/17/2023,10/28/2022,Y6
vsafe-7-day-dose1,Y6F-16139-77662,s243983175935582016134883566656527402935,12/28/2020,Pre-existing disease,Pre-existing disease,25.1,YES,YES,01/17/2023,10/28/2022,Y6
vsafe-7-day-dose1,Y6F-16139-77662,s243983175935582016134883566656527402935,12/28/2020,Crohn's disease,Crohn's aggravated,25.1,YES,YES,01/17/2023,10/28/2022,Y6
vsafe-1-6-daily-dose1,Y6U-55873-86956,s244098886006948483538798951242532520114,12/29/2020,Myalgia,Muscle ache,25.1,YES,NO,,10/31/2022,Y6
vsafe-1-6-daily-dose1,Y6U-55873-86956,s244098886006948483538798951242532520114,12/29/2020,Injection site reaction,Injection site reaction,25.1,NO,NO,01/17/2023,10/31/2022,Y6
vsafe-1-6-daily-dose1,Y6U-55873-86956,s244098886006948483538798951242532520114,12/29/2020,Vaccination site reaction,Vaccination site reaction,25.1,YES,YES,01/17/2023,10/31/2022,Y6
vsafe-1-6-daily-dose1,Y6A-29479-66924,s245778473083066634413747599301789009047,01/14/2021,Tinnitus,Ringing in ears,25.1,YES,NO,,11/15/2022,Y6
vsafe-7-day-dose1,Y6A-29479-66924,s246198713461817031284164226524889381120,01/18/2021,Tinnitus,Ringing in ears,25.1,YES,NO,,11/18/2022,Y6
vsafe-0-day-dose1,Y6C-30304-98711,s246189988571563753127942450345631459698,01/18/2021,Somnolence,Somnolence,25.1,NO,NO,05/26/2023,11/18/2022,Y6
vsafe-0-day-dose1,Y6C-30304-98711,s246189988571563753127942450345631459698,01/18/2021,Vision blurred,Hazy vision,25.1,YES,NO,,11/18/2022,Y6
vsafe-1-6-daily-dose1,Y6D-99498-42505,s247326197612908985253586571023992117194,01/29/2021,Dyspepsia,Heartburn,25.1,YES,NO,,11/30/2022,Y6
vsafe-0-day-dose1,Y6V-16492-15972,s248068893476847943259048527625496199384,02/05/2021,Dizziness,Dizziness,25.1,YES,NO,,12/07/2022,Y6
vsafe-1-6-daily-dose1,Y6V-16492-15972,s248183935324876821430937641781803230642,02/06/2021,Lip swelling,Swelling lips,25.1,YES,NO,,12/09/2022,Y6
vsafe-1-6-daily-dose1,Y6V-16492-15972,s248183935324876821430937641781803230642,02/06/2021,Swollen tongue,Swelling of tongue,25.1,YES,NO,,12/09/2022,Y6
vsafe-1-6-daily-dose1,Y6V-16492-15972,s248183935324876821430937641781803230642,02/06/2021,Pain in jaw,Jaw pain,25.1,YES,NO,,12/09/2022,Y6
vsafe-1-6-daily-dose2,Y6Q-31247-87594,s248888018631830527785035727041559446093,02/13/2021,Dizziness,Dizziness,25.1,YES,NO,,12/21/2022,Y6
vsafe-1-6-daily-dose2,Y6Q-31247-87594,s248995120742682662575160212081166972459,02/14/2021,Vertigo,Vertigo,25.1,YES,NO,,12/22/2022,Y6
vsafe-1-6-daily-dose2,Y6Q-31247-87594,s249096960526046397243659427727555573363,02/15/2021,Vertigo,Vertigo,25.1,YES,NO,,12/22/2022,Y6
vsafe-1-6-daily-dose2,Y6Q-31247-87594,s249203637139961899168091214122087750826,02/16/2021,Vertigo,Vertigo,25.1,YES,NO,,12/23/2022,Y6
vsafe-1-6-daily-dose2,Y6Q-31247-87594,s249306885113842179654080534719211658245,02/17/2021,Vertigo,Vertigo,25.1,YES,NO,,12/27/2022,Y6
vsafe-1-6-daily-dose2,Y6Q-31247-87594,s249411202684101475627059112940803886393,02/18/2021,Vertigo,Vertigo,25.1,YES,NO,,12/27/2022,Y6
vsafe-7-day-dose2,Y6Q-31247-87594,s249514305619129425827369860757839334212,02/19/2021,Vertigo,Vertigo,25.1,YES,NO,,12/28/2022,Y6
vsafe-1-6-daily-dose2,Y6W-16783-53844,s250675544097664909179759745590996145301,03/02/2021,Pre-existing disease,Pre-existing disease,25.1,YES,NO,,01/06/2023,Y6
vsafe-1-6-daily-dose2,Y6W-16783-53844,s250675544097664909179759745590996145301,03/02/2021,Fatigue,Fatigue,25.1,YES,NO,,01/06/2023,Y6
vsafe-1-6-daily-dose1,Y6N-27995-09984,s250888990630157115035672307083273441317,03/04/2021,Hypertension,Blood pressure high,25.1,YES,NO,,01/09/2023,Y6
vsafe-1-6-daily-dose1,Y6N-27995-09984,s250888990630157115035672307083273441317,03/04/2021,Pain in extremity,Pain in calf,25.1,YES,NO,,01/09/2023,Y6
vsafe-1-6-daily-dose1,Y6N-27995-09984,s250888990630157115035672307083273441317,03/04/2021,Paraesthesia,Pins and needles,25.1,YES,NO,,01/09/2023,Y6
vsafe-1-6-daily-dose1,Y6N-27995-09984,s250888990630157115035672307083273441317,03/04/2021,Hypoaesthesia,Numbness,25.1,YES,NO,,01/09/2023,Y6
vsafe-1-6-daily-dose1,Y6N-27995-09984,s250888990630157115035672307083273441317,03/04/2021,Pain,Shooting pain,25.1,YES,NO,,01/09/2023,Y6
vsafe-1-6-daily-dose1,Y6N-27995-09984,s250888990630157115035672307083273441317,03/04/2021,Emergency care,Emergency care,25.1,YES,NO,,01/09/2023,Y6
vsafe-1-6-daily-dose1,Y6N-27995-09984,s250888990630157115035672307083273441317,03/04/2021,Hypersensitivity,Allergic reaction,25.1,YES,NO,,01/09/2023,Y6
vsafe-1-6-daily-dose1,Y6N-27995-09984,s250888990630157115035672307083273441317,03/04/2021,Thirst,Thirst,25.1,YES,NO,,01/09/2023,Y6
vsafe-1-6-daily-dose1,Y6N-27995-09984,s250888990630157115035672307083273441317,03/04/2021,Feeling hot,Feeling hot,25.1,YES,NO,,01/09/2023,Y6
vsafe-1-6-daily-dose1,Y6N-27995-09984,s250888990630157115035672307083273441317,03/04/2021,Pyrexia,Fever,25.1,YES,NO,,01/09/2023,Y6
vsafe-1-6-daily-dose1,Y6N-27995-09984,s250888990630157115035672307083273441317,03/04/2021,Heart rate increased,Heartbeats increased,25.1,YES,NO,,01/09/2023,Y6
vsafe-0-day-dose1,Y6T-16262-73406,s250998023842204745089762256634426053891,03/05/2021,Lip swelling,Swollen lips,25.1,YES,NO,,01/09/2023,Y6
vsafe-0-day-dose1,Y6T-16262-73406,s250998023842204745089762256634426053891,03/05/2021,Hypoaesthesia,Numbness,25.1,YES,NO,,01/09/2023,Y6
vsafe-1-6-daily-dose1,Y6N-27995-09984,s250990079442753060871183989717808639543,03/05/2021,Tremor,Tremor,25.1,YES,NO,,01/09/2023,Y6
vsafe-1-6-daily-dose1,Y6N-27995-09984,s250990079442753060871183989717808639543,03/05/2021,Chromatopsia,Vision color tinged,25.1,YES,NO,,01/09/2023,Y6
vsafe-1-6-daily-dose1,Y6N-27995-09984,s250990079442753060871183989717808639543,03/05/2021,Cardiac discomfort,Heart pressure sensation of,25.1,YES,NO,,01/09/2023,Y6
vsafe-1-6-daily-dose1,Y6N-27995-09984,s250990079442753060871183989717808639543,03/05/2021,Chest discomfort,Chest pressure,25.1,YES,NO,,01/09/2023,Y6
vsafe-7-day-dose1,Y6N-27995-09984,s251090863635713848508712975307524209988,03/06/2021,Blood pressure increased,Rise in BP,25.1,NO,NO,08/23/2023,01/10/2023,Y6
vsafe-7-day-dose1,Y6N-27995-09984,s251090863635713848508712975307524209988,03/06/2021,Heart rate increased,Heartbeats increased,25.1,YES,NO,,01/10/2023,Y6
vsafe-7-day-dose1,Y6N-27995-09984,s251090863635713848508712975307524209988,03/06/2021,Tremor,Tremor,25.1,YES,NO,,01/10/2023,Y6
vsafe-7-day-dose1,Y6N-27995-09984,s251090863635713848508712975307524209988,03/06/2021,Night sweats,Night sweats,25.1,YES,NO,,01/10/2023,Y6
vsafe-7-day-dose1,Y6N-27995-09984,s251090863635713848508712975307524209988,03/06/2021,Oxygen saturation decreased,Oxygen saturation low,25.1,YES,NO,,01/10/2023,Y6
vsafe-7-day-dose1,Y6N-27995-09984,s251090863635713848508712975307524209988,03/06/2021,Blood pressure increased,Blood pressure increased,26.0,YES,YES,08/23/2023,01/10/2023,Y6
vsafe-1-6-daily-dose1,Y6T-16262-73406,s251082564062372357563662243482445702260,03/06/2021,Idiopathic pneumonia syndrome,Idiopathic pneumonia syndrome,25.1,NO,NO,08/22/2023,01/10/2023,Y6
vsafe-1-6-daily-dose1,Y6T-16262-73406,s251082564062372357563662243482445702260,03/06/2021,Swollen tongue,Swollen tongue,25.1,NO,NO,08/22/2023,01/10/2023,Y6
vsafe-1-6-daily-dose1,Y6T-16262-73406,s251082564062372357563662243482445702260,03/06/2021,Hypoaesthesia oral,Numbness of tongue,25.1,NO,NO,08/22/2023,01/10/2023,Y6
vsafe-1-6-daily-dose1,Y6T-16262-73406,s251082564062372357563662243482445702260,03/06/2021,Tongue discomfort,Burning tongue,25.1,YES,NO,,01/10/2023,Y6
vsafe-1-6-daily-dose1,Y6T-16262-73406,s251082564062372357563662243482445702260,03/06/2021,Hypoaesthesia oral,Tongue tip numbness of,26.0,YES,YES,08/22/2023,01/10/2023,Y6
vsafe-1-6-daily-dose1,Y6T-16262-73406,s251082564062372357563662243482445702260,03/06/2021,Glossodynia,Sore tongue,25.1,YES,NO,,01/10/2023,Y6
vsafe-1-6-daily-dose1,Y6T-16262-73406,s251082564062372357563662243482445702260,03/06/2021,Lip swelling,Swollen lips,26.0,YES,YES,08/22/2023,01/10/2023,Y6
vsafe-1-6-daily-dose1,Y6T-16262-73406,s251204285766574386475383489659713247037,03/07/2021,Lip swelling,Swollen lips,25.1,YES,NO,,01/11/2023,Y6
vsafe-1-6-daily-dose1,Y6T-16262-73406,s251204285766574386475383489659713247037,03/07/2021,Hypoaesthesia oral,Tongue tip numbness of,25.1,YES,NO,,01/11/2023,Y6
vsafe-1-6-daily-dose1,Y6T-16262-73406,s251204285766574386475383489659713247037,03/07/2021,Tongue discomfort,Burning tongue,25.1,YES,NO,,01/11/2023,Y6
vsafe-1-6-daily-dose1,Y6T-16262-73406,s251305347254578680419434473442362674361,03/08/2021,Hypoaesthesia oral,Numbness of tongue,25.1,YES,NO,,01/11/2023,Y6
vsafe-1-6-daily-dose1,Y6T-16262-73406,s251305347254578680419434473442362674361,03/08/2021,Paraesthesia oral,Tingling lips,25.1,YES,NO,,01/11/2023,Y6
vsafe-1-6-daily-dose1,Y6T-16262-73406,s251305347254578680419434473442362674361,03/08/2021,Office visit,Office visit,25.1,YES,NO,,01/11/2023,Y6
vsafe-1-6-daily-dose1,Y6T-16262-73406,s251305347254578680419434473442362674361,03/08/2021,Emergency care,Emergency care,25.1,YES,NO,,01/11/2023,Y6
vsafe-1-6-daily-dose1,Y6T-16262-73406,s251404405704186821089613230360803022318,03/09/2021,Paraesthesia oral,Tingling lips,25.1,YES,NO,,01/12/2023,Y6
vsafe-1-6-daily-dose1,Y6T-16262-73406,s251404405704186821089613230360803022318,03/09/2021,Tongue discomfort,Burning tongue,25.1,YES,NO,,01/12/2023,Y6
vsafe-1-6-daily-dose1,Y6T-16262-73406,s251506809320221181912086219402716548393,03/10/2021,Lip pain,Sensitive lips,25.1,YES,NO,,01/13/2023,Y6
vsafe-1-6-daily-dose1,Y6T-16262-73406,s251506809320221181912086219402716548393,03/10/2021,Glossodynia,Sensitive tongue,25.1,YES,NO,,01/13/2023,Y6
vsafe-1-6-daily-dose1,Y6T-16262-73406,s251622391652371191758449309011378059446,03/11/2021,Hypoaesthesia oral,Numbness lips,25.1,YES,NO,,01/15/2023,Y6
vsafe-1-6-daily-dose1,Y6T-16262-73406,s251622391652371191758449309011378059446,03/11/2021,Hypoaesthesia oral,Numbness of tongue,25.1,YES,NO,,01/15/2023,Y6
vsafe-7-day-dose1,Y6T-16262-73406,s251742380710658946526172571198135343120,03/12/2021,Glossodynia,Sensitive tongue,25.1,YES,NO,,01/24/2023,Y6
vsafe-7-day-dose1,Y6T-16262-73406,s251742380710658946526172571198135343120,03/12/2021,Lip pain,Sensitive lips,25.1,YES,NO,,01/24/2023,Y6
vsafe-7-day-dose1,Y6T-16262-73406,s251742380710658946526172571198135343120,03/12/2021,Hypoaesthesia oral,Numb lips,25.1,YES,NO,,01/24/2023,Y6
vsafe-7-day-dose1,Y6T-16262-73406,s251742380710658946526172571198135343120,03/12/2021,Hypoaesthesia oral,Numbness of tongue,25.1,YES,NO,,01/24/2023,Y6
vsafe-1-6-daily-dose1,Y63-24658-82515,s252022249299306521915158412743227932284,03/15/2021,Dizziness,Dizziness,25.1,YES,NO,,01/25/2023,Y6
vsafe-1-6-daily-dose2,Y6X-25340-23276,s252757088828292814141838445789812780780,03/22/2021,Flushing,Flushed face,25.1,YES,NO,,02/02/2023,Y6
vsafe-1-6-daily-dose2,Y6X-25340-23276,s252861114966010801695256893576475975548,03/23/2021,Flushing,Flushed face,25.1,YES,NO,,02/02/2023,Y6
vsafe-1-6-daily-dose1,Y6D-18719-99583,s253288401025362294825816014465857637953,03/27/2021,Depression,Depression,25.1,YES,NO,,02/07/2023,Y6
vsafe-1-6-daily-dose1,Y6D-18719-99583,s253390020649888701273293835206505666763,03/28/2021,Depression,Depression,25.1,YES,NO,,02/08/2023,Y6
vsafe-1-6-daily-dose1,Y6D-18719-99583,s253494685166166934493125156989070660035,03/29/2021,Depression,Depression,25.1,YES,NO,,02/09/2023,Y6
vsafe-1-6-daily-dose1,Y6D-18719-99583,s253599805306573511621554963906868983072,03/30/2021,Depression,Depression,25.1,YES,NO,,02/09/2023,Y6
vsafe-1-6-daily-dose1,Y6K-24889-68898,s253588941253456454322355626939953869785,03/30/2021,Hypoaesthesia,Numbness in feet,25.1,YES,NO,,02/09/2023,Y6
vsafe-1-6-daily-dose1,Y6K-24889-68898,s253588941253456454322355626939953869785,03/30/2021,Hypoaesthesia,Numbness in hand,25.1,YES,NO,,02/09/2023,Y6
vsafe-1-6-daily-dose1,Y6K-24889-68898,s253695161991892093557088640632810511860,03/31/2021,Paraesthesia,Tingling feet/hands,25.1,YES,NO,,02/10/2023,Y6
vsafe-7-day-dose1,Y6D-18719-99583,s253706479496750359900064949300288439188,03/31/2021,Depression,Depression,25.1,YES,NO,,02/12/2023,Y6
vsafe-0-day-dose1,Y67-28643-48842,s253904861534839239748647665710398064737,04/02/2021,Paraesthesia,Tingling,25.1,YES,NO,,02/13/2023,Y6
vsafe-0-day-dose1,Y67-28643-48842,s253904861534839239748647665710398064737,04/02/2021,Paraesthesia,Pricking skin sensation,25.1,YES,NO,,02/13/2023,Y6
vsafe-0-day-dose1,Y67-28643-48842,s253904861534839239748647665710398064737,04/02/2021,Immediate post-injection reaction,Immediate post-injection reaction,25.1,YES,NO,,02/13/2023,Y6
vsafe-1-6-daily-dose1,Y67-28643-48842,s254115707074316822528930955272783586813,04/04/2021,Headache,Headache,25.1,YES,NO,,02/15/2023,Y6
vsafe-1-6-daily-dose1,Y67-28643-48842,s254115707074316822528930955272783586813,04/04/2021,Self-medication,Self-medication,25.1,YES,NO,,02/15/2023,Y6
vsafe-1-6-daily-dose2,Y65-23036-73160,s254847583899691558465295845214246325818,04/11/2021,Eye pain,Pain in eyes,25.1,YES,NO,,02/23/2023,Y6
vsafe-1-6-daily-dose2,Y65-23036-73160,s254955481837490545564888495191518482862,04/12/2021,Unevaluable event,Reaction unevaluable,25.1,YES,NO,,02/24/2023,Y6
vsafe-1-6-daily-dose2,Y6K-24889-68898,s255794397901898030713304230805067455330,04/20/2021,Hypoaesthesia,Numbness in hand,25.1,YES,NO,,03/03/2023,Y6
vsafe-1-6-daily-dose2,Y6R-24894-45122,s256100513301532052546051231616122656850,04/23/2021,Cough,Cough,25.1,YES,NO,,03/07/2023,Y6
vsafe-1-6-daily-dose2,Y6R-24894-45122,s256100513301532052546051231616122656850,04/23/2021,Respiratory tract congestion,Respiratory tract congestion,25.1,YES,NO,,03/07/2023,Y6
vsafe-1-6-daily-dose2,Y6R-24894-45122,s256207909652375854171887778508518881782,04/24/2021,Tinnitus,Ringing in ears,25.1,YES,NO,,03/08/2023,Y6
vsafe-1-6-daily-dose2,Y6D-18719-99583,s256312998886998997456481764006530054916,04/25/2021,Depression,Depression,25.1,YES,NO,,03/09/2023,Y6
vsafe-1-6-daily-dose2,Y6D-18719-99583,s256526977546361445821044310709830865348,04/27/2021,Depression,Depression,26.0,YES,NO,,03/24/2023,Y6
vsafe-7-day-dose1,Y6G-31119-99000,s260158235841698893066618843632960708798,06/01/2021,Dizziness,Dizziness,26.0,YES,NO,,03/31/2023,Y6
vsafe-7-day-dose1,Y6G-31119-99000,s260158235841698893066618843632960708798,06/01/2021,Hypertension,Blood pressure high,26.0,YES,NO,,03/31/2023,Y6
vsafe-1-6-daily-dose1,Y6D-31036-91824,s243991720141960675363319501750058777979,12/28/2020,Chest discomfort,Chest tightness,25.1,YES,NO,,10/28/2022,Y6
vsafe-1-6-daily-dose1,Y63-71946-60232,s244084143595551046960062247028822557371,12/29/2020,Herpes zoster,Shingles,25.1,YES,NO,,10/31/2022,Y6
vsafe-7-day-dose1,Y6D-31036-91824,s244094912349483861791406160252412552352,12/29/2020,Chest pain,Chest pain,25.1,YES,NO,,10/31/2022,Y6
vsafe-7-day-dose1,Y63-71946-60232,s244185156115385125464131402422263899889,12/30/2020,Herpes zoster,Shingles,25.1,YES,NO,,11/01/2022,Y6
vsafe-1-6-daily-dose1,Y6N-70678-54903,s245245550630342740086204762251095360416,01/09/2021,Oropharyngeal pain,Sore throat,25.1,YES,NO,,11/09/2022,Y6
vsafe-1-6-daily-dose1,Y6N-70678-54903,s245245550630342740086204762251095360416,01/09/2021,Cough,Cough,25.1,YES,NO,,11/09/2022,Y6
vsafe-0-day-dose1,Y6E-15411-23853,s245778094951817891743268887283018407411,01/14/2021,No adverse event,No adverse reaction,25.1,YES,NO,,11/14/2022,Y6
vsafe-1-6-daily-dose2,Y63-33850-20634,s247955598817413362380441739628708003074,02/04/2021,Fatigue,Tiredness,25.1,YES,NO,,12/07/2022,Y6
vsafe-1-6-daily-dose1,Y62-65682-04354,s249854553256324109388178501170813893219,02/22/2021,Fatigue,Tiredness,25.1,YES,NO,,12/29/2022,Y6
vsafe-1-6-daily-dose1,Y62-65682-04354,s249854553256324109388178501170813893219,02/22/2021,Dizziness,Light-headed,25.1,YES,NO,,12/29/2022,Y6
vsafe-1-6-daily-dose1,Y62-65682-04354,s249854553256324109388178501170813893219,02/22/2021,Throat irritation,Scratchy throat,25.1,YES,NO,,12/29/2022,Y6
vsafe-1-6-daily-dose1,Y62-65682-04354,s249854553256324109388178501170813893219,02/22/2021,Self-medication,Self-medication,25.1,YES,NO,,12/29/2022,Y6
vsafe-1-6-daily-dose1,Y66-15352-81851,s251512141971357304921281222740500215262,03/10/2021,Cough,Cough,25.1,YES,NO,,01/13/2023,Y6
vsafe-1-6-daily-dose1,Y66-15352-81851,s251512141971357304921281222740500215262,03/10/2021,Respiratory tract congestion,Respiratory tract congestion,25.1,YES,NO,,01/13/2023,Y6
vsafe-1-6-daily-dose2,Y6J-10634-04100,s251914108689240438488868574688008876257,03/14/2021,Limb discomfort,Arm discomfort,25.1,YES,NO,,01/25/2023,Y6
vsafe-1-6-daily-dose2,Y6J-10634-04100,s251914108689240438488868574688008876257,03/14/2021,Musculoskeletal discomfort,Shoulder discomfort,25.1,YES,NO,,01/25/2023,Y6
vsafe-1-6-daily-dose1,Y6G-23477-67405,s252662365979503024688335358972654165176,03/21/2021,Vaccination site pain,Vaccination site pain,25.1,YES,NO,,02/01/2023,Y6
vsafe-1-6-daily-dose1,Y6G-23477-67405,s252969928167595794727489943827060002841,03/24/2021,Respiratory tract congestion,Respiratory tract congestion,25.1,YES,NO,,02/03/2023,Y6
vsafe-0-day-dose2,Y64-21827-19483,s253274146340505755018684203045346792608,03/27/2021,Sinus disorder,Sinus disorder,25.1,YES,NO,,02/07/2023,Y6
vsafe-0-day-dose2,Y6D-21276-01202,s253514649350584750176991733847207592269,03/29/2021,Rash,Rash over arms,25.1,YES,NO,,02/09/2023,Y6
vsafe-0-day-dose2,Y6D-21276-01202,s253514649350584750176991733847207592269,03/29/2021,Medical counselling,Medical counseling,25.1,YES,NO,,02/09/2023,Y6
vsafe-0-day-dose2,Y6D-21276-01202,s253514649350584750176991733847207592269,03/29/2021,Hypersensitivity,Allergic reaction,25.1,YES,NO,,02/09/2023,Y6
vsafe-1-6-daily-dose2,Y64-21827-19483,s253586313036182907992603247253316610361,03/30/2021,Diabetes mellitus,Diabetes mellitus aggravated,25.1,YES,NO,,02/10/2023,Y6
vsafe-1-6-daily-dose2,Y64-21827-19483,s253586313036182907992603247253316610361,03/30/2021,Pre-existing disease,Pre-existing disease,25.1,YES,NO,,02/10/2023,Y6
vsafe-1-6-daily-dose2,Y6D-21276-01202,s253596829333420336337343629326549711333,03/30/2021,Rash,Rash,25.1,YES,NO,,02/10/2023,Y6
vsafe-1-6-daily-dose2,Y64-21827-19483,s253689567643202656510926833346142725014,03/31/2021,Blood glucose increased,Blood glucose increased,25.1,YES,NO,,02/10/2023,Y6
vsafe-1-6-daily-dose2,Y64-21827-19483,s253689567643202656510926833346142725014,03/31/2021,Eye haemorrhage,Eye bleeding,25.1,YES,NO,,02/10/2023,Y6
vsafe-1-6-daily-dose2,Y65-10534-10816,s253688211989147236869187623125500179182,03/31/2021,Rhinorrhoea,Runny nose,25.1,YES,NO,,02/10/2023,Y6
vsafe-1-6-daily-dose2,Y64-21827-19483,s253797622479476234680693890822905150090,04/01/2021,Blood glucose increased,Blood sugar increased,25.1,YES,NO,,02/13/2023,Y6
vsafe-1-6-daily-dose2,Y6L-74769-71722,s254331412754506911057758509074179864959,04/06/2021,Oropharyngeal pain,Sore throat,25.1,YES,NO,,02/17/2023,Y6
vsafe-7-day-dose1,Y6B-29764-37848,s254366339956803274312431679339972157986,04/06/2021,Feeling cold,Feeling cold,25.1,YES,NO,,02/17/2023,Y6
vsafe-1-6-daily-dose2,Y63-23975-85113,s255894933144235849968356392929617177459,04/21/2021,Rash pruritic,Itchy rash,25.1,YES,NO,,03/06/2023,Y6
vsafe-1-6-daily-dose2,Y63-23975-85113,s255894933144235849968356392929617177459,04/21/2021,Self-medication,Self-medication,25.1,YES,NO,,03/06/2023,Y6
vsafe-1-6-daily-dose2,Y63-23975-85113,s255894933144235849968356392929617177459,04/21/2021,Pre-existing disease,Pre-existing disease,25.1,YES,NO,,03/06/2023,Y6
vsafe-7-day-dose2,Y63-23975-85113,s256004469872412934594952544335566654057,04/22/2021,Oropharyngeal pain,Sore throat,25.1,YES,NO,,03/07/2023,Y6
vsafe-7-day-dose2,Y63-23975-85113,s256004469872412934594952544335566654057,04/22/2021,Rash,Localized rash,25.1,YES,NO,,03/07/2023,Y6
vsafe-1-6-daily-dose2,Y67-70908-20882,s256528903028975037495027323331456669523,04/27/2021,Oropharyngeal pain,Sore throat,26.0,YES,NO,,03/24/2023,Y6
vsafe-1-6-daily-dose2,Y6B-29764-37848,s256638742690989849799850788901039538084,04/28/2021,Dizziness,Dizzy,25.1,YES,NO,,03/09/2023,Y6
vsafe-1-6-daily-dose2,Y6B-29764-37848,s256638742690989849799850788901039538084,04/28/2021,Vertigo,Vertigo,25.1,YES,NO,,03/09/2023,Y6
vsafe-1-6-daily-dose2,Y6B-29764-37848,s256762626779388416396505352572888574115,04/29/2021,Vertigo,Vertigo,25.1,YES,NO,,03/10/2023,Y6
vsafe-1-6-daily-dose2,Y6B-29764-37848,s257042369001259779176714168396503758699,05/02/2021,Cough,Cough,25.1,YES,NO,,03/14/2023,Y6
vsafe-1-6-daily-dose2,Y67-11611-10013,s257760140214965480638030711277799261138,05/09/2021,Decreased appetite,Appetite absent,26.0,YES,NO,,03/17/2023,Y6
vsafe-1-6-daily-dose2,Y67-11611-10013,s257866658889833047949127370697880542151,05/10/2021,Brain fog,Brain fog,26.0,YES,NO,,03/17/2023,Y6
vsafe-1-6-daily-dose2,Y67-11611-10013,s257866658889833047949127370697880542151,05/10/2021,Lymph node pain,Lymph node pain,26.0,YES,NO,,03/17/2023,Y6
vsafe-1-6-daily-dose2,Y67-11611-10013,s257972293925008590192955066143029749681,05/11/2021,Lymph node pain,Lymph node pain,26.0,YES,NO,,03/20/2023,Y6
vsafe-1-6-daily-dose1,Y68-19651-69439,s267473658011951965553274690344260923427,08/10/2021,Oropharyngeal pain,Sore throat,26.0,YES,NO,,06/02/2023,Y6
vsafe-1-6-daily-dose1,Y68-19651-69439,s267473658011951965553274690344260923427,08/10/2021,Anxiety,Anxiety,26.0,YES,NO,,06/02/2023,Y6
vsafe-1-6-daily-dose1,Y6P-31228-40679,s243380521124796704779514128373757153288,12/22/2020,Musculoskeletal stiffness,Stiff neck,25.1,YES,NO,,10/24/2022,Y6
vsafe-1-6-daily-dose1,Y6P-31228-40679,s243465805695565474686331229474803859850,12/23/2020,Musculoskeletal stiffness,Neck stiff,25.1,NO,NO,01/16/2023,10/25/2022,Y6
vsafe-1-6-daily-dose1,Y6P-31228-40679,s243465805695565474686331229474803859850,12/23/2020,Musculoskeletal stiffness,Neck stiffness,25.1,YES,YES,01/16/2023,10/25/2022,Y6
vsafe-1-6-daily-dose1,Y6Z-13046-70462,s243896981767267561043478577883957099640,12/27/2020,Malaise,Feeling unwell,25.1,YES,NO,,10/27/2022,Y6
vsafe-1-6-daily-dose1,Y6Z-15692-22580,s244109526076399733078541868399587931681,12/29/2020,Dizziness,Dizziness,25.1,YES,NO,,10/31/2022,Y6
vsafe-1-6-daily-dose1,Y6Z-15692-22580,s244297815768190306801684878834673546539,12/31/2020,Paraesthesia,Tingling feet/hands,25.1,YES,NO,,11/02/2022,Y6
vsafe-1-6-daily-dose1,Y6Z-15692-22580,s244413619462102621647269905448590570348,01/01/2021,Paraesthesia oral,Tingling lips,25.1,YES,NO,,11/02/2022,Y6
vsafe-1-6-daily-dose1,Y6Z-15692-22580,s244413619462102621647269905448590570348,01/01/2021,Paraesthesia,Tingling of extremity,25.1,YES,NO,,11/02/2022,Y6
vsafe-1-6-daily-dose1,Y6Z-15692-22580,s244516855634751463767860148127755046364,01/02/2021,Paraesthesia oral,Tingling lips,25.1,YES,NO,,11/03/2022,Y6
vsafe-1-6-daily-dose1,Y6Z-15692-22580,s244516855634751463767860148127755046364,01/02/2021,Paraesthesia,Tingling feet/hands,25.1,NO,NO,01/18/2023,11/03/2022,Y6
vsafe-1-6-daily-dose1,Y6Z-15692-22580,s244516855634751463767860148127755046364,01/02/2021,Paraesthesia,Tingling of extremity,25.1,YES,YES,01/18/2023,11/03/2022,Y6
vsafe-1-6-daily-dose1,Y67-11123-61260,s244721345127913710360704819700964145181,01/04/2021,Dizziness,Light-headed,25.1,YES,NO,,11/04/2022,Y6
vsafe-7-day-dose1,Y6Q-13975-29964,s244822638258802941853425700202850437439,01/05/2021,Injection site pruritus,Injection site itching,25.1,YES,NO,,11/07/2022,Y6
vsafe-7-day-dose1,Y6Q-13975-29964,s244822638258802941853425700202850437439,01/05/2021,Injection site nodule,Injection site nodule,25.1,YES,NO,,11/07/2022,Y6
vsafe-1-6-daily-dose2,Y68-33866-16197,s245582833947673140540262650841316108144,01/12/2021,Muscle spasms,Muscle spasm,25.1,YES,NO,,11/11/2022,Y6
vsafe-1-6-daily-dose2,Y68-33866-16197,s245582833947673140540262650841316108144,01/12/2021,Tetany,Tetany,26.0,YES,NO,,11/11/2022,Y6
vsafe-0-day-dose1,Y6Q-36716-26594,s245561397758645027252938752839759088202,01/12/2021,Burning sensation,Burning sensation,25.1,YES,NO,,11/11/2022,Y6
vsafe-1-6-daily-dose1,Y6E-33607-32546,s248494028274609952234839145134529628026,02/09/2021,Paraesthesia,Pricking skin sensation,25.1,YES,NO,,12/14/2022,Y6
vsafe-1-6-daily-dose1,Y65-21731-29511,s251513563125601528353175454198704812652,03/10/2021,Poor quality sleep,Sleep restless,25.1,YES,NO,,01/13/2023,Y6
vsafe-1-6-daily-dose1,Y6H-29901-37886,s251840698201496876762543375061707541944,03/13/2021,Anaphylactic reaction,Anaphylaxis,25.1,YES,NO,,01/24/2023,Y6
vsafe-1-6-daily-dose1,Y6H-29901-37886,s251916337168648882565815236712578308557,03/14/2021,Hypoaesthesia oral,Numbness of tongue,25.1,YES,NO,,01/25/2023,Y6
vsafe-1-6-daily-dose1,Y6H-29901-37886,s251916337168648882565815236712578308557,03/14/2021,Dizziness,Dizziness,25.1,YES,NO,,01/25/2023,Y6
vsafe-0-day-dose1,Y68-10657-26382,s252034428922889720675569875248218795189,03/15/2021,Pruritus,Itchy upper limbs,25.1,YES,NO,,01/25/2023,Y6
vsafe-1-6-daily-dose1,Y6H-29901-37886,s252022249171954721131115955716660847948,03/15/2021,Hypoaesthesia oral,Numbness of tongue,25.1,YES,NO,,01/25/2023,Y6
vsafe-1-6-daily-dose1,Y6H-29901-37886,s252022249171954721131115955716660847948,03/15/2021,Hypoaesthesia oral,Numb mouth,25.1,YES,NO,,01/25/2023,Y6
vsafe-1-6-daily-dose1,Y6H-29901-37886,s252022249171954721131115955716660847948,03/15/2021,Dizziness,Dizziness,25.1,YES,NO,,01/25/2023,Y6
vsafe-7-day-dose1,Y65-21731-29511,s252026134374832890532879180597845192476,03/15/2021,Poor quality sleep,Sleep restless,25.1,YES,NO,,01/26/2023,Y6
vsafe-1-6-daily-dose1,Y6H-29901-37886,s252126283120981261281286683680400114753,03/16/2021,Hypoaesthesia oral,Numbness of tongue,25.1,YES,NO,,01/26/2023,Y6
vsafe-1-6-daily-dose1,Y6H-29901-37886,s252126283120981261281286683680400114753,03/16/2021,Hypoaesthesia,Numbness of head,25.1,YES,NO,,01/26/2023,Y6
vsafe-1-6-daily-dose1,Y6W-33437-27714,s252240352023688385928103316554441726835,03/17/2021,Swelling,Swelling,25.1,YES,NO,,01/27/2023,Y6
vsafe-1-6-daily-dose1,Y6W-33437-27714,s252240352023688385928103316554441726835,03/17/2021,Pain,Pain,25.1,YES,NO,,01/27/2023,Y6
vsafe-7-day-dose1,Y6H-29901-37886,s252234137037170286094884972853631547855,03/17/2021,Hypoaesthesia oral,Numbness of tongue,25.1,YES,NO,,01/28/2023,Y6
vsafe-7-day-dose1,Y6H-29901-37886,s252234137037170286094884972853631547855,03/17/2021,Palpitations,Heart racing,25.1,YES,NO,,01/28/2023,Y6
vsafe-1-6-daily-dose1,Y68-10657-26382,s252460845750972395720451142602313078430,03/19/2021,Heart rate increased,Heart rate high,25.1,YES,NO,,01/31/2023,Y6
vsafe-0-day-dose1,Y6S-14470-65612,s252974908607733811619628841807959950437,03/24/2021,No adverse event,No adverse reaction,25.1,YES,NO,,02/03/2023,Y6
vsafe-7-day-dose1,Y68-10657-26382,s252975279113073867715748321375204026222,03/24/2021,Eye pruritus,Itching eyes,25.1,YES,NO,,02/05/2023,Y6
vsafe-7-day-dose1,Y68-10657-26382,s252975279113073867715748321375204026222,03/24/2021,Pruritus,Pruritus facial,25.1,YES,NO,,02/05/2023,Y6
vsafe-7-day-dose1,Y68-10657-26382,s252975279113073867715748321375204026222,03/24/2021,Pruritus,Itchy upper limbs,25.1,YES,NO,,02/05/2023,Y6
vsafe-7-day-dose1,Y68-10657-26382,s252975279113073867715748321375204026222,03/24/2021,Oral mucosal eruption,Rash mouth,25.1,YES,NO,,02/05/2023,Y6
vsafe-1-6-daily-dose1,Y67-24905-19373,s253179382216072557980777098720572011421,03/26/2021,Dizziness,Dizziness,25.1,YES,NO,,02/07/2023,Y6
vsafe-1-6-daily-dose1,Y67-24905-19373,s253275957583237680733386226620818929141,03/27/2021,Dizziness,Dizziness,25.1,YES,NO,,02/07/2023,Y6
vsafe-1-6-daily-dose1,Y67-24905-19373,s253380696355536190020671232705575946658,03/28/2021,Dizziness,Dizziness,25.1,YES,NO,,02/08/2023,Y6
vsafe-1-6-daily-dose2,Y6C-23018-48570,s253388932854450049698178522884229192965,03/28/2021,Tinnitus,Ringing in ears,25.1,YES,NO,,02/08/2023,Y6
vsafe-7-day-dose1,Y67-24905-19373,s253701994187465382833579005351712954294,03/31/2021,Dizziness,Dizziness,25.1,YES,NO,,02/12/2023,Y6
vsafe-0-day-dose2,Y6D-12778-89043,s254014556080732941935016440810332419511,04/03/2021,Unevaluable event,Reaction unevaluable,25.1,YES,NO,,02/14/2023,Y6
vsafe-1-6-daily-dose2,Y6E-32240-43513,s254426961238583633094908292388633637271,04/07/2021,Seizure,Seizure,25.1,YES,NO,,02/17/2023,Y6
vsafe-1-6-daily-dose2,Y6E-32240-43513,s254426961238583633094908292388633637271,04/07/2021,Emergency care,Emergency care,25.1,YES,NO,,02/17/2023,Y6
vsafe-0-day-dose2,Y6N-10552-63606,s254524724517301508412630276336050175369,04/08/2021,Paranasal sinus discomfort,Sinus pressure,25.1,YES,NO,,02/20/2023,Y6
vsafe-1-6-daily-dose2,Y68-10657-26382,s254538634740695511874250511053904080534,04/08/2021,Pruritus,Pruritus facial,25.1,YES,NO,,02/20/2023,Y6
vsafe-1-6-daily-dose2,Y68-10657-26382,s254538634740695511874250511053904080534,04/08/2021,Rash,Rash on face,25.1,YES,NO,,02/20/2023,Y6
vsafe-1-6-daily-dose2,Y65-21731-29511,s254639277349066225788837599707602242889,04/09/2021,Poor quality sleep,Sleep restless,25.1,YES,NO,,02/21/2023,Y6
vsafe-1-6-daily-dose2,Y65-21731-29511,s254639277349066225788837599707602242889,04/09/2021,Insomnia,Difficulty sleeping,25.1,YES,NO,,02/21/2023,Y6
vsafe-1-6-daily-dose2,Y68-10657-26382,s254644626044782103034390456735378311057,04/09/2021,Pruritus,Itchy,25.1,YES,NO,,02/21/2023,Y6
vsafe-7-day-dose2,Y6T-91009-78653,s254630030478412021174961681871655315739,04/09/2021,Ageusia,Loss of taste,25.1,YES,NO,,02/22/2023,Y6
vsafe-1-6-daily-dose2,Y68-10657-26382,s254752072880638488428877246164068076706,04/10/2021,Rash,Rash,25.1,YES,NO,,02/22/2023,Y6
vsafe-1-6-daily-dose2,Y6Y-11221-88313,s254735163714674828115393502094996166865,04/10/2021,Arthralgia,Arthritic pains,25.1,YES,NO,,02/22/2023,Y6
vsafe-1-6-daily-dose2,Y65-21731-29511,s254843432897348128802846608236034536477,04/11/2021,Poor quality sleep,Sleep restless,25.1,YES,NO,,02/23/2023,Y6
vsafe-1-6-daily-dose2,Y65-21731-29511,s254843432897348128802846608236034536477,04/11/2021,Dyspnoea,Difficulty breathing,25.1,YES,NO,,02/23/2023,Y6
vsafe-1-6-daily-dose2,Y68-10657-26382,s254847394205772587509055005521225609045,04/11/2021,Perioral dermatitis,Perioral rash,25.1,YES,NO,,02/23/2023,Y6
vsafe-1-6-daily-dose2,Y68-10657-26382,s254847394205772587509055005521225609045,04/11/2021,Pruritus,Localized itching,25.1,YES,NO,,02/23/2023,Y6
vsafe-1-6-daily-dose2,Y65-21731-29511,s254952392411872544875102083619828176907,04/12/2021,Poor quality sleep,Sleep restless,25.1,YES,NO,,02/24/2023,Y6
vsafe-1-6-daily-dose2,Y65-21731-29511,s254952392411872544875102083619828176907,04/12/2021,Insomnia,Insomnia,25.1,YES,NO,,02/24/2023,Y6
vsafe-1-6-daily-dose2,Y68-10657-26382,s254977572883031757577363490489762502421,04/12/2021,Pruritus,Itching,25.1,YES,NO,,02/24/2023,Y6
vsafe-1-6-daily-dose2,Y68-10657-26382,s254977572883031757577363490489762502421,04/12/2021,Rash,Rash,25.1,YES,NO,,02/24/2023,Y6
vsafe-1-6-daily-dose2,Y65-21731-29511,s255058546732494851714244646454755521135,04/13/2021,Insomnia,Difficulty sleeping,25.1,YES,NO,,02/26/2023,Y6
vsafe-1-6-daily-dose2,Y65-21731-29511,s255058546732494851714244646454755521135,04/13/2021,Restlessness,Restlessness,25.1,YES,NO,,02/26/2023,Y6
vsafe-0-day-dose2,Y6S-13701-95278,s255283075087371895889864316918581327792,04/15/2021,Dizziness,Dizziness,25.1,YES,NO,,02/27/2023,Y6
vsafe-1-6-daily-dose2,Y6S-13701-95278,s255390157936976355658195127428289590519,04/16/2021,Dizziness,Dizziness,25.1,YES,NO,,03/01/2023,Y6
vsafe-1-6-daily-dose2,Y67-24905-19373,s255989919848837790365266058791550114935,04/22/2021,Dizziness,Dizziness,25.1,YES,NO,,03/07/2023,Y6
vsafe-1-6-daily-dose2,Y64-21124-02713,s256614406684517322440856019515428471340,04/28/2021,Axillary mass,Axillary lump,26.0,YES,NO,,03/09/2023,Y6
vsafe-1-6-daily-dose2,Y64-21124-02713,s256721029085847698867541114662366620620,04/29/2021,Oedema peripheral,Edema arms,25.1,YES,NO,,03/10/2023,Y6
vsafe-1-6-daily-dose2,Y64-21124-02713,s256721029085847698867541114662366620620,04/29/2021,Axillary mass,Axillary lump,26.0,YES,NO,,03/10/2023,Y6
vsafe-1-6-daily-dose2,Y64-21124-02713,s256824095205689316710952842330462941421,04/30/2021,Oedema peripheral,Edema arms,26.0,YES,NO,,03/13/2023,Y6
vsafe-7-day-dose2,Y64-21124-02713,s257143739267620481289571918137621354125,05/03/2021,Cardiac discomfort,Heart pressure sensation of,26.0,YES,NO,,03/14/2023,Y6
vsafe-1-6-daily-dose1,Y6D-10597-03696,s258094970331101249229699658774213196123,05/12/2021,Binocular eye movement disorder,Convergence insufficiency,26.0,YES,NO,,03/20/2023,Y6
vsafe-1-6-daily-dose1,Y6D-10597-03696,s258197706456857410134543001772133864425,05/13/2021,Pre-existing disease,Pre-existing disease,26.0,YES,NO,,03/21/2023,Y6
vsafe-1-6-daily-dose1,Y6D-10597-03696,s258197706456857410134543001772133864425,05/13/2021,Eye pain,Eye pain,26.0,YES,NO,,03/21/2023,Y6
vsafe-1-6-daily-dose1,Y6D-10597-03696,s258302520528754551162727144617029540756,05/14/2021,Eye pain,Eye pain,26.0,YES,NO,,03/21/2023,Y6
vsafe-1-6-daily-dose1,Y6H-31459-74114,s245452136808802994281630680325898810635,01/11/2021,Unevaluable event,Reaction unevaluable,25.1,NO,NO,01/20/2023,11/10/2022,Y6
vsafe-1-6-daily-dose1,Y6H-31459-74114,s245452136808802994281630680325898810635,01/11/2021,No adverse event,No adverse reaction,25.1,YES,YES,01/20/2023,11/10/2022,Y6
vsafe-1-6-daily-dose2,Y62-24991-48460,s245472036312619985844217498649284457695,01/11/2021,Heavy menstrual bleeding,Menstruation increased,25.1,YES,NO,,11/10/2022,Y6
vsafe-1-6-daily-dose1,Y6H-31459-74114,s245984710462896436191376348447481971366,01/16/2021,Dyspnoea,Shortness of breath,25.1,YES,NO,,11/16/2022,Y6
vsafe-7-day-dose1,Y6H-31459-74114,s246073518434232285697626219982910802998,01/17/2021,Dyspnoea,Difficulty breathing,25.1,YES,NO,,11/18/2022,Y6
vsafe-1-6-daily-dose1,Y6M-16147-30095,s246100578018504075785733190472826550043,01/17/2021,Emergency care,Emergency care,25.1,YES,NO,,11/17/2022,Y6
vsafe-1-6-daily-dose1,Y6M-16147-30095,s246100578018504075785733190472826550043,01/17/2021,Gastritis,Gastritis,25.1,YES,NO,,11/17/2022,Y6
vsafe-1-6-daily-dose1,Y6J-86348-08677,s246428419315241599455611227931870420062,01/20/2021,Headache,Headache,25.1,YES,NO,,11/21/2022,Y6
vsafe-1-6-daily-dose1,Y6P-21266-10930,s246397314180524556775517355351835599427,01/20/2021,Lymphadenopathy,Lymph nodes cervical swollen,25.1,YES,NO,,11/21/2022,Y6
vsafe-1-6-daily-dose1,Y6J-86348-08677,s246810158479746410503894769466461585343,01/24/2021,Headache,Headache,25.1,YES,NO,,11/23/2022,Y6
vsafe-1-6-daily-dose1,Y6J-86348-08677,s246931925770456945384139374619087491211,01/25/2021,Myalgia,Muscle pain,25.1,YES,NO,,11/23/2022,Y6
vsafe-1-6-daily-dose1,Y6T-20328-22215,s246912700504052690267118857868043512545,01/25/2021,Pain in extremity,Pain in arm,25.1,YES,NO,,11/23/2022,Y6
vsafe-1-6-daily-dose1,Y6P-76567-23077,s247124486787084925642981849921791618673,01/27/2021,Malaise,Feeling sick,25.1,YES,NO,,11/28/2022,Y6
vsafe-1-6-daily-dose1,Y6T-20328-22215,s247321545690525423610015059802667531811,01/29/2021,Pain in extremity,Leg pain,25.1,YES,NO,,11/30/2022,Y6
vsafe-1-6-daily-dose1,Y62-70013-96611,s247430151017989966368705580384918346160,01/30/2021,Feeling abnormal,Feels bad,25.1,YES,NO,,11/30/2022,Y6
vsafe-7-day-dose1,Y6P-76567-23077,s247617601619971678707112989921800511423,02/01/2021,Pain in extremity,Pain in leg,25.1,YES,NO,,12/02/2022,Y6
vsafe-1-6-daily-dose1,Y6A-11042-11861,s247851209840026964755131135621478386618,02/03/2021,Oedema peripheral,Edema arms,25.1,YES,NO,,12/05/2022,Y6
vsafe-1-6-daily-dose1,Y6A-11042-11861,s247851209840026964755131135621478386618,02/03/2021,Axillary pain,Armpit pain,25.1,YES,NO,,12/05/2022,Y6
vsafe-0-day-dose1,Y6X-14013-79938,s247960858507432335167718432123868859991,02/04/2021,Pruritus,Extremities itchy sensation of,25.1,YES,NO,,12/06/2022,Y6
vsafe-7-day-dose1,Y6A-11042-11861,s247956017778249323934535053498674468671,02/04/2021,Lymphadenopathy,Axillary lymph nodes enlarged,25.1,YES,NO,,12/07/2022,Y6
vsafe-7-day-dose1,Y6A-11042-11861,s247956017778249323934535053498674468671,02/04/2021,Axillary pain,Axillary pain,25.1,YES,NO,,12/07/2022,Y6
vsafe-1-6-daily-dose1,Y6X-14013-79938,s248069767642441967220040965674268004240,02/05/2021,Feeling hot,Feeling hot,25.1,YES,NO,,12/08/2022,Y6
vsafe-1-6-daily-dose2,Y6T-20328-22215,s248997804512439197740894363621824018663,02/14/2021,Oropharyngeal pain,Sore throat,25.1,YES,NO,,12/22/2022,Y6
vsafe-1-6-daily-dose2,Y6T-20328-22215,s249415525726049760567375306518776428798,02/18/2021,Heart rate increased,Heart rate increased,25.1,YES,NO,,12/27/2022,Y6
vsafe-1-6-daily-dose2,Y69-22371-98081,s250875503312075077816447569315523863199,03/04/2021,Syncope,Fainting,25.1,YES,NO,,01/09/2023,Y6
vsafe-1-6-daily-dose1,Y6J-13244-59872,s251085780405003184843900754349028696083,03/06/2021,Feeling hot,Feeling hot,25.1,YES,NO,,01/10/2023,Y6
vsafe-1-6-daily-dose1,Y6J-13244-59872,s251085780405003184843900754349028696083,03/06/2021,Flushing,Flushed face,25.1,YES,NO,,01/10/2023,Y6
vsafe-7-day-dose2,Y6P-76567-23077,s251296812554588773716580187202281717958,03/08/2021,Systemic lupus erythematosus,Lupus syndrome,25.1,YES,NO,,01/12/2023,Y6
vsafe-7-day-dose2,Y6P-76567-23077,s251296812554588773716580187202281717958,03/08/2021,Fibromyalgia,Fibromyalgia,25.1,YES,NO,,01/12/2023,Y6
vsafe-7-day-dose2,Y6P-76567-23077,s251296812554588773716580187202281717958,03/08/2021,Condition aggravated,Condition aggravated,25.1,YES,NO,,01/12/2023,Y6
vsafe-7-day-dose2,Y6P-76567-23077,s251296812554588773716580187202281717958,03/08/2021,Pre-existing disease,Pre-existing disease,25.1,YES,NO,,01/12/2023,Y6
vsafe-1-6-daily-dose2,Y6X-14013-79938,s251403942446734205207514934774860521308,03/09/2021,Headache,Headache,25.1,YES,NO,,01/12/2023,Y6
vsafe-1-6-daily-dose2,Y6X-14013-79938,s251508581648423768917048544409026180087,03/10/2021,Headache,Headache,25.1,YES,NO,,01/13/2023,Y6
vsafe-1-6-daily-dose2,Y6X-14013-79938,s251614340324034042195542268427308292063,03/11/2021,Sinusitis,Sinus infection,25.1,YES,NO,,01/23/2023,Y6
vsafe-7-day-dose2,Y6X-14013-79938,s251718013779165089007211083331929828307,03/12/2021,Sinusitis,Sinus infection,25.1,YES,NO,,01/24/2023,Y6
vsafe-7-day-dose2,Y6X-14013-79938,s251718013779165089007211083331929828307,03/12/2021,SARS-CoV-2 test negative,COVID-19 virus test negative,25.1,YES,NO,,01/24/2023,Y6
vsafe-1-6-daily-dose2,Y6L-19657-91946,s252039672744142203244412005549876085633,03/15/2021,Vertigo,Vertigo,25.1,YES,NO,,01/26/2023,Y6
vsafe-1-6-daily-dose2,Y6L-19657-91946,s252140879157338990289441988669887626967,03/16/2021,Vertigo,Vertigo,25.1,YES,NO,,01/26/2023,Y6
vsafe-0-day-dose1,Y6V-31820-75788,s252647713974949778463310915134630273319,03/21/2021,Flushing,Facial flushing,25.1,YES,NO,,02/01/2023,Y6
vsafe-0-day-dose1,Y6V-31820-75788,s252647713974949778463310915134630273319,03/21/2021,Erythema,Face red,25.1,YES,NO,,02/01/2023,Y6
vsafe-0-day-dose1,Y6V-31820-75788,s252647713974949778463310915134630273319,03/21/2021,Feeling abnormal,Foggy feeling in head,25.1,YES,NO,,02/01/2023,Y6
vsafe-1-6-daily-dose2,Y69-66717-68971,s252967939414470502582678112850152129383,03/24/2021,Dyspnoea,Shortness of breath,25.1,YES,NO,,02/03/2023,Y6
vsafe-1-6-daily-dose1,Y6N-25146-63595,s253075974169812578937838293788513714161,03/25/2021,Axillary pain,Armpit pain,25.1,YES,NO,,02/06/2023,Y6
vsafe-1-6-daily-dose2,Y69-66717-68971,s253086719988235725850246918248860408162,03/25/2021,Dyspnoea,Shortness of breath,25.1,YES,NO,,02/06/2023,Y6
vsafe-1-6-daily-dose2,Y69-66717-68971,s253086719988235725850246918248860408162,03/25/2021,Asthma,Asthmatic attack,25.1,YES,NO,,02/06/2023,Y6
vsafe-7-day-dose1,Y6N-25146-63595,s253183311731555144306761422060454068760,03/26/2021,Axillary pain,Armpit pain,25.1,YES,NO,,02/07/2023,Y6
vsafe-1-6-daily-dose1,Y64-83834-76024,s254216918232684637396065712656857313764,04/05/2021,Insomnia,Sleep loss,25.1,YES,NO,,02/16/2023,Y6
vsafe-1-6-daily-dose1,Y64-83834-76024,s254320535869076792638944378117744650504,04/06/2021,Polymenorrhoea,Menstruation frequent,25.1,YES,NO,,02/16/2023,Y6
vsafe-1-6-daily-dose2,Y6C-12798-98522,s254423576335902101080103002644387897788,04/07/2021,Oropharyngeal pain,Sore throat,25.1,YES,NO,,02/17/2023,Y6
vsafe-1-6-daily-dose2,Y6C-12798-98522,s254423576335902101080103002644387897788,04/07/2021,Rhinorrhoea,Runny nose,25.1,YES,NO,,02/17/2023,Y6
vsafe-0-day-dose1,Y6X-10620-78406,s254954457942217834402762969159368867791,04/12/2021,Oropharyngeal pain,Sore throat,25.1,YES,NO,,02/23/2023,Y6
vsafe-1-6-daily-dose1,Y66-28402-35323,s254965599873226805433575236737237144452,04/12/2021,Migraine,Migraine,25.1,YES,NO,,02/23/2023,Y6
vsafe-7-day-dose2,Y6W-59553-50059,s255015824028861665266474552452247635960,04/13/2021,Pain in extremity,Pain in arm,25.1,YES,NO,,02/27/2023,Y6
vsafe-1-6-daily-dose1,Y6X-10620-78406,s255159368702386826351030451018482218653,04/14/2021,Pain in extremity,Pain in arm,25.1,YES,NO,,03/01/2023,Y6
vsafe-1-6-daily-dose2,Y6V-31820-75788,s255155537953446805214083264386156915640,04/14/2021,Dyspnoea,Shortness of breath,25.1,YES,NO,,03/01/2023,Y6
vsafe-1-6-daily-dose2,Y6V-31820-75788,s255258721923171955981609994022126547599,04/15/2021,Dyspnoea,Shortness of breath,25.1,YES,NO,,02/28/2023,Y6
vsafe-7-day-dose1,Y66-28402-35323,s255297286354450761515693690923216714065,04/16/2021,Pre-existing disease,Pre-existing disease,25.1,YES,NO,,02/28/2023,Y6
vsafe-7-day-dose1,Y66-28402-35323,s255297286354450761515693690923216714065,04/16/2021,Asthma,Asthma aggravated,25.1,YES,NO,,02/28/2023,Y6
vsafe-1-6-daily-dose2,Y6V-31820-75788,s255464840554229587814771432730577735690,04/17/2021,Dyspnoea,Shortness of breath,25.1,YES,NO,,03/02/2023,Y6
vsafe-1-6-daily-dose2,Y6V-31820-75788,s255464840554229587814771432730577735690,04/17/2021,Medical counselling,Medical counseling,25.1,YES,NO,,03/02/2023,Y6
vsafe-1-6-daily-dose1,Y6X-10620-78406,s255591626921428965419922556048198251866,04/18/2021,Respiratory tract congestion,Respiratory tract congestion,26.0,YES,NO,,03/23/2023,Y6
vsafe-1-6-daily-dose1,Y6X-10620-78406,s255591626921428965419922556048198251866,04/18/2021,Discharge,Discharge,26.0,YES,NO,,03/23/2023,Y6
vsafe-1-6-daily-dose2,Y67-29917-08730,s255579967064032560805881483865470164141,04/18/2021,Blood glucose increased,Blood sugar increased,26.0,YES,NO,,03/23/2023,Y6
vsafe-7-day-dose2,Y6V-31820-75788,s255568540385926948509511956440218765428,04/18/2021,Dyspnoea,Shortness of breath,26.0,YES,NO,,03/23/2023,Y6
vsafe-7-day-dose2,Y6V-31820-75788,s255568540385926948509511956440218765428,04/18/2021,Office visit,Office visit,26.0,YES,NO,,03/23/2023,Y6
vsafe-1-6-daily-dose2,Y67-29917-08730,s255678329520101033311615306832817088915,04/19/2021,Blood glucose increased,Blood sugar increased,25.1,YES,NO,,03/03/2023,Y6
vsafe-1-6-daily-dose2,Y6M-10373-40296,s255798279309592818341302074329549956244,04/20/2021,Heart rate increased,Heart rate increased,25.1,YES,NO,,03/03/2023,Y6
vsafe-1-6-daily-dose2,Y67-29917-08730,s255887230018815169370003428142951828821,04/21/2021,Injection site pain,Injection site pain,25.1,YES,NO,,03/06/2023,Y6
vsafe-1-6-daily-dose2,Y67-29917-08730,s255887230018815169370003428142951828821,04/21/2021,Injection site pain,Injection site muscle pain,25.1,YES,NO,,03/06/2023,Y6
vsafe-1-6-daily-dose1,Y69-12284-95507,s260810948885842219780904296490610598037,06/07/2021,Pregnancy,Pregnancy,26.0,YES,NO,,04/03/2023,Y6
vsafe-1-6-daily-dose1,Y6U-20101-46100,s261430848278600559132559182095803098562,06/13/2021,Fatigue,Fatigue,26.0,YES,NO,,04/04/2023,Y6
vsafe-1-6-daily-dose1,Y6U-20101-46100,s261430848278600559132559182095803098562,06/13/2021,Fatigue,Tiredness,26.0,YES,NO,,04/04/2023,Y6
vsafe-7-day-dose2,Y6U-20101-46100,s264156973241306143255801500231568861135,07/09/2021,Dizziness,Dizziness,26.0,YES,NO,,04/09/2023,Y6
vsafe-1-6-daily-dose2,Y6X-29287-42444,s245334223628795215706291038084502584524,01/10/2021,Dizziness,Dizziness,25.1,YES,NO,,11/10/2022,Y6
vsafe-1-6-daily-dose1,Y6V-10992-76532,s246172931852410160519919791872812948829,01/18/2021,Blood urine present,Blood in urine,25.1,YES,NO,,11/18/2022,Y6
vsafe-1-6-daily-dose2,Y69-29465-98054,s246809604664019580969366775541124480437,01/24/2021,Pain in extremity,Pain in arm,25.1,YES,NO,,11/23/2022,Y6
vsafe-1-6-daily-dose2,Y69-29465-98054,s246809604664019580969366775541124480437,01/24/2021,Muscular weakness,Weakness of arms,25.1,YES,NO,,11/23/2022,Y6
vsafe-1-6-daily-dose2,Y6L-33530-22675,s247547421860966339972350397349790118405,01/31/2021,Dizziness,Light-headed,25.1,YES,NO,,12/01/2022,Y6
vsafe-1-6-daily-dose2,Y6B-10047-38495,s248788527829914245500990748595350825078,02/12/2021,Toothache,Tooth pain,25.1,YES,NO,,12/20/2022,Y6
vsafe-1-6-daily-dose2,Y6M-10400-25100,s248927102221875685178186704546958070621,02/13/2021,Aphthous ulcer,Canker sore,25.1,YES,NO,,12/21/2022,Y6
vsafe-1-6-daily-dose2,Y6M-10400-25100,s248927102221875685178186704546958070621,02/13/2021,Oral pain,Sore mouth,25.1,YES,NO,,12/21/2022,Y6
vsafe-1-6-daily-dose2,Y6M-10400-25100,s249010165668335495118910398673225179402,02/14/2021,Lymphadenopathy,Axillary lymph nodes enlarged,25.1,YES,NO,,12/22/2022,Y6
vsafe-1-6-daily-dose2,Y6M-10400-25100,s249010165668335495118910398673225179402,02/14/2021,Aphthous ulcer,Canker sore,25.1,YES,NO,,12/22/2022,Y6
vsafe-1-6-daily-dose2,Y6M-10400-25100,s249010165668335495118910398673225179402,02/14/2021,Gingival pain,Sore gums,25.1,YES,NO,,12/22/2022,Y6
vsafe-7-day-dose2,Y6H-14737-25833,s249095078198450999010490991718112567541,02/15/2021,Chills,Chills,25.1,YES,NO,,12/23/2022,Y6
vsafe-7-day-dose2,Y6H-14737-25833,s249095078198450999010490991718112567541,02/15/2021,Headache,Headache,25.1,YES,NO,,12/23/2022,Y6
vsafe-7-day-dose2,Y6H-14737-25833,s249095078198450999010490991718112567541,02/15/2021,Pyrexia,Low grade fever,25.1,YES,NO,,12/23/2022,Y6
vsafe-1-6-daily-dose2,Y6W-28460-76315,s249419965593057495490895955297636591095,02/18/2021,Swelling face,Swelling face,25.1,YES,NO,,12/27/2022,Y6
vsafe-1-6-daily-dose2,Y6W-28460-76315,s249419965593057495490895955297636591095,02/18/2021,Laryngitis,Laryngitis,25.1,YES,NO,,12/27/2022,Y6
vsafe-1-6-daily-dose2,Y6W-28460-76315,s249419965593057495490895955297636591095,02/18/2021,Laryngeal pain,Larynx pain,25.1,YES,NO,,12/27/2022,Y6
vsafe-1-6-daily-dose2,Y68-26863-97994,s249723676637374955778484126833705670323,02/21/2021,Dysuria,Urination pain,25.1,YES,NO,,12/29/2022,Y6
vsafe-1-6-daily-dose2,Y68-26863-97994,s249827559542770180193154493878083660232,02/22/2021,Urinary tract infection,Urinary tract infection,25.1,YES,NO,,12/29/2022,Y6
vsafe-1-6-daily-dose2,Y6H-37844-28634,s250065020417100655517648925623254169644,02/24/2021,Agitation,Agitation,25.1,YES,NO,,12/30/2022,Y6
vsafe-1-6-daily-dose2,Y6H-37844-28634,s250065020417100655517648925623254169644,02/24/2021,Tremor,Shaking,25.1,YES,NO,,12/30/2022,Y6
vsafe-0-day-dose1,Y6J-33457-73760,s250149783804287526509897116417352435541,02/25/2021,Injection site discomfort,Injection site discomfort,25.1,YES,NO,,12/30/2022,Y6
vsafe-1-6-daily-dose1,Y6J-33457-73760,s250247829166040195828599805304761915794,02/26/2021,Injection site discomfort,Injection site discomfort,25.1,YES,NO,,01/03/2023,Y6
vsafe-0-day-dose2,Y68-31797-85079,s250369099986304528649956619148061182137,02/27/2021,Dysgeusia,Taste metallic,25.1,YES,NO,,01/04/2023,Y6
vsafe-1-6-daily-dose2,Y65-64790-98948,s250559888915305214593067451323731567237,03/01/2021,Vertigo,Vertigo,25.1,YES,NO,,01/05/2023,Y6
vsafe-1-6-daily-dose2,Y6R-20345-93863,s251409284174297125924097803018069216998,03/09/2021,Pyrexia,Fever,25.1,YES,NO,,01/12/2023,Y6
vsafe-1-6-daily-dose2,Y6R-20345-93863,s251409284174297125924097803018069216998,03/09/2021,Chills,Chills,25.1,YES,NO,,01/12/2023,Y6
vsafe-1-6-daily-dose2,Y6R-20345-93863,s251409284174297125924097803018069216998,03/09/2021,Headache,Headache,25.1,YES,NO,,01/12/2023,Y6
vsafe-1-6-daily-dose2,Y6R-20345-93863,s251409284174297125924097803018069216998,03/09/2021,Pain,Ache,25.1,YES,NO,,01/12/2023,Y6
vsafe-1-6-daily-dose2,Y6R-20345-93863,s251513729064726441096680897700571017521,03/10/2021,Candida infection,Thrush,25.1,YES,NO,,01/13/2023,Y6
vsafe-1-6-daily-dose1,Y6F-26016-21488,s251515768403962507533705563957480830305,03/10/2021,Chest discomfort,Chest pressure,25.1,YES,NO,,01/13/2023,Y6
vsafe-1-6-daily-dose2,Y6R-20345-93863,s251612692316124075598599838883803451041,03/11/2021,Candida infection,Thrush,25.1,YES,NO,,01/23/2023,Y6
vsafe-1-6-daily-dose1,Y6A-31771-53671,s251714969038075846101045084720091261306,03/12/2021,Blister,Blister,25.1,YES,NO,,01/23/2023,Y6
vsafe-1-6-daily-dose1,Y6K-21225-04784,s251732105871953042162563188167801445766,03/12/2021,Feeling abnormal,Feeling abnormal,25.1,YES,NO,,01/23/2023,Y6
vsafe-1-6-daily-dose1,Y6A-31771-53671,s251817809037815576122664186378369770333,03/13/2021,Blister,Blister,25.1,YES,NO,,01/24/2023,Y6
vsafe-1-6-daily-dose1,Y6A-31771-53671,s251921536289070171044826442518793726819,03/14/2021,Blister,Blister,25.1,YES,NO,,01/25/2023,Y6
vsafe-0-day-dose2,Y6R-21058-67097,s252246749709315708850733052604023764853,03/17/2021,Pain in extremity,Pain in arm,25.1,YES,NO,,01/27/2023,Y6
vsafe-1-6-daily-dose2,Y6R-21058-67097,s252351151132965210694658041071908038432,03/18/2021,Pain in extremity,Pain in arm,25.1,YES,NO,,01/30/2023,Y6
vsafe-0-day-dose2,Y6G-29340-47284,s252452842157942531286554758862418403587,03/19/2021,Pain in extremity,Pain in arm,25.1,YES,NO,,01/30/2023,Y6
vsafe-0-day-dose2,Y6G-29340-47284,s252452842157942531286554758862418403587,03/19/2021,Limb discomfort,Arm discomfort,25.1,YES,NO,,01/30/2023,Y6
vsafe-1-6-daily-dose2,Y6R-21058-67097,s252458567720396103307291870414164861484,03/19/2021,No adverse event,No adverse reaction,25.1,YES,NO,,01/31/2023,Y6
vsafe-1-6-daily-dose1,Y6D-24108-41925,s252652075832370689568884349962493236271,03/21/2021,Dizziness,Light-headed,25.1,YES,NO,,02/01/2023,Y6
vsafe-1-6-daily-dose2,Y6R-21058-67097,s252657986129451460870420706069974780051,03/21/2021,Pain in extremity,Pain in arm,25.1,YES,NO,,02/01/2023,Y6
vsafe-1-6-daily-dose1,Y64-15026-10633,s253067854232768863594163983532247651305,03/25/2021,Lymphadenopathy,Lymph nodes cervical swollen,25.1,YES,NO,,02/06/2023,Y6
vsafe-1-6-daily-dose2,Y6C-28846-74020,s253071408584825696539077493717845296711,03/25/2021,Burning sensation,Burning sensation of upper limb,25.1,YES,NO,,02/06/2023,Y6
vsafe-1-6-daily-dose1,Y64-15026-10633,s253174659298899004981502355278672837583,03/26/2021,Lymphadenopathy,Lymph nodes cervical swollen,25.1,YES,NO,,02/07/2023,Y6
vsafe-1-6-daily-dose1,Y64-15026-10633,s253174659298899004981502355278672837583,03/26/2021,Lymph node pain,Lymph node tenderness,25.1,YES,NO,,02/07/2023,Y6
vsafe-1-6-daily-dose2,Y64-12571-97286,s253168685203938034334777561613310017619,03/26/2021,Blood pressure increased,Blood pressure increased,25.1,YES,NO,,02/07/2023,Y6
vsafe-1-6-daily-dose2,Y6C-28846-74020,s253168786971507095182770386699285049558,03/26/2021,Disorientation,Disorientation,25.1,YES,NO,,02/07/2023,Y6
vsafe-1-6-daily-dose2,Y6C-28846-74020,s253168786971507095182770386699285049558,03/26/2021,Feeling abnormal,Foggy feeling in head,25.1,YES,NO,,02/07/2023,Y6
vsafe-1-6-daily-dose1,Y64-15026-10633,s253382903558214337056621836288484070633,03/28/2021,Dizziness,Dizziness,25.1,YES,NO,,02/08/2023,Y6
vsafe-1-6-daily-dose1,Y64-15026-10633,s253382903558214337056621836288484070633,03/28/2021,Lymph node pain,Lymph node tenderness,25.1,YES,NO,,02/08/2023,Y6
vsafe-1-6-daily-dose1,Y64-15026-10633,s253493340565127724925637320665048183977,03/29/2021,Pre-existing disease,Pre-existing disease,25.1,YES,NO,,02/09/2023,Y6
vsafe-1-6-daily-dose1,Y64-15026-10633,s253493340565127724925637320665048183977,03/29/2021,Condition aggravated,Condition aggravated,25.1,YES,NO,,02/09/2023,Y6
vsafe-7-day-dose1,Y64-15026-10633,s253586904763048874678734228219627187914,03/30/2021,Post-acute COVID-19 syndrome,Long COVID,25.1,NO,NO,06/18/2023,02/10/2023,Y6
vsafe-7-day-dose1,Y64-15026-10633,s253586904763048874678734228219627187914,03/30/2021,Pre-existing disease,Pre-existing disease,26.0,YES,YES,06/18/2023,02/10/2023,Y6
vsafe-7-day-dose1,Y64-15026-10633,s253586904763048874678734228219627187914,03/30/2021,Condition aggravated,Condition aggravated,26.0,YES,YES,06/18/2023,02/10/2023,Y6
vsafe-1-6-daily-dose2,Y64-12571-97286,s253688702515537461207589473888208847708,03/31/2021,Urinary tract infection,UTI,25.1,YES,NO,,02/10/2023,Y6
vsafe-7-day-dose2,Y64-12571-97286,s253999589004853980166715686965746505758,04/03/2021,Urinary tract infection,UTI,25.1,YES,NO,,02/15/2023,Y6
vsafe-0-day-dose2,Y6D-24108-41925,s254431660576398791807442066531840324899,04/07/2021,Taste disorder,Taste abnormality,25.1,YES,NO,,02/17/2023,Y6
vsafe-0-day-dose2,Y6K-21225-04784,s254544085311160154924118471408016312963,04/08/2021,No adverse event,No adverse reaction,25.1,YES,NO,,02/20/2023,Y6
vsafe-1-6-daily-dose2,Y6C-13172-81454,s254538506100919735069388630887223701947,04/08/2021,Spinal pain,Spinal pain,25.1,YES,NO,,02/20/2023,Y6
vsafe-1-6-daily-dose2,Y6C-13172-81454,s254538506100919735069388630887223701947,04/08/2021,Emergency care,Emergency care,25.1,YES,NO,,02/20/2023,Y6
vsafe-1-6-daily-dose2,Y6A-31771-53671,s254637716456805829911410256684360817693,04/09/2021,Lymphadenopathy,Axillary lymph nodes enlarged,25.1,YES,NO,,02/21/2023,Y6
vsafe-1-6-daily-dose2,Y6A-31771-53671,s254637716456805829911410256684360817693,04/09/2021,Lymphadenopathy,Lymph nodes cervical swollen,25.1,YES,NO,,02/21/2023,Y6
vsafe-1-6-daily-dose2,Y6F-26016-21488,s254635428705422113732543112782795134611,04/09/2021,Dyspnoea,Short of breath,25.1,YES,NO,,02/21/2023,Y6
vsafe-1-6-daily-dose2,Y6A-31771-53671,s254733912233242579628608912475086809438,04/10/2021,Dizziness,Dizziness,25.1,YES,NO,,02/22/2023,Y6
vsafe-1-6-daily-dose2,Y6A-31771-53671,s254733912233242579628608912475086809438,04/10/2021,Lymphadenopathy,Axillary lymph nodes enlarged,25.1,YES,NO,,02/22/2023,Y6
vsafe-1-6-daily-dose2,Y6C-13172-81454,s254773805000523782349350325851880342869,04/10/2021,Back pain,Back pain,25.1,YES,NO,,02/22/2023,Y6
vsafe-1-6-daily-dose2,Y6C-13172-81454,s254773805000523782349350325851880342869,04/10/2021,Emergency care,Emergency care,25.1,YES,NO,,02/22/2023,Y6
vsafe-1-6-daily-dose2,Y6A-31771-53671,s254836234330619123390067773343420543486,04/11/2021,Lymphadenopathy,Axillary lymph nodes enlarged,25.1,YES,NO,,02/23/2023,Y6
vsafe-7-day-dose2,Y6A-31771-53671,s255154483088680610410261440480206833484,04/14/2021,Erythema,Skin red,25.1,YES,NO,,02/27/2023,Y6
vsafe-7-day-dose2,Y6A-31771-53671,s255154483088680610410261440480206833484,04/14/2021,Contusion,Bruising,25.1,YES,NO,,02/27/2023,Y6
vsafe-7-day-dose2,Y6K-21225-04784,s255292969258258007060801876687837629983,04/15/2021,Muscle spasms,Leg cramps,25.1,YES,NO,,02/28/2023,Y6
vsafe-1-6-daily-dose1,Y6H-18128-21220,s255469457330271471371116906781023588625,04/17/2021,Dizziness,Dizzy,25.1,YES,NO,,03/02/2023,Y6
vsafe-7-day-dose2,Y64-15026-10633,s255884734019680166824230370339730416740,04/21/2021,Hypoaesthesia,Numbness,25.1,YES,NO,,03/06/2023,Y6
vsafe-7-day-dose2,Y64-15026-10633,s255884734019680166824230370339730416740,04/21/2021,Paraesthesia,Tingling of extremity,25.1,YES,NO,,03/06/2023,Y6
vsafe-7-day-dose2,Y64-15026-10633,s255884734019680166824230370339730416740,04/21/2021,Paraesthesia,Pins and needles,25.1,YES,NO,,03/06/2023,Y6
vsafe-7-day-dose2,Y64-15026-10633,s255884734019680166824230370339730416740,04/21/2021,Pain in extremity,Pain in arm,25.1,YES,NO,,03/06/2023,Y6
vsafe-7-day-dose2,Y64-15026-10633,s255884734019680166824230370339730416740,04/21/2021,Pain in extremity,Pain in leg,25.1,YES,NO,,03/06/2023,Y6
vsafe-0-day-dose2,Y62-23122-34035,s260273064272810327722133700075449921025,06/02/2021,Pre-existing disease,Pre-existing disease,26.0,YES,NO,,03/31/2023,Y6
vsafe-0-day-dose2,Y62-23122-34035,s260273064272810327722133700075449921025,06/02/2021,Condition aggravated,Condition aggravated,26.0,YES,NO,,03/31/2023,Y6
vsafe-0-day-dose2,Y62-23122-34035,s260273064272810327722133700075449921025,06/02/2021,Bronchitis,Bronchitis,26.0,YES,NO,,03/31/2023,Y6
vsafe-1-6-daily-dose2,Y65-26036-68803,s260803808590279462473640612474621930165,06/07/2021,Dizziness,Dizziness,26.0,YES,NO,,04/03/2023,Y6
vsafe-1-6-daily-dose1,Y6X-75247-15310,s266258666450784891401931125809652342085,07/29/2021,Chest pain,Chest pain,26.0,YES,NO,,04/21/2023,Y6
vsafe-1-6-daily-dose1,Y6X-75247-15310,s266258666450784891401931125809652342085,07/29/2021,Dyspnoea,Shortness of breath,26.0,YES,NO,,04/21/2023,Y6
vsafe-1-6-daily-dose1,Y6X-75247-15310,s266339386376538518150922607284330356233,07/30/2021,Pericarditis,Pericarditis,26.0,YES,NO,,04/25/2023,Y6
vsafe-7-day-dose1,Y6X-75247-15310,s266441905297715955332074734412414774660,07/31/2021,Pericarditis,Pericarditis,26.0,YES,NO,,04/28/2023,Y6
vsafe-7-day-dose1,Y6X-75247-15310,s266441905297715955332074734412414774660,07/31/2021,Chest pain,Chest pain,26.0,YES,NO,,04/28/2023,Y6
vsafe-7-day-dose1,Y6X-75247-15310,s266441905297715955332074734412414774660,07/31/2021,Dyspnoea,Short of breath,26.0,YES,NO,,04/28/2023,Y6
vsafe-1-6-daily-dose2,Y6L-16082-69311,s269672004953422354262687277612052138674,08/31/2021,Vertigo,Vertigo,26.0,YES,NO,,08/21/2023,Y6
vsafe-1-6-daily-dose2,Y6L-16082-69311,s269672004953422354262687277612052138674,08/31/2021,Gait inability,Unable to walk,26.0,YES,NO,,08/21/2023,Y6
vsafe-1-6-daily-dose2,Y6L-16082-69311,s269672004953422354262687277612052138674,08/31/2021,Mobility decreased,Mobility decreased,26.0,YES,NO,,08/21/2023,Y6
vsafe-1-6-daily-dose2,Y6L-16082-69311,s269672004953422354262687277612052138674,08/31/2021,Vertigo,Spinning sensation,26.0,YES,NO,,08/21/2023,Y6
vsafe-1-6-daily-dose2,Y6L-16082-69311,s269672004953422354262687277612052138674,08/31/2021,Tinnitus,Ringing in ears,26.0,YES,NO,,08/21/2023,Y6
vsafe-1-6-daily-dose2,Y6L-16082-69311,s269672004953422354262687277612052138674,08/31/2021,Ear discomfort,Sensation of pressure in ear,26.0,YES,NO,,08/21/2023,Y6
vsafe-1-6-daily-dose2,Y6L-16082-69311,s269672004953422354262687277612052138674,08/31/2021,Headache,Headache,26.0,YES,NO,,08/21/2023,Y6
vsafe-1-6-daily-dose2,Y6L-16082-69311,s269672004953422354262687277612052138674,08/31/2021,Ocular discomfort,Sensation of pressure in eye,26.0,YES,NO,,08/21/2023,Y6
vsafe-1-6-daily-dose2,Y6L-16082-69311,s269672004953422354262687277612052138674,08/31/2021,Pain,Generalized aching,26.0,YES,NO,,08/21/2023,Y6
vsafe-1-6-daily-dose2,Y6L-16082-69311,s269672004953422354262687277612052138674,08/31/2021,Pyrexia,Fever,26.0,YES,NO,,08/21/2023,Y6
vsafe-1-6-daily-dose2,Y6L-16082-69311,s269672004953422354262687277612052138674,08/31/2021,Heart rate increased,Heart rate high,26.0,YES,NO,,08/21/2023,Y6
vsafe-1-6-daily-dose2,Y6L-16082-69311,s269672004953422354262687277612052138674,08/31/2021,Chest discomfort,Chest tightness,26.0,YES,NO,,08/21/2023,Y6
vsafe-1-6-daily-dose2,Y6L-16082-69311,s269775996738483145053330182623164245515,09/01/2021,Ear pain,Ear ache,26.0,YES,NO,,08/23/2023,Y6
vsafe-1-6-daily-dose2,Y6L-16082-69311,s269775996738483145053330182623164245515,09/01/2021,Lymph node pain,Lymph node pain,26.0,YES,NO,,08/23/2023,Y6
vsafe-1-6-daily-dose2,Y6L-16082-69311,s269775996738483145053330182623164245515,09/01/2021,Ophthalmoplegia,Eye muscle weakness,26.0,YES,NO,,08/23/2023,Y6
vsafe-1-6-daily-dose2,Y6L-16082-69311,s269775996738483145053330182623164245515,09/01/2021,Eye pain,Eye tenderness,26.0,YES,NO,,08/23/2023,Y6
vsafe-1-6-daily-dose2,Y6L-16082-69311,s269775996738483145053330182623164245515,09/01/2021,Dizziness,Dizziness,26.0,YES,NO,,08/23/2023,Y6
vsafe-7-day-dose2,Y6L-16082-69311,s269984447936846317543746953959722111453,09/03/2021,Ear pain,Ear ache,26.0,YES,NO,,09/04/2023,Y6
vsafe-7-day-dose2,Y6L-16082-69311,s269984447936846317543746953959722111453,09/03/2021,Balance disorder,Balance difficulty,26.0,YES,NO,,09/04/2023,Y6
vsafe-7-day-dose2,Y6L-16082-69311,s269984447936846317543746953959722111453,09/03/2021,Vision blurred,Difficulty focusing eyes,26.0,YES,NO,,09/04/2023,Y6
vsafe-1-6-daily-dose1,Y6C-23691-92513,s243040543973161657026243292661048569654,12/19/2020,Dizziness,Light headedness,25.1,YES,NO,,10/20/2022,Y6
vsafe-1-6-daily-dose1,Y6X-27015-74453,s244214209787160126532409136696869412628,12/30/2020,Hallucination,Hallucinations,25.1,YES,NO,,11/01/2022,Y6
vsafe-1-6-daily-dose1,Y6K-20601-62542,s244617294509375355612473961600418243122,01/03/2021,Fatigue,Fatigue,25.1,YES,NO,,11/04/2022,Y6
vsafe-0-day-dose1,Y64-30784-54164,s244814789509579263174565341446386933384,01/05/2021,Palpitations,Palpitations,25.1,YES,NO,,11/04/2022,Y6
vsafe-0-day-dose1,Y64-30784-54164,s244814789509579263174565341446386933384,01/05/2021,Heart rate increased,Heart rate increased,25.1,YES,NO,,11/04/2022,Y6
vsafe-0-day-dose1,Y64-30784-54164,s244814789509579263174565341446386933384,01/05/2021,Blood pressure increased,Elevated BP,25.1,YES,NO,,11/04/2022,Y6
vsafe-1-6-daily-dose2,Y6D-31442-00578,s246188445326623376336538377869236800245,01/18/2021,Arthralgia,Knee pain,25.1,NO,NO,09/11/2023,11/18/2022,Y6
vsafe-1-6-daily-dose2,Y6D-31442-00578,s246188445326623376336538377869236800245,01/18/2021,Arthralgia,Pain in knee,26.1,YES,YES,09/11/2023,11/18/2022,Y6
vsafe-0-day-dose2,Y6K-20601-62542,s246487077509968934097373046179256498198,01/21/2021,Hypoaesthesia,Numbness,25.1,YES,NO,,11/21/2022,Y6
vsafe-1-6-daily-dose2,Y67-54213-00613,s246510401675263471650033454677169457527,01/21/2021,Neck pain,Pain neck,25.1,YES,NO,,11/21/2022,Y6
vsafe-1-6-daily-dose2,Y67-54213-00613,s246510401675263471650033454677169457527,01/21/2021,Arthralgia,Painful hips,25.1,YES,NO,,11/21/2022,Y6
vsafe-1-6-daily-dose2,Y6R-58252-64283,s246593764060568953358941847181811421719,01/22/2021,Lymphadenopathy,Axillary lymph nodes enlarged,25.1,YES,NO,,11/22/2022,Y6
vsafe-1-6-daily-dose2,Y6R-58252-64283,s246694154977535079584963530244764628334,01/23/2021,Limb discomfort,Arm discomfort,25.1,YES,NO,,11/23/2022,Y6
vsafe-0-day-dose1,Y6T-28528-37018,s247640900826503370134051035574742694348,02/01/2021,Oropharyngeal pain,Sore throat,25.1,YES,NO,,12/02/2022,Y6
vsafe-1-6-daily-dose1,Y66-11289-35437,s248187484030609841091067627648584405722,02/06/2021,Influenza virus test positive,Influenza virus test positive,25.1,YES,NO,,12/09/2022,Y6
vsafe-1-6-daily-dose1,Y66-11289-35437,s248381175481395815316005883154098993392,02/08/2021,Sjogren's syndrome,Sjoegren's syndrome,25.1,YES,NO,,12/13/2022,Y6
vsafe-1-6-daily-dose1,Y66-11289-35437,s248381175481395815316005883154098993392,02/08/2021,Pre-existing disease,Pre-existing disease,25.1,YES,NO,,12/13/2022,Y6
vsafe-0-day-dose1,Y6W-36710-29863,s248488892725996341554508362344120860228,02/09/2021,Paraesthesia,Tingling,25.1,YES,NO,,12/14/2022,Y6
vsafe-1-6-daily-dose1,Y66-11289-35437,s248486074386411039170854036878536640202,02/09/2021,Autoimmune disorder,Autoimmune disease flare up,25.1,YES,NO,,12/14/2022,Y6
vsafe-1-6-daily-dose1,Y67-39637-83206,s248484221182308559489425096416397238765,02/09/2021,Neck pain,Neck pain,25.1,YES,NO,,12/14/2022,Y6
vsafe-1-6-daily-dose1,Y67-39637-83206,s248484221182308559489425096416397238765,02/09/2021,Arthralgia,Shoulder pain,25.1,YES,NO,,12/14/2022,Y6
vsafe-1-6-daily-dose1,Y6F-20842-01896,s248489917528720762894012293640459268631,02/09/2021,Lip blister,Blister of lip,25.1,YES,NO,,12/14/2022,Y6
vsafe-1-6-daily-dose1,Y6F-20842-01896,s248489917528720762894012293640459268631,02/09/2021,Immediate post-injection reaction,Immediate post-injection reaction,25.1,YES,NO,,12/14/2022,Y6
vsafe-1-6-daily-dose1,Y6F-20842-01896,s248489917528720762894012293640459268631,02/09/2021,Self-medication,Self-medication,25.1,YES,NO,,12/14/2022,Y6
vsafe-1-6-daily-dose1,Y67-39637-83206,s248590850193769640349666921251280171181,02/10/2021,Neck pain,Neck pain,25.1,YES,NO,,12/16/2022,Y6
vsafe-1-6-daily-dose1,Y67-39637-83206,s248590850193769640349666921251280171181,02/10/2021,Arthralgia,Shoulder pain,25.1,YES,NO,,12/16/2022,Y6
vsafe-7-day-dose1,Y66-11289-35437,s248898506374178342851566888025089295435,02/13/2021,Sjogren's syndrome,Sjogren's syndrome,25.1,YES,NO,,12/21/2022,Y6
vsafe-7-day-dose1,Y66-11289-35437,s248898506374178342851566888025089295435,02/13/2021,Pre-existing disease,Pre-existing disease,25.1,YES,NO,,12/21/2022,Y6
vsafe-7-day-dose1,Y67-39637-83206,s248898447713154498103345131880226390648,02/13/2021,Arthralgia,Shoulder pain,25.1,YES,NO,,12/21/2022,Y6
vsafe-7-day-dose1,Y67-39637-83206,s248898447713154498103345131880226390648,02/13/2021,Neck pain,Neck pain,25.1,YES,NO,,12/21/2022,Y6
vsafe-1-6-daily-dose2,Y6F-15815-79127,s248994524332346824528031246585896296254,02/14/2021,Adverse reaction,Adverse reaction,25.1,YES,NO,,12/22/2022,Y6
vsafe-1-6-daily-dose2,Y6G-29300-95789,s249305761879836747828668239845633215501,02/17/2021,Dyspnoea,Shortness of breath,25.1,YES,NO,,12/27/2022,Y6
vsafe-1-6-daily-dose1,Y6D-12155-19450,s249319232062348601777125009087261207430,02/17/2021,Pain in extremity,Pain in arm,25.1,YES,NO,,12/23/2022,Y6
vsafe-1-6-daily-dose1,Y6D-12155-19450,s249319232062348601777125009087261207430,02/17/2021,Arthralgia,Knee pain,25.1,YES,NO,,12/23/2022,Y6
vsafe-1-6-daily-dose2,Y6Z-19895-43685,s250048992550705992530571168622282707653,02/24/2021,Lymphadenopathy,Axillary lymph nodes enlarged,25.1,YES,NO,,12/30/2022,Y6
vsafe-0-day-dose2,Y6F-20842-01896,s250383713989809804708838732163850047358,02/27/2021,Dyspnoea,Shortness of breath,25.1,YES,NO,,01/04/2023,Y6
vsafe-0-day-dose2,Y6F-20842-01896,s250383713989809804708838732163850047358,02/27/2021,Heart rate increased,Heart rate increased,25.1,YES,NO,,01/04/2023,Y6
vsafe-0-day-dose2,Y6F-20842-01896,s250383713989809804708838732163850047358,02/27/2021,Immediate post-injection reaction,Immediate post-injection reaction,25.1,YES,NO,,01/04/2023,Y6
vsafe-1-6-daily-dose2,Y6F-20842-01896,s250463027415366535008596780807344531612,02/28/2021,Crohn's disease,Crohn's aggravated,25.1,YES,NO,,01/05/2023,Y6
vsafe-1-6-daily-dose2,Y6F-20842-01896,s250463027415366535008596780807344531612,02/28/2021,Pre-existing disease,Pre-existing disease,25.1,YES,NO,,01/05/2023,Y6
vsafe-1-6-daily-dose2,Y66-11289-35437,s250671942188977844017376415935745372452,03/02/2021,Pre-existing disease,Pre-existing disease,25.1,YES,NO,,01/06/2023,Y6
vsafe-1-6-daily-dose2,Y6F-20842-01896,s250887777384870394115845781262648869842,03/04/2021,Cough,Cough,25.1,YES,NO,,01/09/2023,Y6
vsafe-1-6-daily-dose2,Y6K-15887-82119,s250883413993816772269480249969064213119,03/04/2021,Skin odour abnormal,Body smell altered,25.1,YES,NO,,01/09/2023,Y6
vsafe-7-day-dose1,Y6E-19278-95681,s250887509091068655465418469297384776947,03/04/2021,Blood pressure increased,Elevated BP,25.1,YES,NO,,01/09/2023,Y6
vsafe-7-day-dose1,Y6E-19278-95681,s250887509091068655465418469297384776947,03/04/2021,Musculoskeletal discomfort,Neck discomfort,25.1,YES,NO,,01/09/2023,Y6
vsafe-7-day-dose1,Y6E-19278-95681,s250887509091068655465418469297384776947,03/04/2021,Chest discomfort,Chest discomfort,25.1,YES,NO,,01/09/2023,Y6
vsafe-7-day-dose1,Y6E-19278-95681,s250887509091068655465418469297384776947,03/04/2021,Abdominal distension,Bloating,25.1,YES,NO,,01/09/2023,Y6
vsafe-1-6-daily-dose2,Y66-11289-35437,s251012061176681264559297136067590388529,03/05/2021,Unevaluable event,Reaction unevaluable,25.1,YES,NO,,01/09/2023,Y6
vsafe-7-day-dose2,Y6F-20842-01896,s251091220081248013684792958895683940483,03/06/2021,Nerve injury,Nerve injury,25.1,YES,NO,,01/10/2023,Y6
vsafe-7-day-dose2,Y6F-20842-01896,s251091220081248013684792958895683940483,03/06/2021,Procedural complication,Procedural complication,25.1,YES,NO,,01/10/2023,Y6
vsafe-7-day-dose2,Y6F-20842-01896,s251091220081248013684792958895683940483,03/06/2021,Nerve block,Nerve block,25.1,YES,NO,,01/10/2023,Y6
vsafe-0-day-dose1,Y6A-33267-52023,s251308396140392439269217185054090513760,03/08/2021,Injection site pain,Injection site muscle pain,25.1,YES,NO,,01/11/2023,Y6
vsafe-7-day-dose2,Y66-11289-35437,s251426027923167463601009912892495667462,03/09/2021,Condition aggravated,Condition aggravated,25.1,YES,NO,,01/12/2023,Y6
vsafe-7-day-dose2,Y66-11289-35437,s251426027923167463601009912892495667462,03/09/2021,Pre-existing disease,Pre-existing disease,25.1,YES,NO,,01/12/2023,Y6
vsafe-1-6-daily-dose2,Y6Z-24361-50576,s251511717395052511237173523536664985914,03/10/2021,Anxiety,Anxiety,25.1,YES,NO,,01/13/2023,Y6
vsafe-1-6-daily-dose2,Y6D-12155-19450,s252025178543159155922906239232253786617,03/15/2021,Arthralgia,Knee pain,25.1,YES,NO,,01/26/2023,Y6
vsafe-1-6-daily-dose1,Y6W-17503-48702,s252139183659535127885541202431396418123,03/16/2021,Dizziness,Dizzy,25.1,YES,NO,,01/26/2023,Y6
vsafe-1-6-daily-dose1,Y6W-17503-48702,s252139183659535127885541202431396418123,03/16/2021,Respiratory tract congestion,Respiratory tract congestion,25.1,YES,NO,,01/26/2023,Y6
vsafe-1-6-daily-dose1,Y6W-17503-48702,s252139183659535127885541202431396418123,03/16/2021,Palpitations,Palpitations,25.1,YES,NO,,01/26/2023,Y6
vsafe-1-6-daily-dose1,Y6W-17503-48702,s252250420287286733426507189209287815545,03/17/2021,Injection site paraesthesia,Injection site tingling,25.1,YES,NO,,01/27/2023,Y6
vsafe-1-6-daily-dose1,Y6W-17503-48702,s252250420287286733426507189209287815545,03/17/2021,Palpitations,Palpitations,25.1,YES,NO,,01/27/2023,Y6
vsafe-1-6-daily-dose1,Y6W-17503-48702,s252250420287286733426507189209287815545,03/17/2021,Restlessness,Restlessness,25.1,YES,NO,,01/27/2023,Y6
vsafe-1-6-daily-dose1,Y6W-17503-48702,s252250420287286733426507189209287815545,03/17/2021,Anxiety,Anxious mood,25.1,YES,NO,,01/27/2023,Y6
vsafe-7-day-dose1,Y6W-17503-48702,s252458339305250400792102693904572898694,03/19/2021,Parosmia,Altered smell sensation,25.1,YES,NO,,01/31/2023,Y6
vsafe-7-day-dose1,Y6W-17503-48702,s252458339305250400792102693904572898694,03/19/2021,Olfactory dysfunction,Olfactory dysfunction,25.1,YES,NO,,01/31/2023,Y6
vsafe-7-day-dose1,Y6W-17503-48702,s252458339305250400792102693904572898694,03/19/2021,Dysgeusia,Taste peculiar,25.1,YES,NO,,01/31/2023,Y6
vsafe-7-day-dose1,Y6W-17503-48702,s252458339305250400792102693904572898694,03/19/2021,Gastrointestinal disorder,Gastrointestinal disorder,25.1,YES,NO,,01/31/2023,Y6
vsafe-1-6-daily-dose1,Y6V-28002-56616,s254320912640579498700452645005939096106,04/06/2021,Migraine,Migraine,25.1,YES,NO,,02/16/2023,Y6
vsafe-0-day-dose2,Y6B-28514-05407,s256531762519827517898020018886709788592,04/27/2021,Dry mouth,Dry mouth,26.0,YES,NO,,03/24/2023,Y6
vsafe-0-day-dose2,Y6B-28514-05407,s256531762519827517898020018886709788592,04/27/2021,Dysgeusia,Taste metallic,26.0,YES,NO,,03/24/2023,Y6
vsafe-0-day-dose2,Y6V-28002-56616,s256821866410513261566452053031309180281,04/30/2021,Migraine,Migraine,26.0,YES,NO,,03/10/2023,Y6
vsafe-1-6-daily-dose1,Y6D-25061-25927,s257353481832927067444006919467925403876,05/05/2021,Unevaluable event,Reaction unevaluable,25.1,YES,NO,,03/15/2023,Y6
vsafe-0-day-dose1,Y6B-21182-90097,s264673313049753253296773055528221415114,07/14/2021,Paraesthesia,Tingling of extremity,26.0,YES,YES,04/10/2023,04/10/2023,Y6
