SURVEY_STATIC_ID,REGISTRANT_CODE,RESPONSE_ID,STARTED_ON,PT_NAME,LLT_NAME,MEDDRA_VERSION,ACTIVE,NEWCODE,DATEUPDATED,DATECODED,REG_CODE_PREFIX
vsafe-0-day-dose1,ZAB-68875-82491,s244939664001866073572414576966545111886,01/06/2021,Chest discomfort,Tight chest,25.1,YES,NO,,11/07/2022,ZA
vsafe-1-6-daily-dose1,ZAB-68875-82491,s245456964801750317733420184538083625725,01/11/2021,Chest discomfort,Chest discomfort,25.1,YES,NO,,11/10/2022,ZA
vsafe-1-6-daily-dose1,ZAB-68875-82491,s245561934263785408584304944820330837646,01/12/2021,Cough,Cough,25.1,YES,NO,,11/11/2022,ZA
vsafe-1-6-daily-dose1,ZAB-68875-82491,s245561934263785408584304944820330837646,01/12/2021,Chest pain,Chest pain,25.1,YES,NO,,11/11/2022,ZA
vsafe-7-day-dose1,ZAB-68875-82491,s245679868025418411654702777404404455112,01/13/2021,Cough,Cough,25.1,YES,NO,,11/14/2022,ZA
vsafe-1-6-daily-dose1,ZA4-21694-28227,s247233244588060780767346351065721923952,01/28/2021,Axillary pain,Armpit pain,25.1,YES,NO,,11/29/2022,ZA
vsafe-1-6-daily-dose1,ZAR-48767-45845,s247329739044726165600602167918184781648,01/29/2021,Unevaluable event,Reaction unevaluable,25.1,YES,NO,,11/30/2022,ZA
vsafe-1-6-daily-dose1,ZAR-48767-45845,s247542688654997061442335753975544601215,01/31/2021,Dyspnoea,Shortness of breath,25.1,YES,NO,,12/01/2022,ZA
vsafe-7-day-dose1,ZAH-42842-55199,s247742514567706143907953755943577720667,02/02/2021,No adverse event,No adverse reaction,25.1,YES,NO,,12/05/2022,ZA
vsafe-1-6-daily-dose1,ZAY-10044-17629,s248078818270039433848405993273785197295,02/05/2021,Unevaluable event,Reaction unevaluable,25.1,YES,NO,,12/08/2022,ZA
vsafe-7-day-dose1,ZAU-21892-78992,s248164155517492344972047995394455163459,02/06/2021,Pre-existing disease,Pre-existing disease,25.1,YES,NO,,12/10/2022,ZA
vsafe-1-6-daily-dose1,ZAX-11739-69881,s248813241071029592641117859946554875039,02/12/2021,Rhinorrhoea,Runny nose,25.1,YES,NO,,12/20/2022,ZA
vsafe-1-6-daily-dose2,ZA4-21694-28227,s250481742903227504215047408349461753618,02/28/2021,Oropharyngeal pain,Sore throat,25.1,YES,NO,,01/05/2023,ZA
vsafe-1-6-daily-dose1,ZA9-60261-49314,s251189129103093346490273409791045539795,03/07/2021,Injection site pain,Injection site tenderness,25.1,YES,NO,,01/11/2023,ZA
vsafe-1-6-daily-dose1,ZA9-60261-49314,s251189129103093346490273409791045539795,03/07/2021,Limb discomfort,Arm discomfort,25.1,YES,NO,,01/11/2023,ZA
vsafe-1-6-daily-dose1,ZA9-60261-49314,s251302000676711160632168665654229610396,03/08/2021,Pre-existing disease,Pre-existing disease,25.1,YES,NO,,01/11/2023,ZA
vsafe-1-6-daily-dose2,ZAJ-73868-73831,s251292878398595688646629524712077279033,03/08/2021,Lymphadenopathy,Swollen lymph nodes,25.1,YES,NO,,01/11/2023,ZA
vsafe-1-6-daily-dose1,ZA9-34473-26533,s251400189931326329325551848482553856217,03/09/2021,Lymphadenopathy,Axillary lymph nodes enlarged,25.1,YES,NO,,01/12/2023,ZA
vsafe-1-6-daily-dose1,ZA9-34473-26533,s251609442325421825285174369673877833305,03/11/2021,Axillary pain,Axillary pain,25.1,YES,NO,,01/15/2023,ZA
vsafe-1-6-daily-dose1,ZAH-20154-70143,s251717410629801787078399094066214753077,03/12/2021,No adverse event,No adverse reaction,25.1,YES,NO,,01/23/2023,ZA
vsafe-7-day-dose1,ZA9-34473-26533,s251736628852075103228767924188359578987,03/12/2021,Axillary pain,Armpit pain,25.1,YES,NO,,01/24/2023,ZA
vsafe-7-day-dose2,ZAY-10044-17629,s251738435926096724315826513186097124257,03/12/2021,Flushing,Flushed,25.1,YES,NO,,01/24/2023,ZA
vsafe-7-day-dose2,ZAY-10044-17629,s251738435926096724315826513186097124257,03/12/2021,Anxiety,Anxiety attack,25.1,YES,NO,,01/24/2023,ZA
vsafe-1-6-daily-dose1,ZA3-65642-91184,s252774074342303869081538139651064890189,03/22/2021,Pre-existing disease,Pre-existing disease,25.1,YES,NO,,02/02/2023,ZA
vsafe-1-6-daily-dose1,ZA3-65642-91184,s252774074342303869081538139651064890189,03/22/2021,Condition aggravated,Condition aggravated,25.1,YES,NO,,02/02/2023,ZA
vsafe-1-6-daily-dose2,ZAN-19434-01853,s252761012170363223331194587716529040067,03/22/2021,Lymphadenopathy,Swollen lymph nodes,25.1,YES,NO,,02/02/2023,ZA
vsafe-1-6-daily-dose2,ZAN-19434-01853,s252869789835861521780535451594737247857,03/23/2021,Lymphadenopathy,Axillary lymph nodes enlarged,25.1,YES,NO,,02/03/2023,ZA
vsafe-1-6-daily-dose2,ZAN-19434-01853,s252971646286104287298417919604321568985,03/24/2021,Lymphadenopathy,Swollen lymph nodes,25.1,YES,NO,,02/03/2023,ZA
vsafe-7-day-dose1,ZAL-29787-67518,s253336903516230569424350066003503908497,03/28/2021,Fatigue,Tiredness,25.1,YES,NO,,02/08/2023,ZA
vsafe-7-day-dose1,ZAL-29787-67518,s253336903516230569424350066003503908497,03/28/2021,Pyrexia,Fever,25.1,YES,NO,,02/08/2023,ZA
vsafe-7-day-dose1,ZAL-29787-67518,s253336903516230569424350066003503908497,03/28/2021,Chills,Chills,25.1,YES,NO,,02/08/2023,ZA
vsafe-7-day-dose1,ZAL-29787-67518,s253336903516230569424350066003503908497,03/28/2021,Myalgia,Muscle pain,25.1,YES,NO,,02/08/2023,ZA
vsafe-7-day-dose1,ZAL-29787-67518,s253336903516230569424350066003503908497,03/28/2021,Arthralgia,Joint pain,25.1,YES,NO,,02/08/2023,ZA
vsafe-1-6-daily-dose1,ZAD-19936-92823,s253907434540312169325507217738087161148,04/02/2021,Pruritus,Itchy legs,25.1,YES,NO,,02/14/2023,ZA
vsafe-1-6-daily-dose1,ZAD-19936-92823,s253907434540312169325507217738087161148,04/02/2021,Pruritus,Itchy upper limbs,25.1,YES,NO,,02/14/2023,ZA
vsafe-1-6-daily-dose2,ZA9-60261-49314,s254215656365208238061066890750737427543,04/05/2021,Rhinorrhoea,Runny nose,25.1,YES,NO,,02/16/2023,ZA
vsafe-1-6-daily-dose1,ZAD-19936-92823,s254440762784207041003376934809022163634,04/07/2021,Abdominal pain upper,Stomach ache,25.1,YES,NO,,02/17/2023,ZA
vsafe-1-6-daily-dose2,ZA9-60261-49314,s254420642110393427094062361318206874597,04/07/2021,Rhinorrhoea,Runny nose,25.1,YES,NO,,02/17/2023,ZA
vsafe-1-6-daily-dose1,ZAF-20386-44342,s254653738577031793164311851451802120049,04/09/2021,Sleep disorder,Sleep disorder,25.1,YES,NO,,02/21/2023,ZA
vsafe-1-6-daily-dose1,ZAF-20386-44342,s254653738577031793164311851451802120049,04/09/2021,Sleep disorder,Sleep disturbed,25.1,YES,NO,,02/21/2023,ZA
vsafe-7-day-dose2,ZA9-60261-49314,s254642940457147608496844422414745659805,04/09/2021,Fatigue,Tiredness,25.1,YES,NO,,02/22/2023,ZA
vsafe-1-6-daily-dose2,ZAJ-62054-52598,s255984809946591486324655747288521117707,04/22/2021,Pain in extremity,Pain in leg,25.1,YES,NO,,03/07/2023,ZA
vsafe-1-6-daily-dose2,ZAA-17639-86840,s256627307600374416765279327945379938570,04/28/2021,Feeling abnormal,Foggy feeling in head,25.1,YES,NO,,03/09/2023,ZA
vsafe-1-6-daily-dose2,ZAA-17639-86840,s256833132318255650512559006672656927612,04/30/2021,Cough,Cough,25.1,YES,NO,,03/13/2023,ZA
vsafe-1-6-daily-dose2,ZAA-17639-86840,s256833132318255650512559006672656927612,04/30/2021,Insomnia,Insomnia,25.1,YES,NO,,03/13/2023,ZA
vsafe-1-6-daily-dose2,ZAF-20386-44342,s257150407216762565115913655176139526828,05/03/2021,Feeling hot,Feeling hot,26.0,YES,NO,,03/14/2023,ZA
vsafe-1-6-daily-dose1,ZAX-33209-31319,s261010961265392435442040224115763874574,06/09/2021,Hot flush,Hot flashes,26.0,YES,NO,,04/04/2023,ZA
vsafe-1-6-daily-dose1,ZAX-33209-31319,s261115803040124980889752295152135362436,06/10/2021,Skin warm,Skin warm,26.0,YES,NO,,04/04/2023,ZA
vsafe-1-6-daily-dose2,ZA9-95466-32685,s261105226247401007855473099372103387275,06/10/2021,Urticaria,Hives,26.0,YES,NO,,04/04/2023,ZA
vsafe-1-6-daily-dose2,ZA9-95466-32685,s261316014460157083950172546933260446734,06/12/2021,Rash,Rash,26.0,YES,NO,,04/04/2023,ZA
vsafe-1-6-daily-dose1,ZAX-33209-31319,s261461751836810720553876053621153126082,06/13/2021,Lymphadenopathy,Lymph nodes enlarged,26.0,YES,NO,,04/04/2023,ZA
vsafe-7-day-dose2,ZA9-95466-32685,s261755057426459186463522376808389048692,06/16/2021,Respiratory tract congestion,Respiratory tract congestion,26.0,YES,NO,,04/05/2023,ZA
vsafe-7-day-dose2,ZA9-95466-32685,s261755057426459186463522376808389048692,06/16/2021,Oropharyngeal pain,Sore throat,26.0,YES,NO,,04/05/2023,ZA
vsafe-1-6-daily-dose3,ZAN-19434-01853,s272912965836049933854955057268453443607,10/01/2021,Oropharyngeal pain,Sore throat,26.1,YES,NO,,12/06/2023,ZA
vsafe-7-day-dose3,ZAX-11739-69881,s272993744451390699676699857220528652872,10/02/2021,Cough,Cough,26.1,YES,NO,,12/07/2023,ZA
vsafe-0-day-dose3,ZA3-65642-91184,s277232757297575829794076679476540522655,11/11/2021,Pre-existing disease,Pre-existing disease,26.1,YES,NO,,12/22/2023,ZA
vsafe-1-6-daily-dose3,ZA3-65642-91184,s277726277876766708716729218888891022126,11/16/2021,Central venous catheterisation,Peripherally inserted central catheterization,26.1,YES,NO,,01/12/2024,ZA
vsafe-1-6-daily-dose3,ZA3-65642-91184,s277726277876766708716729218888891022126,11/16/2021,Rash,Rash,26.1,YES,NO,,01/12/2024,ZA
vsafe-7-day-dose3,ZA3-65642-91184,s278153950802053604008494298529878684513,11/20/2021,Rash,Rash,26.1,YES,NO,,01/30/2024,ZA
vsafe-7-day-dose3,ZA3-65642-91184,s278153950802053604008494298529878684513,11/20/2021,Pre-existing disease,Pre-existing disease,26.1,YES,NO,,01/30/2024,ZA
vsafe-1-6-daily-dose3,ZAP-11578-86318,s282105931351454043283905450691049178387,12/28/2021,Urticaria,Hives,27.0,YES,NO,,08/23/2024,ZA
vsafe-1-6-daily-dose3,ZAX-33209-31319,s282947994382987248001075923907536144846,01/05/2022,Loss of consciousness,Passed out,26.1,YES,NO,,02/12/2024,ZA
vsafe-1-6-daily-dose3,ZAX-33209-31319,s282947994382987248001075923907536144846,01/05/2022,Tachycardia,Tachycardia,26.1,YES,NO,,02/12/2024,ZA
vsafe-1-6-daily-dose3,ZAX-33209-31319,s282947994382987248001075923907536144846,01/05/2022,Bradycardia,Bradycardia,26.1,YES,NO,,02/12/2024,ZA
vsafe-1-6-daily-dose3,ZAX-33209-31319,s282947994382987248001075923907536144846,01/05/2022,Blood pressure decreased,Blood pressure decreased,26.1,YES,NO,,02/12/2024,ZA
vsafe-1-6-daily-dose3,ZAX-33209-31319,s282947994382987248001075923907536144846,01/05/2022,Malaise,Feeling unwell,26.1,YES,NO,,02/12/2024,ZA
vsafe-1-6-daily-dose3,ZAX-33209-31319,s282947994382987248001075923907536144846,01/05/2022,SARS-CoV-2 test negative,COVID-19 virus test negative,26.1,YES,NO,,02/12/2024,ZA
vsafe-7-day-dose3,ZAX-33209-31319,s283253162598953032616779927889874967649,01/08/2022,Dizziness,Dizziness,26.1,YES,NO,,02/14/2024,ZA
vsafe-7-day-dose3,ZAX-33209-31319,s283253162598953032616779927889874967649,01/08/2022,Syncope,Fainting,26.1,YES,NO,,02/14/2024,ZA
vsafe-7-day-dose3,ZAX-33209-31319,s283253162598953032616779927889874967649,01/08/2022,Blood pressure abnormal,Blood pressure abnormal,26.1,YES,NO,,02/14/2024,ZA
vsafe-7-day-dose3,ZAX-33209-31319,s283253162598953032616779927889874967649,01/08/2022,Heart rate abnormal,Heart rate abnormal,26.1,YES,NO,,02/14/2024,ZA
vsafe-1-6-daily-dose1,ZAU-20356-94205,s243788589954912036068113291482776606917,12/26/2020,Feeling abnormal,Foggy feeling in head,25.1,YES,NO,,10/27/2022,ZA
vsafe-1-6-daily-dose1,ZAU-20356-94205,s243788589954912036068113291482776606917,12/26/2020,Fatigue,Fatigue,25.1,YES,NO,,10/27/2022,ZA
vsafe-1-6-daily-dose1,ZA3-77806-44940,s245452245555460796368210021356590002088,01/11/2021,Cough,Cough,25.1,YES,NO,,11/10/2022,ZA
vsafe-7-day-dose1,ZA3-77806-44940,s245562388458327556620636203104745487903,01/12/2021,Unevaluable event,Unevaluable event,25.1,NO,NO,05/12/2023,11/11/2022,ZA
vsafe-7-day-dose1,ZA3-77806-44940,s245562388458327556620636203104745487903,01/12/2021,Cough,Cough,26.0,YES,YES,05/12/2023,11/11/2022,ZA
vsafe-0-day-dose1,ZAV-14636-72184,s245877156454026031667045491735775586586,01/15/2021,Immediate post-injection reaction,Immediate post-injection reaction,25.1,YES,NO,,11/15/2022,ZA
vsafe-0-day-dose1,ZAV-14636-72184,s245877156454026031667045491735775586586,01/15/2021,Feeling hot,Feeling of warmth,25.1,NO,NO,07/20/2023,11/15/2022,ZA
vsafe-0-day-dose1,ZAV-14636-72184,s245877156454026031667045491735775586586,01/15/2021,Tongue movement disturbance,Tongue sluggish,25.1,NO,NO,07/20/2023,11/15/2022,ZA
vsafe-0-day-dose1,ZAV-14636-72184,s245877156454026031667045491735775586586,01/15/2021,Oral discomfort,Discomfort in mouth,25.1,YES,NO,,11/15/2022,ZA
vsafe-0-day-dose1,ZAV-14636-72184,s245877156454026031667045491735775586586,01/15/2021,Heart rate increased,Heartbeats increased,25.1,YES,NO,,11/15/2022,ZA
vsafe-0-day-dose1,ZAV-14636-72184,s245877156454026031667045491735775586586,01/15/2021,Feeling hot,Feeling hot,26.0,YES,YES,07/20/2023,11/15/2022,ZA
vsafe-0-day-dose1,ZAV-14636-72184,s245877156454026031667045491735775586586,01/15/2021,Paraesthesia oral,Tongue abnormal feeling of,26.0,YES,YES,07/20/2023,11/15/2022,ZA
vsafe-1-6-daily-dose1,ZAV-14636-72184,s245980770822371104383558723123054044698,01/16/2021,Injection site pain,Injection site pain,25.1,YES,NO,,11/16/2022,ZA
vsafe-1-6-daily-dose2,ZAK-20266-54289,s245961345816553715102821296462461856297,01/16/2021,Cough,Cough,25.1,YES,NO,,11/17/2022,ZA
vsafe-1-6-daily-dose2,ZAK-20266-54289,s246074622566895857892255714261806520015,01/17/2021,Cough,Dry cough,25.1,YES,NO,,11/17/2022,ZA
vsafe-1-6-daily-dose2,ZAK-20266-54289,s246074622566895857892255714261806520015,01/17/2021,Pulmonary congestion,Lung congestion,25.1,YES,NO,,11/17/2022,ZA
vsafe-1-6-daily-dose2,ZAK-20266-54289,s246181625997245374439905004592780965846,01/18/2021,Cough,Cough,25.1,YES,NO,,11/18/2022,ZA
vsafe-7-day-dose2,ZAK-20266-54289,s246273774281258495545813885242024066678,01/19/2021,SARS-CoV-2 test positive,COVID-19 virus test positive,25.1,YES,NO,,11/21/2022,ZA
vsafe-1-6-daily-dose1,ZAU-27438-52023,s246604822830974020983113392628209213949,01/22/2021,Abdominal pain upper,Stomach ache,25.1,YES,NO,,11/22/2022,ZA
vsafe-1-6-daily-dose1,ZAU-27438-52023,s246917823777688850007198230223996497032,01/25/2021,Abdominal discomfort,Stomach upset,25.1,YES,NO,,11/23/2022,ZA
vsafe-1-6-daily-dose1,ZAU-27438-52023,s247015736237166692454076238556497074872,01/26/2021,Abdominal discomfort,Stomach upset,25.1,YES,NO,,11/25/2022,ZA
vsafe-7-day-dose1,ZAW-23885-24406,s247348266391271392546616716990350026573,01/29/2021,Injection site erythema,Injection site redness,25.1,YES,NO,,11/30/2022,ZA
vsafe-7-day-dose1,ZAW-23885-24406,s247348266391271392546616716990350026573,01/29/2021,Injection site pruritus,Injection site itching,25.1,YES,NO,,11/30/2022,ZA
vsafe-7-day-dose1,ZAW-23885-24406,s247348266391271392546616716990350026573,01/29/2021,Injection site swelling,Injection site swelling,25.1,YES,NO,,11/30/2022,ZA
vsafe-1-6-daily-dose1,ZAM-22618-42097,s247440147691531350687819758406833205795,01/30/2021,Paranasal sinus hypersecretion,Nasal sinus discharge,25.1,YES,NO,,11/30/2022,ZA
vsafe-1-6-daily-dose1,ZAM-22618-42097,s247648278808349415095764797468038580127,02/01/2021,Throat irritation,Itchy throat,25.1,YES,NO,,12/02/2022,ZA
vsafe-0-day-dose1,ZAM-11018-58970,s248501091572282271597856777271081861099,02/09/2021,Feeling abnormal,Foggy feeling in head,25.1,YES,NO,,12/14/2022,ZA
vsafe-1-6-daily-dose1,ZAM-11018-58970,s248597777212839663169660910847000210726,02/10/2021,Feeling abnormal,Foggy feeling in head,25.1,YES,NO,,12/16/2022,ZA
vsafe-1-6-daily-dose2,ZAU-27438-52023,s248696397578849541643708800235651895544,02/11/2021,Eye pain,Eye pain,25.1,YES,NO,,12/19/2022,ZA
vsafe-1-6-daily-dose1,ZAM-11018-58970,s248813788352595228863043112715227404009,02/12/2021,Insomnia,Insomnia,25.1,YES,NO,,12/20/2022,ZA
vsafe-1-6-daily-dose2,ZAU-27438-52023,s248807924963733244035079499983025226943,02/12/2021,Eye pain,Eye pain,25.1,YES,NO,,12/20/2022,ZA
vsafe-1-6-daily-dose2,ZAU-27438-52023,s248905659966357049406748145246161010640,02/13/2021,Eye pain,Eye pain,25.1,YES,NO,,12/21/2022,ZA
vsafe-1-6-daily-dose2,ZAU-27438-52023,s249010632079758047494304716826350361134,02/14/2021,Adverse reaction,Adverse reaction,25.1,YES,NO,,12/22/2022,ZA
vsafe-1-6-daily-dose1,ZA7-11182-46501,s249023462724254307888446311896019791225,02/14/2021,Oropharyngeal pain,Sore throat,25.1,YES,NO,,12/21/2022,ZA
vsafe-1-6-daily-dose1,ZA7-11182-46501,s249023462724254307888446311896019791225,02/14/2021,Ear pain,Ear ache,25.1,YES,NO,,12/21/2022,ZA
vsafe-1-6-daily-dose2,ZAU-27438-52023,s249116838213979584703064941495667264157,02/15/2021,Nasal discomfort,Nasal irritation,25.1,YES,NO,,12/22/2022,ZA
vsafe-1-6-daily-dose2,ZAU-27438-52023,s249217943213489333955289919134322277790,02/16/2021,Eye pain,Eye pain,25.1,YES,NO,,12/23/2022,ZA
vsafe-7-day-dose2,ZAU-27438-52023,s249323205649411249393608634737168627288,02/17/2021,Eye pain,Eye pain,25.1,YES,NO,,12/27/2022,ZA
vsafe-7-day-dose2,ZAU-27438-52023,s249323205649411249393608634737168627288,02/17/2021,Swelling face,Facial swelling,25.1,YES,NO,,12/27/2022,ZA
vsafe-7-day-dose2,ZAW-15251-80473,s249304708231986802745458270734062894806,02/17/2021,Lymphadenopathy,Axillary lymph nodes enlarged,25.1,YES,NO,,12/27/2022,ZA
vsafe-1-6-daily-dose2,ZAW-23885-24406,s249774978168406914215856278900245701726,02/21/2021,Stomatitis,Sores mouth,25.1,YES,NO,,12/29/2022,ZA
vsafe-1-6-daily-dose2,ZAG-31965-67456,s250255246721570235980466119599891065077,02/26/2021,Adverse reaction,Adverse reaction,25.1,YES,NO,,01/03/2023,ZA
vsafe-1-6-daily-dose1,ZAX-25931-73727,s250359718732940361381072794545541529192,02/27/2021,Injection site pain,Injection site pain,25.1,YES,NO,,01/04/2023,ZA
vsafe-0-day-dose1,ZA2-29888-60176,s250668895892362240973292288399916021074,03/02/2021,Injection site pain,Pain injection site,25.1,YES,NO,,01/05/2023,ZA
vsafe-1-6-daily-dose1,ZAX-25931-73727,s250884134758075578850949149027344219493,03/04/2021,Pain in extremity,Pain in arm,25.1,YES,NO,,01/09/2023,ZA
vsafe-0-day-dose2,ZAM-11018-58970,s251228003683211667373864461333300911154,03/07/2021,Lymphadenopathy,Lymphadenopathy axillary,25.1,YES,NO,,01/10/2023,ZA
vsafe-1-6-daily-dose2,ZAM-11018-58970,s251305943905277690938885892459327037922,03/08/2021,Body temperature decreased,Body temperature decrease,25.1,YES,NO,,01/11/2023,ZA
vsafe-1-6-daily-dose2,ZAM-11018-58970,s251305943905277690938885892459327037922,03/08/2021,Pyrexia,Fever,25.1,YES,NO,,01/11/2023,ZA
vsafe-1-6-daily-dose2,ZAP-13177-49615,s251502244570707711380253456487076765646,03/10/2021,Pulmonary embolism,Pulmonary embolism,25.1,YES,NO,,01/13/2023,ZA
vsafe-1-6-daily-dose2,ZAP-13177-49615,s251502244570707711380253456487076765646,03/10/2021,Thrombosis,Thrombosis leg,25.1,YES,NO,,01/13/2023,ZA
vsafe-7-day-dose2,ZAP-13177-49615,s251616582199648027664895226773867483365,03/11/2021,Deep vein thrombosis,DVT,25.1,YES,NO,,01/23/2023,ZA
vsafe-7-day-dose2,ZAP-13177-49615,s251616582199648027664895226773867483365,03/11/2021,Pulmonary embolism,Pulmonary embolism,25.1,YES,NO,,01/23/2023,ZA
vsafe-1-6-daily-dose1,ZAT-71519-45446,s253099536385116235016471419700575338957,03/25/2021,Rash pruritic,Itchy rash,25.1,YES,NO,,02/06/2023,ZA
vsafe-1-6-daily-dose1,ZAT-71519-45446,s253491430819875639901948318093761202721,03/29/2021,Adnexa uteri pain,Pain ovarian,25.1,YES,NO,,02/09/2023,ZA
vsafe-7-day-dose2,ZAV-11461-87580,s255258024962502991187740452878948120174,04/15/2021,Asthenia,Feelings of weakness,25.1,YES,NO,,02/28/2023,ZA
vsafe-1-6-daily-dose2,ZAK-28420-70067,s255681264280561189427945099285121096778,04/19/2021,Heavy menstrual bleeding,Heavy menstrual bleeding,25.1,YES,NO,,03/03/2023,ZA
vsafe-1-6-daily-dose2,ZAN-23134-40653,s256108719923058284785383798861868979099,04/23/2021,Pain of skin,Skin pain,25.1,YES,NO,,03/07/2023,ZA
vsafe-1-6-daily-dose2,ZAN-23134-40653,s256108719923058284785383798861868979099,04/23/2021,Tenderness,Tenderness,25.1,YES,NO,,03/07/2023,ZA
vsafe-1-6-daily-dose2,ZAN-23134-40653,s256208766761052844951737363169425408030,04/24/2021,Pain of skin,Skin pain,25.1,YES,NO,,03/08/2023,ZA
vsafe-1-6-daily-dose2,ZAN-23134-40653,s256304003766895226100722859081722372948,04/25/2021,Pain of skin,Skin tenderness,26.0,YES,NO,,03/09/2023,ZA
vsafe-1-6-daily-dose1,ZAP-22654-28408,s268524608070635071388806035686784911038,08/20/2021,Vaginal haemorrhage,Spotting vaginal,26.0,YES,NO,,07/12/2023,ZA
vsafe-1-6-daily-dose1,ZAP-22654-28408,s268659502366132430179758282127486631728,08/21/2021,Vaginal haemorrhage,Vaginal bleeding,26.0,YES,NO,,07/17/2023,ZA
vsafe-1-6-daily-dose1,ZAP-22654-28408,s268726745252680621009637374494463632852,08/22/2021,Vaginal haemorrhage,Vaginal bleeding,26.0,YES,NO,,07/18/2023,ZA
vsafe-1-6-daily-dose1,ZAP-22654-28408,s268833036130640753160577034114279569487,08/23/2021,Vaginal haemorrhage,Vaginal bleeding,26.0,YES,NO,,07/20/2023,ZA
vsafe-1-6-daily-dose1,ZAP-22654-28408,s268937198062122082641266391060784494776,08/24/2021,Vaginal haemorrhage,Vaginal bleeding,26.0,YES,NO,,07/24/2023,ZA
vsafe-7-day-dose1,ZAP-22654-28408,s269070132560144559257165969462456366095,08/25/2021,Vaginal haemorrhage,Vaginal bleeding,26.0,YES,NO,,07/31/2023,ZA
vsafe-1-6-daily-dose2,ZAP-22654-28408,s270614077352612094986650096422118621992,09/09/2021,Hypoaesthesia,Numbness in leg,26.1,YES,NO,,11/06/2023,ZA
vsafe-1-6-daily-dose2,ZAP-22654-28408,s271026728568822893524721176050745914733,09/13/2021,Pain,Pain,26.1,YES,NO,,11/28/2023,ZA
vsafe-1-6-daily-dose2,ZAP-22654-28408,s271026728568822893524721176050745914733,09/13/2021,Unevaluable event,Reaction unevaluable,26.1,YES,NO,,11/28/2023,ZA
vsafe-1-6-daily-dose1,ZA9-17530-26695,s271282289253090716735307765011058424700,09/15/2021,Pain,Throbbing pain,26.1,YES,NO,,11/29/2023,ZA
vsafe-1-6-daily-dose1,ZA9-17530-26695,s271282289253090716735307765011058424700,09/15/2021,Arthralgia,Shoulder pain,26.1,YES,NO,,11/29/2023,ZA
vsafe-7-day-dose2,ZA9-17530-26695,s275200260999065940150570493987223408550,10/23/2021,Occipital neuralgia,Occipital neuralgia,26.1,YES,NO,,12/11/2023,ZA
vsafe-7-day-dose2,ZA9-17530-26695,s275200260999065940150570493987223408550,10/23/2021,Headache,Occipital headache,26.1,YES,NO,,12/11/2023,ZA
vsafe-1-6-daily-dose3,ZAN-19035-95967,s278031268293947609974072289803255841027,11/19/2021,Dizziness,Dizziness,26.1,YES,NO,,01/16/2024,ZA
vsafe-0-day-dose3,ZAV-11461-87580,s280135486207728483337551841246759797025,12/09/2021,No adverse event,No adverse reaction,26.1,YES,NO,,01/24/2024,ZA
vsafe-1-6-daily-dose3,ZAM-11018-58970,s280546652711907376385467450434402269347,12/13/2021,Oropharyngeal pain,Sore throat,26.1,YES,NO,,01/26/2024,ZA
vsafe-1-6-daily-dose3,ZAM-11018-58970,s280546652711907376385467450434402269347,12/13/2021,Ear pain,Ear pain,26.1,YES,NO,,01/26/2024,ZA
vsafe-1-6-daily-dose3,ZAM-11018-58970,s280546652711907376385467450434402269347,12/13/2021,Photophobia,Photophobia,26.1,YES,NO,,01/26/2024,ZA
vsafe-1-6-daily-dose3,ZAM-11018-58970,s280657542632799368392766438030292177711,12/14/2021,Brain fog,Brain fog,26.1,YES,NO,,01/26/2024,ZA
vsafe-1-6-daily-dose3,ZAM-11018-58970,s280657542632799368392766438030292177711,12/14/2021,Impaired work ability,Impaired work ability,26.1,YES,NO,,01/26/2024,ZA
vsafe-1-6-daily-dose3,ZAM-11018-58970,s280758754668614774975291435024600675848,12/15/2021,Oropharyngeal pain,Sore throat,26.1,YES,NO,,01/26/2024,ZA
vsafe-1-6-daily-dose3,ZAM-11018-58970,s280967914040805595339546470296576467870,12/17/2021,Cough,Cough,26.1,YES,NO,,01/29/2024,ZA
vsafe-1-6-daily-dose3,ZAM-11018-58970,s280967914040805595339546470296576467870,12/17/2021,Oropharyngeal pain,Sore throat,26.1,YES,NO,,01/29/2024,ZA
vsafe-1-6-daily-dose3,ZAM-11018-58970,s281068840753667038097655954805799670693,12/18/2021,Oropharyngeal pain,Sore throat,26.1,YES,NO,,01/29/2024,ZA
vsafe-1-6-daily-dose3,ZAM-11018-58970,s281068840753667038097655954805799670693,12/18/2021,Ear pain,Ear pain,26.1,YES,NO,,01/29/2024,ZA
vsafe-7-day-dose4,ZA3-18264-63776,s295874079046080213582879455222275162494,05/09/2022,Trigeminal neuralgia,Trigeminal neuralgia,27.0,YES,NO,,05/10/2024,ZA
vsafe-7-day-dose4,ZA3-18264-63776,s295874079046080213582879455222275162494,05/09/2022,Radicular pain,Radicular pain,27.0,YES,NO,,05/10/2024,ZA
vsafe-7-day-dose4,ZA3-18264-63776,s295874079046080213582879455222275162494,05/09/2022,Chest pain,Thoracic pain,27.0,YES,NO,,05/10/2024,ZA
vsafe-1-6-daily-dose4,ZAM-18170-16068,s300901244354734770338517248623541631390,06/26/2022,Cough,Cough,27.0,YES,NO,,06/03/2024,ZA
vsafe-1-6-daily-dose4,ZAM-18170-16068,s300901244354734770338517248623541631390,06/26/2022,Dyspnoea,Shortness of breath,27.0,YES,NO,,06/03/2024,ZA
vsafe-1-6-daily-dose4,ZAM-18170-16068,s301005827968525778120947648266251179896,06/27/2022,Cough,Cough,27.0,YES,NO,,06/04/2024,ZA
vsafe-1-6-daily-dose4,ZAM-18170-16068,s301118245451639461952867095256918303275,06/28/2022,Ear pain,Ear pain,27.0,YES,NO,,06/04/2024,ZA
vsafe-1-6-daily-dose4,ZAM-18170-16068,s301118245451639461952867095256918303275,06/28/2022,Nasal congestion,Nasal stuffiness,27.0,YES,NO,,06/04/2024,ZA
vsafe-1-6-daily-dose4,ZAM-18170-16068,s301118245451639461952867095256918303275,06/28/2022,Cough,Cough,27.0,YES,NO,,06/04/2024,ZA
vsafe-1-6-daily-dose4,ZAM-18170-16068,s301118245451639461952867095256918303275,06/28/2022,SARS-CoV-2 test positive,COVID-19 virus test positive,27.0,YES,NO,,06/04/2024,ZA
vsafe-1-6-daily-dose4,ZAM-18170-16068,s301118245451639461952867095256918303275,06/28/2022,Oropharyngeal pain,Sore throat,27.0,YES,NO,,06/04/2024,ZA
vsafe-1-6-daily-dose4,ZAM-18170-16068,s301214835296697294065330646796624123029,06/29/2022,Oropharyngeal pain,Sore throat,27.0,YES,NO,,06/04/2024,ZA
vsafe-0-day-dose1,ZAE-11289-36879,s244308378796724798875004538301662819361,12/31/2020,Hyperhidrosis,Sweaty,25.1,YES,NO,,11/01/2022,ZA
vsafe-1-6-daily-dose1,ZA9-32781-30873,s245676857098200591783479282440981899607,01/13/2021,Dizziness,Dizzy,25.1,YES,NO,,11/14/2022,ZA
vsafe-1-6-daily-dose2,ZAH-13924-88162,s247225556766627996819181999053706291876,01/28/2021,Oropharyngeal pain,Sore throat,25.1,YES,NO,,11/29/2022,ZA
vsafe-0-day-dose1,ZA2-16017-22675,s247230568297361436633401214940117361524,01/28/2021,Heart rate increased,Heart rate increased,25.1,YES,NO,,11/28/2022,ZA
vsafe-1-6-daily-dose1,ZA2-16017-22675,s247323617834138348843195671590262681322,01/29/2021,Heart rate increased,Heart rate increased,25.1,YES,NO,,11/30/2022,ZA
vsafe-1-6-daily-dose2,ZAH-32213-89883,s247856163229605316353744556218594799595,02/03/2021,Night sweats,Night sweats,25.1,YES,NO,,12/06/2022,ZA
vsafe-1-6-daily-dose1,ZAW-18590-55723,s248697583328616143451651581527074681031,02/11/2021,Oxygen saturation decreased,Oxygen saturation decreased,25.1,YES,NO,,12/19/2022,ZA
vsafe-7-day-dose2,ZA9-32781-30873,s249547989617279981800931225505907753607,02/19/2021,Dizziness,Dizziness,25.1,YES,NO,,12/28/2022,ZA
vsafe-1-6-daily-dose2,ZAR-23222-59273,s250995245003364867132552402303288232641,03/05/2021,Feeling abnormal,Foggy feeling in head,25.1,YES,NO,,01/09/2023,ZA
vsafe-1-6-daily-dose2,ZA6-10881-67576,s251193863137058987287310052794168932273,03/07/2021,Hunger,Hunger,25.1,YES,NO,,01/11/2023,ZA
vsafe-1-6-daily-dose2,ZA6-10881-67576,s251300300761166797026645679045899610444,03/08/2021,Pre-existing disease,Pre-existing disease,25.1,YES,NO,,01/11/2023,ZA
vsafe-1-6-daily-dose2,ZA6-10881-67576,s251300300761166797026645679045899610444,03/08/2021,Condition aggravated,Condition aggravated,25.1,YES,NO,,01/11/2023,ZA
vsafe-1-6-daily-dose2,ZAK-39174-12876,s251298383556099558101727757799233574115,03/08/2021,Heart rate increased,Heart rate high,25.1,YES,NO,,01/11/2023,ZA
vsafe-1-6-daily-dose2,ZAK-39174-12876,s251406281826469931987414318213113714433,03/09/2021,Heart rate increased,Heart rate high,25.1,YES,NO,,01/12/2023,ZA
vsafe-0-day-dose1,ZA6-20829-86439,s252134681267207210810900666549086647476,03/16/2021,No adverse event,No adverse reaction,25.1,YES,NO,,01/26/2023,ZA
vsafe-1-6-daily-dose1,ZA6-20829-86439,s252760950950467113201036142455458288815,03/22/2021,No adverse event,No adverse reaction,25.1,YES,NO,,02/02/2023,ZA
vsafe-1-6-daily-dose2,ZAU-12386-51472,s253797725680643397031089688707951393259,04/01/2021,Lymphadenopathy,Swollen lymph nodes,25.1,YES,NO,,02/13/2023,ZA
vsafe-7-day-dose2,ZAU-12386-51472,s253912800397275129950024610832240487773,04/02/2021,Lymphadenopathy,Swollen lymph nodes,25.1,YES,NO,,02/14/2023,ZA
vsafe-1-6-daily-dose1,ZA7-23018-14929,s254843430573818134867438880066363910939,04/11/2021,Axillary pain,Armpit pain,26.0,YES,NO,,02/23/2023,ZA
vsafe-1-6-daily-dose1,ZA7-23018-14929,s254843430573818134867438880066363910939,04/11/2021,Oedema peripheral,Edema arms,26.0,YES,NO,,02/23/2023,ZA
vsafe-1-6-daily-dose2,ZAX-72367-94180,s256198779704412774727160686025248507132,04/24/2021,Photophobia,Light sensitivity to eye,25.1,YES,NO,,03/08/2023,ZA
vsafe-1-6-daily-dose2,ZAX-72367-94180,s256301406834554597938031992896890736667,04/25/2021,Diarrhoea,Diarrhea,25.1,YES,NO,,03/09/2023,ZA
vsafe-1-6-daily-dose2,ZAX-54379-41619,s256840490181438358400364249257752534073,04/30/2021,Ear pain,Ear ache,25.1,YES,NO,,03/13/2023,ZA
vsafe-7-day-dose2,ZAX-54379-41619,s256941207122299789213502398685145372383,05/01/2021,Ear pain,Earache,25.1,YES,NO,,03/14/2023,ZA
vsafe-1-6-daily-dose1,ZAE-15148-31971,s263541579439178696124652957045231374680,07/03/2021,Increased tendency to bruise,Tendency to bruise easily,26.0,YES,NO,,04/07/2023,ZA
vsafe-0-day-dose1,ZA6-41455-96645,s264809401658300015456490112086476195960,07/15/2021,Dysgeusia,Taste metallic,26.1,YES,NO,,09/14/2023,ZA
vsafe-0-day-dose1,ZA6-41455-96645,s264809401658300015456490112086476195960,07/15/2021,Neck pain,Neck pain,26.1,YES,NO,,09/14/2023,ZA
vsafe-0-day-dose1,ZA6-41455-96645,s264809401658300015456490112086476195960,07/15/2021,Vision blurred,Blurred vision,26.1,YES,NO,,09/14/2023,ZA
vsafe-0-day-dose1,ZA6-41455-96645,s264809401658300015456490112086476195960,07/15/2021,Oropharyngeal pain,Sore throat,26.1,YES,NO,,09/14/2023,ZA
vsafe-1-6-daily-dose1,ZA6-41455-96645,s265187873368286549339448571097239935332,07/19/2021,Eye infection,Eye infection,26.1,YES,NO,,09/27/2023,ZA
vsafe-1-6-daily-dose3,ZAV-12132-02219,s279694897173129249597843920632003877632,12/05/2021,Lymphadenopathy,Swollen lymph nodes,26.1,YES,NO,,01/22/2024,ZA
vsafe-1-6-daily-dose4,ZAH-32213-89883,s294956548926636853181019958161913310334,04/30/2022,No adverse event,No adverse reaction,27.0,YES,NO,,05/03/2024,ZA
vsafe-1-6-daily-dose4,ZAZ-53711-87246,s298717007702114359022618137967265988191,06/05/2022,Oedema peripheral,Edema arms,27.0,YES,NO,,05/28/2024,ZA
vsafe-1-6-daily-dose4,ZAZ-53711-87246,s298821032513671837024739363671482494118,06/06/2022,Oedema peripheral,Edema arms,27.0,YES,NO,,05/28/2024,ZA
vsafe-1-6-daily-dose5,ZAA-28206-84771,s312184619804669820817724087207482500439,10/12/2022,Oropharyngeal pain,Sore throat,27.0,YES,NO,,07/03/2024,ZA
vsafe-1-6-daily-dose5,ZAA-28206-84771,s312285629281043637500452279487398846094,10/13/2022,Oropharyngeal pain,Sore throat,27.0,YES,NO,,07/03/2024,ZA
vsafe-1-6-daily-dose5,ZAA-28206-84771,s312392589500908776268125826532321658981,10/14/2022,Oropharyngeal pain,Sore throat,27.0,YES,NO,,07/03/2024,ZA
vsafe-1-6-daily-dose5,ZAA-28206-84771,s312496822339672769257627878090156441968,10/15/2022,Nasal congestion,Nasal congestion,27.0,YES,NO,,07/05/2024,ZA
vsafe-1-6-daily-dose5,ZAA-28206-84771,s312599932417282669249720442328873324962,10/16/2022,Rhinorrhoea,Runny nose,27.0,YES,NO,,07/05/2024,ZA
vsafe-7-day-dose5,ZAA-28206-84771,s312709123395863633737721235360273040838,10/17/2022,Nasopharyngitis,Head cold,27.0,YES,NO,,07/08/2024,ZA
vsafe-1-6-daily-dose1,ZAE-30885-13365,s244303795396961911202895825241941649928,12/31/2020,Abdominal discomfort,Upset stomach,25.1,YES,NO,,11/02/2022,ZA
vsafe-1-6-daily-dose1,ZAT-40451-14949,s246378144138546725486299412419255604290,01/20/2021,Feeling abnormal,Floating feeling,25.1,YES,NO,,11/21/2022,ZA
vsafe-0-day-dose1,ZAP-19838-00753,s246938829168488517681751368814538961953,01/25/2021,Dysgeusia,Taste metallic,25.1,YES,NO,,11/23/2022,ZA
vsafe-1-6-daily-dose2,ZAP-20946-62640,s247647686660917164360709034318100064072,02/01/2021,General symptom,General symptom,25.1,YES,NO,,12/02/2022,ZA
vsafe-7-day-dose1,ZAP-19838-00753,s247853759902492523285082110635962700043,02/03/2021,Oropharyngeal pain,Sore throat,25.1,YES,NO,,12/06/2022,ZA
vsafe-7-day-dose1,ZAP-19838-00753,s247853759902492523285082110635962700043,02/03/2021,Sinus congestion,Sinus congestion,25.1,YES,NO,,12/06/2022,ZA
vsafe-1-6-daily-dose2,ZA9-16217-94280,s248277602935303298145111817066811916496,02/07/2021,Chest discomfort,Tight chest,25.1,YES,NO,,12/12/2022,ZA
vsafe-1-6-daily-dose2,ZA9-16217-94280,s248277602935303298145111817066811916496,02/07/2021,Dyspnoea,Difficulty breathing,25.1,YES,NO,,12/12/2022,ZA
vsafe-1-6-daily-dose1,ZAD-39184-18738,s249006098468666699180981945668184190066,02/14/2021,Muscle strain,Neck strain,25.1,YES,NO,,12/21/2022,ZA
vsafe-1-6-daily-dose2,ZAT-40451-14949,s249646957113351074288868863233619529644,02/20/2021,Hot flush,Hot flashes,25.1,YES,NO,,12/28/2022,ZA
vsafe-1-6-daily-dose2,ZAT-40451-14949,s249826983640363515399249239942361650029,02/22/2021,Muscle twitching,Muscle twitching,25.1,YES,NO,,12/29/2022,ZA
vsafe-1-6-daily-dose2,ZAT-40451-14949,s249826983640363515399249239942361650029,02/22/2021,Dyspnoea,Difficulty breathing,25.1,YES,NO,,12/29/2022,ZA
vsafe-1-6-daily-dose2,ZAT-40451-14949,s249826983640363515399249239942361650029,02/22/2021,Asthenia,Weakness,25.1,YES,NO,,12/29/2022,ZA
vsafe-1-6-daily-dose2,ZAT-40451-14949,s249826983640363515399249239942361650029,02/22/2021,Paraesthesia,Tingling of extremity,25.1,YES,NO,,12/29/2022,ZA
vsafe-1-6-daily-dose2,ZAT-40451-14949,s249826983640363515399249239942361650029,02/22/2021,Visual impairment,Visual impairment,25.1,YES,NO,,12/29/2022,ZA
vsafe-1-6-daily-dose2,ZAT-40451-14949,s249933226846353049602478003783440404653,02/23/2021,Asthenia,Weakness,25.1,YES,NO,,12/30/2022,ZA
vsafe-1-6-daily-dose2,ZAT-40451-14949,s249933226846353049602478003783440404653,02/23/2021,Head discomfort,Head pressure,25.1,YES,NO,,12/30/2022,ZA
vsafe-1-6-daily-dose2,ZAT-40451-14949,s249933226846353049602478003783440404653,02/23/2021,Muscle twitching,Muscle twitching,25.1,YES,NO,,12/30/2022,ZA
vsafe-1-6-daily-dose2,ZAT-40451-14949,s249933226846353049602478003783440404653,02/23/2021,Chromatopsia,Vision color tinged,25.1,YES,NO,,12/30/2022,ZA
vsafe-1-6-daily-dose2,ZAT-40451-14949,s249933226846353049602478003783440404653,02/23/2021,Hypoaesthesia,Numbness in face,25.1,YES,NO,,12/30/2022,ZA
vsafe-1-6-daily-dose2,ZAT-40451-14949,s249933226846353049602478003783440404653,02/23/2021,Blepharospasm,Blepharospasm,25.1,YES,NO,,12/30/2022,ZA
vsafe-7-day-dose2,ZAT-40451-14949,s250140560839982140788962551112500171100,02/25/2021,Dyspnoea,Difficulty breathing,25.1,YES,NO,,01/03/2023,ZA
vsafe-7-day-dose2,ZAT-40451-14949,s250140560839982140788962551112500171100,02/25/2021,Eyelid ptosis,Eyelid ptosis,25.1,YES,NO,,01/03/2023,ZA
vsafe-7-day-dose2,ZAT-40451-14949,s250140560839982140788962551112500171100,02/25/2021,Chest pain,Chest pain,25.1,YES,NO,,01/03/2023,ZA
vsafe-0-day-dose2,ZAJ-30251-27372,s250800133048355214079842090264216364607,03/03/2021,Feeling abnormal,Foggy feeling in head,25.1,YES,NO,,01/06/2023,ZA
vsafe-7-day-dose2,ZAB-19762-62135,s250988321887309586165583437669335723704,03/05/2021,Pre-existing disease,Pre-existing disease,25.1,YES,NO,,01/10/2023,ZA
vsafe-7-day-dose2,ZAB-19762-62135,s250988321887309586165583437669335723704,03/05/2021,Condition aggravated,Condition aggravated,25.1,NO,NO,02/13/2023,01/10/2023,ZA
vsafe-7-day-dose2,ZAB-19762-62135,s250988321887309586165583437669335723704,03/05/2021,Adverse reaction,Adverse reaction,25.1,YES,YES,02/13/2023,01/10/2023,ZA
vsafe-1-6-daily-dose1,ZA4-11871-49157,s252351141224597014592719862134112664820,03/18/2021,Injection site pain,Injection site pain,25.1,YES,NO,,01/30/2023,ZA
vsafe-1-6-daily-dose1,ZA4-11871-49157,s252351141224597014592719862134112664820,03/18/2021,Pain,Radiating pain,25.1,YES,NO,,01/30/2023,ZA
vsafe-1-6-daily-dose1,ZA4-11871-49157,s252351141224597014592719862134112664820,03/18/2021,Pain in extremity,Hand pain,25.1,YES,NO,,01/30/2023,ZA
vsafe-1-6-daily-dose1,ZA4-11871-49157,s252351141224597014592719862134112664820,03/18/2021,Headache,Headache,25.1,YES,NO,,01/30/2023,ZA
vsafe-1-6-daily-dose1,ZA4-11871-49157,s252456682429889164825435103566995556124,03/19/2021,Pain in extremity,Hand pain,25.1,YES,NO,,01/31/2023,ZA
vsafe-1-6-daily-dose1,ZAU-13418-63304,s252456671271477184257532766850038512615,03/19/2021,Injection site pain,Pain injection site,25.1,YES,NO,,01/31/2023,ZA
vsafe-7-day-dose1,ZA4-11871-49157,s252983636199684630544394536567316322782,03/24/2021,Pre-existing disease,Pre-existing disease,25.1,YES,NO,,02/05/2023,ZA
vsafe-7-day-dose1,ZA4-11871-49157,s252983636199684630544394536567316322782,03/24/2021,Abdominal pain,Chronic abdominal pain,25.1,NO,NO,09/20/2023,02/05/2023,ZA
vsafe-7-day-dose1,ZAH-12474-43616,s253304510405411854516752353569872212427,03/27/2021,Hypertension,Blood pressure high,25.1,YES,NO,,02/08/2023,ZA
vsafe-0-day-dose1,ZAG-16134-07786,s253917594696502893908485820130769171137,04/02/2021,Paraesthesia,Facial paresthesia,25.1,YES,NO,,02/13/2023,ZA
vsafe-0-day-dose1,ZAG-16134-07786,s253917594696502893908485820130769171137,04/02/2021,Dyspnoea,Difficulty breathing,25.1,YES,NO,,02/13/2023,ZA
vsafe-1-6-daily-dose1,ZAG-16134-07786,s254116422936392845326077641999512120900,04/04/2021,Erythema,Face red,25.1,YES,NO,,02/15/2023,ZA
vsafe-1-6-daily-dose1,ZAG-16134-07786,s254116422936392845326077641999512120900,04/04/2021,Erythema,Red neck,25.1,YES,NO,,02/15/2023,ZA
vsafe-1-6-daily-dose1,ZAG-16134-07786,s254116422936392845326077641999512120900,04/04/2021,Feeling hot,Feeling hot,25.1,YES,NO,,02/15/2023,ZA
vsafe-1-6-daily-dose1,ZAG-16134-07786,s254116422936392845326077641999512120900,04/04/2021,Self-medication,Self-medication,25.1,YES,NO,,02/15/2023,ZA
vsafe-1-6-daily-dose2,ZAG-16134-07786,s256525228092487810828559479656543839114,04/27/2021,COVID-19,COVID-19,26.0,YES,NO,,03/24/2023,ZA
vsafe-1-6-daily-dose1,ZA2-16918-61489,s257587018394874720656853977099328432120,05/07/2021,COVID-19,COVID-19,25.1,YES,NO,,03/16/2023,ZA
vsafe-1-6-daily-dose2,ZAW-20619-39016,s258610153669947152781960343439033427660,05/17/2021,Lymphadenopathy,Swollen lymph nodes,26.0,YES,NO,,03/22/2023,ZA
vsafe-1-6-daily-dose1,ZAY-21530-53423,s259539232450792659289908261553210819795,05/26/2021,Hypertension,Blood pressure high,26.0,YES,NO,,03/30/2023,ZA
vsafe-1-6-daily-dose1,ZAY-21530-53423,s259539232450792659289908261553210819795,05/26/2021,Micturition urgency,Urgency urination,26.0,YES,NO,,03/30/2023,ZA
vsafe-1-6-daily-dose1,ZAY-21530-53423,s259539232450792659289908261553210819795,05/26/2021,Muscle spasms,Leg cramps,26.0,YES,NO,,03/30/2023,ZA
vsafe-7-day-dose1,ZAY-21530-53423,s260201160509763129598443937473371965244,06/01/2021,Hypertension,Blood pressure high,26.0,YES,NO,,03/31/2023,ZA
vsafe-1-6-daily-dose3,ZAX-13714-76446,s272726014266113952870910850037992547269,09/29/2021,Headache,Headache,26.1,YES,NO,,10/17/2023,ZA
vsafe-0-day-dose3,ZAX-23071-41409,s272810926386129784078110591893591719914,09/30/2021,No adverse event,No adverse reaction,26.1,YES,NO,,10/18/2023,ZA
vsafe-1-6-daily-dose3,ZAX-23071-41409,s273022583877552634492233643211264516956,10/02/2021,Lymphadenopathy,Axillary lymph nodes enlarged,26.1,YES,NO,,10/20/2023,ZA
vsafe-1-6-daily-dose3,ZAX-23071-41409,s273022583877552634492233643211264516956,10/02/2021,Lymph node pain,Lymph node tenderness,26.1,YES,NO,,10/20/2023,ZA
vsafe-1-6-daily-dose3,ZA9-30741-18435,s273335367705657444435899102542168739908,10/05/2021,Cough,Coughing,26.1,YES,NO,,10/27/2023,ZA
vsafe-1-6-daily-dose3,ZA9-30741-18435,s273439492101257864838163017010743237081,10/06/2021,Cough,Cough,26.1,YES,NO,,10/31/2023,ZA
vsafe-1-6-daily-dose1,ZAS-24000-55410,s275729504081759704498318364392439816597,10/28/2021,Lip swelling,Lip swelling,26.1,YES,NO,,01/03/2024,ZA
vsafe-1-6-daily-dose1,ZAS-24000-55410,s275833373575287058195903800848182583260,10/29/2021,Lip swelling,Lip swelling,26.1,YES,NO,,01/05/2024,ZA
vsafe-1-6-daily-dose3,ZAD-39184-18738,s275836450449415334636921518134011798598,10/29/2021,Nasal congestion,Nasal congestion,26.1,YES,NO,,01/05/2024,ZA
vsafe-1-6-daily-dose3,ZAD-39184-18738,s276040543465665954355898034818743196303,10/31/2021,Lacrimation increased,Eyes tearing,26.1,YES,NO,,01/10/2024,ZA
vsafe-1-6-daily-dose3,ZAP-20946-62640,s276046640526463329598518799566549733310,10/31/2021,Unevaluable event,Reaction unevaluable,26.1,YES,NO,,01/10/2024,ZA
vsafe-1-6-daily-dose3,ZAD-39184-18738,s276354096664843380032095754739794978569,11/03/2021,Haemorrhoids,Hemorrhoids aggravated,26.1,YES,NO,,12/13/2023,ZA
vsafe-1-6-daily-dose3,ZAD-39184-18738,s276354096664843380032095754739794978569,11/03/2021,Pre-existing disease,Pre-existing disease,26.1,YES,NO,,12/13/2023,ZA
vsafe-1-6-daily-dose4,ZAX-13714-76446,s293731670874781726981636246235205233817,04/18/2022,Syncope,Fainting,27.0,YES,NO,,04/23/2024,ZA
vsafe-1-6-daily-dose4,ZAX-13714-76446,s293731670874781726981636246235205233817,04/18/2022,Loss of consciousness,Passed out,27.0,YES,NO,,04/23/2024,ZA
vsafe-7-day-dose4,ZAD-39184-18738,s296923278654693604479000363060119095826,05/19/2022,Intermenstrual bleeding,Bleeding breakthrough,27.0,YES,NO,,05/17/2024,ZA
vsafe-7-day-dose1,ZAG-13869-23739,s243684890785179425374457602262778441951,12/25/2020,Herpes zoster,Shingles,25.1,YES,NO,,10/26/2022,ZA
vsafe-7-day-dose1,ZAP-16982-90687,s246185105463417437876562171022812000958,01/18/2021,Rhinorrhoea,Runny nose,25.1,YES,NO,,11/18/2022,ZA
vsafe-7-day-dose1,ZAP-16982-90687,s246185105463417437876562171022812000958,01/18/2021,Sneezing,Sneezing,25.1,YES,NO,,11/18/2022,ZA
vsafe-7-day-dose1,ZAP-16982-90687,s246185105463417437876562171022812000958,01/18/2021,Hypersensitivity,Allergy,25.1,NO,NO,09/11/2023,11/18/2022,ZA
vsafe-7-day-dose1,ZAP-16982-90687,s246185105463417437876562171022812000958,01/18/2021,Pre-existing disease,Pre-existing disease,26.1,YES,YES,09/11/2023,11/18/2022,ZA
vsafe-0-day-dose1,ZA8-68514-13177,s247437058567287576588017966315400206760,01/30/2021,Injection site pain,Injection site tenderness,25.1,YES,NO,,11/30/2022,ZA
vsafe-1-6-daily-dose1,ZA8-68514-13177,s247544069594206158533031204655259603671,01/31/2021,Urinary incontinence,Urination involuntary,25.1,NO,NO,07/29/2023,12/01/2022,ZA
vsafe-1-6-daily-dose1,ZA8-68514-13177,s247544069594206158533031204655259603671,01/31/2021,Swollen tongue,Swollen tongue,25.1,YES,NO,,12/01/2022,ZA
vsafe-1-6-daily-dose1,ZA8-68514-13177,s247544069594206158533031204655259603671,01/31/2021,Musculoskeletal stiffness,Stiff neck,25.1,YES,NO,,12/01/2022,ZA
vsafe-1-6-daily-dose1,ZA8-68514-13177,s247544069594206158533031204655259603671,01/31/2021,Enuresis,Nocturnal enuresis,26.0,YES,YES,07/29/2023,12/01/2022,ZA
vsafe-1-6-daily-dose1,ZA8-68514-13177,s247544069594206158533031204655259603671,01/31/2021,Glossitis,Tongue irritation,26.0,YES,YES,07/29/2023,12/01/2022,ZA
vsafe-1-6-daily-dose1,ZA8-68514-13177,s247647157475881812007329938492174804563,02/01/2021,Bone pain,Bone pain,25.1,YES,NO,,12/02/2022,ZA
vsafe-1-6-daily-dose1,ZA8-68514-13177,s248067288414907294559341847413044983019,02/05/2021,Dry mouth,Dry mouth,25.1,YES,NO,,12/08/2022,ZA
vsafe-1-6-daily-dose1,ZA8-68514-13177,s248067288414907294559341847413044983019,02/05/2021,Tongue erythema,Tongue redness,25.1,YES,NO,,12/08/2022,ZA
vsafe-1-6-daily-dose1,ZA8-68514-13177,s248067288414907294559341847413044983019,02/05/2021,Glossitis,Tongue irritation,25.1,YES,NO,,12/08/2022,ZA
vsafe-1-6-daily-dose1,ZA8-68514-13177,s248067288414907294559341847413044983019,02/05/2021,Stomatitis,Oral mucosal irritation,25.1,YES,NO,,12/08/2022,ZA
vsafe-1-6-daily-dose1,ZA8-68514-13177,s248067288414907294559341847413044983019,02/05/2021,Oral mucosal erythema,Oral mucosal erythema,25.1,YES,NO,,12/08/2022,ZA
vsafe-7-day-dose1,ZA8-68514-13177,s248185437746125496191775532253897707794,02/06/2021,Rash,Rash all over,25.1,YES,NO,,12/10/2022,ZA
vsafe-7-day-dose1,ZA8-68514-13177,s248185437746125496191775532253897707794,02/06/2021,Oral mucosal eruption,Rash mouth,25.1,YES,NO,,12/10/2022,ZA
vsafe-7-day-dose1,ZA8-68514-13177,s248185437746125496191775532253897707794,02/06/2021,Eye pruritus,Itchy eyes,25.1,YES,NO,,12/10/2022,ZA
vsafe-7-day-dose1,ZA8-68514-13177,s248185437746125496191775532253897707794,02/06/2021,Pruritus,Itchy scalp,25.1,YES,NO,,12/10/2022,ZA
vsafe-1-6-daily-dose2,ZAP-16982-90687,s248481286904458191398580655242584170628,02/09/2021,Unevaluable event,Reaction unevaluable,25.1,YES,NO,,12/15/2022,ZA
vsafe-1-6-daily-dose1,ZAG-14756-02857,s248582259599248175170136669836905415780,02/10/2021,Hunger,Feeling hungry,25.1,YES,NO,,12/16/2022,ZA
vsafe-1-6-daily-dose2,ZAD-31495-31363,s248808102474805566160613206254118660379,02/12/2021,Pain,Generalized aching,25.1,YES,NO,,12/20/2022,ZA
vsafe-1-6-daily-dose2,ZAP-16982-90687,s248886370600182111650588702374370087423,02/13/2021,Insomnia,Insomnia,25.1,YES,NO,,12/21/2022,ZA
vsafe-1-6-daily-dose1,ZAL-15031-13233,s249012322252039604825351151423268198440,02/14/2021,Oropharyngeal pain,Sore throat,25.1,YES,NO,,12/21/2022,ZA
vsafe-1-6-daily-dose1,ZAL-15031-13233,s249108083763836378519155750602105576605,02/15/2021,Oropharyngeal pain,Sore throat,25.1,YES,NO,,12/22/2022,ZA
vsafe-1-6-daily-dose1,ZAH-33817-26634,s249208610488215979936867592639338912364,02/16/2021,Pruritus,Itchy,25.1,YES,NO,,12/23/2022,ZA
vsafe-1-6-daily-dose1,ZAL-15031-13233,s249212151252418583677159548273998598769,02/16/2021,Oropharyngeal pain,Sore throat,25.1,YES,NO,,12/23/2022,ZA
vsafe-1-6-daily-dose1,ZAL-15031-13233,s249212151252418583677159548273998598769,02/16/2021,Cough,Cough,25.1,YES,NO,,12/23/2022,ZA
vsafe-1-6-daily-dose1,ZAH-33817-26634,s249422193013712500909383159985325388418,02/18/2021,Pruritus,Itchy,25.1,YES,NO,,12/27/2022,ZA
vsafe-0-day-dose2,ZA8-18641-94113,s249852938017360110417033665922328062170,02/22/2021,Dizziness,Dizzy,25.1,YES,NO,,12/29/2022,ZA
vsafe-1-6-daily-dose2,ZA8-68514-13177,s251085799546086123337515357128899586639,03/06/2021,Pain in extremity,Painful arm,25.1,YES,NO,,01/10/2023,ZA
vsafe-1-6-daily-dose2,ZA8-68514-13177,s251085799546086123337515357128899586639,03/06/2021,Disorientation,Disorientated,25.1,YES,NO,,01/10/2023,ZA
vsafe-1-6-daily-dose2,ZA8-68514-13177,s251085799546086123337515357128899586639,03/06/2021,Chills,Chills,25.1,YES,NO,,01/10/2023,ZA
vsafe-1-6-daily-dose2,ZA8-68514-13177,s251085799546086123337515357128899586639,03/06/2021,Headache,Headache,25.1,YES,NO,,01/10/2023,ZA
vsafe-0-day-dose1,ZAL-28038-51851,s251412075185396443710500391401344869107,03/09/2021,Unevaluable event,Reaction unevaluable,25.1,YES,NO,,01/12/2023,ZA
vsafe-1-6-daily-dose1,ZAW-30441-52227,s251818033344012354391382586254728799048,03/13/2021,Heart rate increased,Heart rate increased,25.1,YES,NO,,01/24/2023,ZA
vsafe-1-6-daily-dose2,ZAH-33817-26634,s252023196170531693533631933290713337082,03/15/2021,Paraesthesia,Tingling,25.1,YES,NO,,01/26/2023,ZA
vsafe-1-6-daily-dose2,ZAH-33817-26634,s252124058571731508061390370044153311676,03/16/2021,Dizziness,Dizzy,25.1,YES,NO,,01/26/2023,ZA
vsafe-0-day-dose2,ZAA-42286-56577,s252454717033597361444519401386496687435,03/19/2021,Feeling abnormal,Foggy feeling in head,25.1,YES,NO,,01/30/2023,ZA
vsafe-0-day-dose2,ZAA-42286-56577,s252454717033597361444519401386496687435,03/19/2021,Malaise,Malaise,25.1,YES,NO,,01/30/2023,ZA
vsafe-1-6-daily-dose2,ZAA-42286-56577,s252868262343183881456151289691537840050,03/23/2021,Lymph node pain,Lymph node pain,25.1,YES,NO,,02/03/2023,ZA
vsafe-1-6-daily-dose2,ZAA-42286-56577,s252868262343183881456151289691537840050,03/23/2021,Lymphadenopathy,Axillary lymph nodes enlarged,25.1,YES,NO,,02/03/2023,ZA
vsafe-1-6-daily-dose2,ZAA-42286-56577,s252974336907807595665552243240982984185,03/24/2021,Lymph node pain,Lymph node pain,25.1,YES,NO,,02/03/2023,ZA
vsafe-1-6-daily-dose2,ZAL-28038-51851,s253702291392716049187651750364283856297,03/31/2021,Paraesthesia,Tingling,25.1,YES,NO,,02/10/2023,ZA
vsafe-1-6-daily-dose2,ZAL-28038-51851,s253702291392716049187651750364283856297,03/31/2021,Chest pain,Chest pain exertional,25.1,YES,NO,,02/10/2023,ZA
vsafe-1-6-daily-dose2,ZAL-28038-51851,s253702291392716049187651750364283856297,03/31/2021,Back pain,Back pain,25.1,YES,NO,,02/10/2023,ZA
vsafe-1-6-daily-dose2,ZAL-28038-51851,s253702291392716049187651750364283856297,03/31/2021,Pulmonary pain,Lung pain,25.1,YES,NO,,02/10/2023,ZA
vsafe-1-6-daily-dose2,ZAL-28038-51851,s253702291392716049187651750364283856297,03/31/2021,Abdominal pain upper,Stomach cramps,25.1,YES,NO,,02/10/2023,ZA
vsafe-1-6-daily-dose1,ZA2-26830-96810,s254320472069180867688825721444643772785,04/06/2021,Palpitations,Palpitations,25.1,YES,NO,,02/16/2023,ZA
vsafe-1-6-daily-dose1,ZA2-26830-96810,s254435334894838601594232935460696135468,04/07/2021,Palpitations,Palpitations,25.1,YES,NO,,02/17/2023,ZA
vsafe-1-6-daily-dose1,ZA2-26830-96810,s254635433542866142383132712999137724929,04/09/2021,Palpitations,Palpitations,25.1,YES,NO,,02/21/2023,ZA
vsafe-1-6-daily-dose1,ZA2-26830-96810,s254746990256877479782209788034360682725,04/10/2021,Palpitations,Palpitations,25.1,YES,NO,,02/22/2023,ZA
vsafe-1-6-daily-dose1,ZA2-26830-96810,s254859039372263745912705377835764299740,04/11/2021,Palpitations,Palpitations,25.1,YES,NO,,02/23/2023,ZA
vsafe-7-day-dose1,ZA2-26830-96810,s254976476683629061333429535481644381035,04/12/2021,Palpitations,Palpitations,25.1,YES,NO,,02/24/2023,ZA
vsafe-1-6-daily-dose2,ZAH-10557-23772,s268212207298247218046801898681636906122,08/17/2021,Uterine spasm,Uterine cramps,26.0,YES,NO,,06/30/2023,ZA
vsafe-1-6-daily-dose2,ZAH-10557-23772,s268212207298247218046801898681636906122,08/17/2021,Abdominal pain,Abdominal cramps,26.0,YES,NO,,06/30/2023,ZA
vsafe-1-6-daily-dose2,ZAH-10557-23772,s268212207298247218046801898681636906122,08/17/2021,Adnexa uteri pain,Pain ovarian,26.0,YES,NO,,06/30/2023,ZA
vsafe-1-6-daily-dose2,ZAH-10557-23772,s268212207298247218046801898681636906122,08/17/2021,Uterine pain,Uterine pain,26.0,YES,NO,,06/30/2023,ZA
vsafe-1-6-daily-dose2,ZAH-10557-23772,s268425001913447392623455860162141276130,08/19/2021,Dizziness,Dizziness,26.0,YES,NO,,07/07/2023,ZA
vsafe-1-6-daily-dose2,ZAH-10557-23772,s268425001913447392623455860162141276130,08/19/2021,Adnexa uteri pain,Ovarian pain,26.0,YES,NO,,07/07/2023,ZA
vsafe-1-6-daily-dose2,ZAH-10557-23772,s268633390273118437026587868360910466646,08/21/2021,Uterine spasm,Uterine cramps,26.0,YES,NO,,07/17/2023,ZA
vsafe-1-6-daily-dose2,ZAH-10557-23772,s268633390273118437026587868360910466646,08/21/2021,Adnexa uteri pain,Pain ovarian,26.0,YES,NO,,07/17/2023,ZA
vsafe-1-6-daily-dose2,ZAH-10557-23772,s268633390273118437026587868360910466646,08/21/2021,Uterine pain,Uterine pain,26.0,YES,NO,,07/17/2023,ZA
vsafe-1-6-daily-dose2,ZAH-10557-23772,s268633390273118437026587868360910466646,08/21/2021,Muscle spasms,Cramps,26.0,YES,NO,,07/17/2023,ZA
vsafe-1-6-daily-dose2,ZAH-10557-23772,s268729718898355029916687512926778202962,08/22/2021,Menstruation irregular,Irregular menstrual cycle,26.0,YES,NO,,07/18/2023,ZA
vsafe-1-6-daily-dose2,ZAH-10557-23772,s268729718898355029916687512926778202962,08/22/2021,Dysmenorrhoea,Menstrual cramps,26.0,YES,NO,,07/18/2023,ZA
vsafe-1-6-daily-dose2,ZAV-23786-27810,s274472403554131262835462809496576462826,10/16/2021,Dehydration,Dehydration,26.1,YES,NO,,11/17/2023,ZA
vsafe-1-6-daily-dose3,ZAL-15031-13233,s275745734450712032702940395502180169866,10/28/2021,Oropharyngeal pain,Sore throat,26.1,YES,NO,,01/04/2024,ZA
vsafe-1-6-daily-dose3,ZAY-11457-26011,s275834336458447351399924652542742148561,10/29/2021,Rhinorrhoea,Runny nose,26.1,YES,NO,,01/05/2024,ZA
vsafe-1-6-daily-dose3,ZAL-15031-13233,s275941844368421176662669867356661657230,10/30/2021,Oropharyngeal pain,Sore throat,26.1,YES,NO,,01/09/2024,ZA
vsafe-1-6-daily-dose3,ZAY-11457-26011,s276356465166255961893315490225727381147,11/03/2021,Dizziness,Dizziness,26.1,YES,NO,,12/13/2023,ZA
vsafe-1-6-daily-dose4,ZA4-17600-70624,s293794416468325300842065815911485049398,04/19/2022,Brain fog,Brain fog,27.0,YES,NO,,04/23/2024,ZA
vsafe-1-6-daily-dose4,ZAH-33817-26634,s296196910035659987735115709787987940175,05/12/2022,Decreased appetite,Appetite absent,27.0,YES,NO,,05/13/2024,ZA
vsafe-1-6-daily-dose4,ZAH-33817-26634,s296343123228953303666921191862621063589,05/13/2022,Decreased appetite,Appetite absent,27.0,YES,NO,,05/13/2024,ZA
vsafe-1-6-daily-dose4,ZAH-33817-26634,s296615459779351565419563528933153079636,05/16/2022,Pre-existing disease,Pre-existing disease,27.0,YES,NO,,05/15/2024,ZA
vsafe-1-6-daily-dose1,ZAU-26988-31425,s243578991111601202604656850609015275483,12/24/2020,Chest discomfort,Chest tightness,25.1,YES,NO,,10/26/2022,ZA
vsafe-1-6-daily-dose1,ZAU-26988-31425,s243578991111601202604656850609015275483,12/24/2020,Dyspnoea,Shortness of breath,25.1,YES,NO,,10/26/2022,ZA
vsafe-1-6-daily-dose1,ZAU-26988-31425,s243578991111601202604656850609015275483,12/24/2020,Throat tightness,Throat tightness,25.1,YES,NO,,10/26/2022,ZA
vsafe-1-6-daily-dose1,ZAU-26988-31425,s243875537504010609557584738386516289486,12/27/2020,Flank pain,Pain flank,25.1,NO,NO,01/16/2023,10/27/2022,ZA
vsafe-1-6-daily-dose1,ZAU-26988-31425,s243875537504010609557584738386516289486,12/27/2020,Flank pain,Flank pain,25.1,YES,YES,01/16/2023,10/27/2022,ZA
vsafe-1-6-daily-dose1,ZAF-27117-69768,s245876976204181801427022143144206187217,01/15/2021,Unevaluable event,Reaction unevaluable,25.1,YES,NO,,11/16/2022,ZA
vsafe-7-day-dose1,ZAJ-21895-38080,s246354575543312930545598384532368294191,01/20/2021,Respiratory tract congestion,Respiratory tract congestion,25.1,YES,NO,,11/21/2022,ZA
vsafe-7-day-dose1,ZAJ-21895-38080,s246354575543312930545598384532368294191,01/20/2021,Wheezing,Wheezing,25.1,YES,NO,,11/21/2022,ZA
vsafe-1-6-daily-dose2,ZA7-71792-11656,s246797019483326610932620918459697074501,01/24/2021,Swelling,Swelling,25.1,YES,NO,,11/23/2022,ZA
vsafe-1-6-daily-dose2,ZA7-71792-11656,s246797019483326610932620918459697074501,01/24/2021,Lymph node pain,Lymph node pain,25.1,YES,NO,,11/23/2022,ZA
vsafe-1-6-daily-dose2,ZA7-71792-11656,s246797019483326610932620918459697074501,01/24/2021,Dizziness,Dizziness,25.1,YES,NO,,11/23/2022,ZA
vsafe-1-6-daily-dose2,ZA7-71792-11656,s246900047053646996213849110934962438565,01/25/2021,Vertigo,Vertigo,25.1,YES,NO,,11/25/2022,ZA
vsafe-1-6-daily-dose2,ZA7-71792-11656,s247004499785147561678232155473012513861,01/26/2021,Vertigo,Vertigo,25.1,YES,NO,,11/25/2022,ZA
vsafe-1-6-daily-dose2,ZA7-71792-11656,s247108990567446858032972149625782410572,01/27/2021,Vertigo,Vertigo,25.1,YES,NO,,11/28/2022,ZA
vsafe-1-6-daily-dose2,ZA7-71792-11656,s247108990567446858032972149625782410572,01/27/2021,Hypertension,Blood pressure high,25.1,YES,NO,,11/28/2022,ZA
vsafe-1-6-daily-dose2,ZA7-71792-11656,s247213636077479569091662177221315533135,01/28/2021,Vertigo,Vertigo,25.1,YES,NO,,11/29/2022,ZA
vsafe-0-day-dose1,ZAD-69544-51077,s247228949909283226414309268555119102032,01/28/2021,No adverse event,No adverse reaction,25.1,YES,NO,,11/28/2022,ZA
vsafe-7-day-dose2,ZA7-71792-11656,s247318032731385201999426980103783629019,01/29/2021,Vertigo,Vertigo,25.1,YES,NO,,11/30/2022,ZA
vsafe-7-day-dose2,ZA7-71792-11656,s247318032731385201999426980103783629019,01/29/2021,Tinnitus,Tinnitus,25.1,YES,NO,,11/30/2022,ZA
vsafe-7-day-dose2,ZA7-71792-11656,s247318032731385201999426980103783629019,01/29/2021,Hypertension,Blood pressure high,25.1,YES,NO,,11/30/2022,ZA
vsafe-1-6-daily-dose1,ZAY-11079-62464,s247430126880512378949569136573599620359,01/30/2021,Musculoskeletal stiffness,Stiffness shoulder,25.1,YES,NO,,11/30/2022,ZA
vsafe-1-6-daily-dose1,ZAY-11079-62464,s247430126880512378949569136573599620359,01/30/2021,Musculoskeletal stiffness,Neck stiff,25.1,YES,NO,,11/30/2022,ZA
vsafe-1-6-daily-dose1,ZAY-11079-62464,s247430126880512378949569136573599620359,01/30/2021,Arthralgia,Shoulder pain,25.1,YES,NO,,11/30/2022,ZA
vsafe-1-6-daily-dose1,ZAY-11079-62464,s247430126880512378949569136573599620359,01/30/2021,Neck pain,Neck pain,25.1,YES,NO,,11/30/2022,ZA
vsafe-1-6-daily-dose1,ZAD-69544-51077,s247755544909732528550881363543246643520,02/02/2021,Feeling cold,Feeling cold,25.1,YES,NO,,12/04/2022,ZA
vsafe-1-6-daily-dose2,ZAJ-21895-38080,s247858290476339850484781287803932291062,02/03/2021,Dyspnoea,Shortness of breath,25.1,YES,NO,,12/06/2022,ZA
vsafe-1-6-daily-dose2,ZAJ-21895-38080,s248064957917749335874403546725576527757,02/05/2021,Dyspnoea,Shortness of breath,25.1,YES,NO,,12/08/2022,ZA
vsafe-1-6-daily-dose2,ZAJ-21895-38080,s248187483540028951992995609486673208136,02/06/2021,Dyspnoea,Shortness of breath,25.1,YES,NO,,12/09/2022,ZA
vsafe-0-day-dose1,ZAA-29941-30142,s248687798053600354380172160013720809240,02/11/2021,Myalgia,Muscle ache,25.1,YES,NO,,12/19/2022,ZA
vsafe-0-day-dose1,ZAA-29941-30142,s248687798053600354380172160013720809240,02/11/2021,Back pain,Back ache,25.1,YES,NO,,12/19/2022,ZA
vsafe-0-day-dose1,ZAQ-11477-71042,s248688353370623977158085901835670565464,02/11/2021,Diabetes mellitus,Diabetes,25.1,YES,NO,,12/19/2022,ZA
vsafe-1-6-daily-dose1,ZAQ-11477-71042,s249012614298371996945121492569072261917,02/14/2021,Sinus disorder,Sinus disorder,25.1,YES,NO,,12/21/2022,ZA
vsafe-1-6-daily-dose2,ZAZ-11851-07864,s249202981810717987254265656858498488166,02/16/2021,Cough,Cough,25.1,YES,NO,,12/23/2022,ZA
vsafe-1-6-daily-dose2,ZAZ-11851-07864,s249412787616612370604530489859372635128,02/18/2021,Sinus disorder,Sinus disorder,25.1,YES,NO,,12/27/2022,ZA
vsafe-1-6-daily-dose2,ZAZ-11851-07864,s249412787616612370604530489859372635128,02/18/2021,Sneezing,Sneezing,25.1,YES,NO,,12/27/2022,ZA
vsafe-1-6-daily-dose2,ZAD-69544-51077,s249523282310432086247210674569341467201,02/19/2021,Rhinorrhoea,Runny nose,25.1,YES,NO,,12/28/2022,ZA
vsafe-1-6-daily-dose2,ZAZ-11851-07864,s249618758820947180078623294120518144833,02/20/2021,Sinus disorder,Sinus disorder,25.1,YES,NO,,12/28/2022,ZA
vsafe-1-6-daily-dose2,ZAD-69544-51077,s249736412692242645813779474953661985702,02/21/2021,Nasal congestion,Nasal stuffiness,25.1,YES,NO,,12/29/2022,ZA
vsafe-1-6-daily-dose2,ZAD-69544-51077,s249736412692242645813779474953661985702,02/21/2021,Ear pain,Earache,25.1,YES,NO,,12/29/2022,ZA
vsafe-1-6-daily-dose2,ZAZ-11851-07864,s249724023745185734779228267552071920316,02/21/2021,Restlessness,Restless,25.1,YES,NO,,12/29/2022,ZA
vsafe-1-6-daily-dose1,ZAG-11222-58293,s249754811482858017248006654909630521514,02/21/2021,Injection site pain,Pain injection site,25.1,YES,NO,,12/29/2022,ZA
vsafe-1-6-daily-dose1,ZAG-11222-58293,s249824956920629496882098877313818703804,02/22/2021,Arthralgia,Joint pain,25.1,YES,NO,,12/29/2022,ZA
vsafe-1-6-daily-dose2,ZAD-69544-51077,s249938995025980321944093278309595124734,02/23/2021,Pre-existing disease,Pre-existing disease,25.1,YES,NO,,12/30/2022,ZA
vsafe-1-6-daily-dose2,ZAD-69544-51077,s249938995025980321944093278309595124734,02/23/2021,Arthralgia,Joint pain,25.1,YES,NO,,12/30/2022,ZA
vsafe-0-day-dose1,ZA3-74946-12110,s250039621456915974562950416264306797217,02/24/2021,Dysphagia,Swallowing difficult,25.1,YES,NO,,12/30/2022,ZA
vsafe-1-6-daily-dose1,ZAH-10630-31265,s251312640265021145988570891212735303688,03/08/2021,Dizziness,Dizzy,25.1,YES,NO,,01/11/2023,ZA
vsafe-7-day-dose1,ZA8-12803-74438,s252131198680034569555127693248123563494,03/16/2021,Axillary mass,Axillary lump,25.1,YES,NO,,01/27/2023,ZA
vsafe-1-6-daily-dose2,ZAL-20783-81662,s252971645328851436272724257407203196158,03/24/2021,Dizziness,Dizziness,25.1,YES,NO,,02/03/2023,ZA
vsafe-1-6-daily-dose2,ZAH-10630-31265,s253285403808855208361414309512020161659,03/27/2021,Peripheral coldness,Cold hands,25.1,YES,NO,,02/08/2023,ZA
vsafe-1-6-daily-dose2,ZAH-10630-31265,s253285403808855208361414309512020161659,03/27/2021,Peripheral coldness,Cold feet,25.1,YES,NO,,02/08/2023,ZA
vsafe-1-6-daily-dose2,ZAH-10630-31265,s253388005951073847935412679269981779917,03/28/2021,Fatigue,Tiredness,25.1,YES,NO,,02/08/2023,ZA
vsafe-0-day-dose2,ZA8-15221-91170,s253703171721314744852838029381375509219,03/31/2021,Unevaluable event,Reaction unevaluable,25.1,YES,NO,,02/10/2023,ZA
vsafe-1-6-daily-dose2,ZA8-15221-91170,s253813525554457126811375238577040043366,04/01/2021,Dysstasia,Difficulty in standing,25.1,YES,NO,,02/13/2023,ZA
vsafe-1-6-daily-dose2,ZA8-15221-91170,s253813525554457126811375238577040043366,04/01/2021,Gait disturbance,Walking difficulty,25.1,YES,NO,,02/13/2023,ZA
vsafe-1-6-daily-dose2,ZAH-10630-31265,s253810879162949684373610949510999723272,04/01/2021,Pre-existing disease,Pre-existing disease,25.1,YES,NO,,02/13/2023,ZA
vsafe-1-6-daily-dose2,ZAH-10630-31265,s253810879162949684373610949510999723272,04/01/2021,Polymyalgia rheumatica,Polymyalgia rheumatica aggravated,25.1,YES,NO,,02/13/2023,ZA
vsafe-1-6-daily-dose2,ZA8-15221-91170,s254113452695691794567649932032046974731,04/04/2021,Arthritis,Arthritis,25.1,YES,NO,,02/15/2023,ZA
vsafe-1-6-daily-dose2,ZA8-15221-91170,s254113452695691794567649932032046974731,04/04/2021,Pre-existing disease,Pre-existing disease,25.1,YES,NO,,02/15/2023,ZA
vsafe-0-day-dose1,ZA9-18337-51249,s255684400221425868941615556062790472241,04/19/2021,Erythema,Skin red,26.0,YES,NO,,03/23/2023,ZA
vsafe-1-6-daily-dose1,ZA9-18337-51249,s255798697604607562875419847998646670945,04/20/2021,Nasopharyngitis,Cold,25.1,YES,NO,,03/03/2023,ZA
vsafe-1-6-daily-dose2,ZA3-12067-74653,s256721122592657278457674365576495640428,04/29/2021,Nodule,Nodule on extremity,26.0,YES,NO,,03/10/2023,ZA
vsafe-1-6-daily-dose2,ZA3-12067-74653,s256721122592657278457674365576495640428,04/29/2021,Skin warm,Skin warm,26.0,YES,NO,,03/10/2023,ZA
vsafe-1-6-daily-dose1,ZAY-18792-74650,s257361889383151870717216665871374286741,05/05/2021,Breast pain,Breast pain,26.0,YES,NO,,03/15/2023,ZA
vsafe-0-day-dose2,ZA9-18337-51249,s257869626250740630112799765252224456187,05/10/2021,Nasopharyngitis,Cold,26.0,YES,NO,,03/17/2023,ZA
vsafe-7-day-dose2,ZA9-29537-24275,s257974284159737003476575236684698507435,05/11/2021,Brain fog,Foggy feeling in head,26.0,YES,NO,,03/20/2023,ZA
vsafe-1-6-daily-dose2,ZA8-12803-74438,s259121617492511268661918865282843719273,05/22/2021,Lymphadenopathy,Axillary lymph nodes enlarged,26.0,YES,NO,,03/29/2023,ZA
vsafe-1-6-daily-dose2,ZA8-12803-74438,s259121617492511268661918865282843719273,05/22/2021,Lymphadenopathy,Lymph nodes cervical swollen,26.0,YES,NO,,03/29/2023,ZA
vsafe-1-6-daily-dose2,ZA8-12803-74438,s259231118299640128658900631859199870016,05/23/2021,Heart rate increased,Heart rate increased,26.0,YES,NO,,03/29/2023,ZA
vsafe-1-6-daily-dose2,ZA8-12803-74438,s259231118299640128658900631859199870016,05/23/2021,Lymphadenopathy,Axillary lymph nodes enlarged,26.0,YES,NO,,03/29/2023,ZA
vsafe-1-6-daily-dose2,ZA8-12803-74438,s259231118299640128658900631859199870016,05/23/2021,Lymphadenopathy,Lymph nodes cervical swollen,26.0,YES,NO,,03/29/2023,ZA
vsafe-1-6-daily-dose2,ZA8-12803-74438,s259330510064172202071511221681865291221,05/24/2021,Heart rate increased,Heart rate increased,26.0,YES,NO,,03/29/2023,ZA
vsafe-1-6-daily-dose2,ZA8-12803-74438,s259436143152056052674472835738564726293,05/25/2021,Dizziness,Dizziness,26.0,YES,NO,,03/29/2023,ZA
vsafe-1-6-daily-dose2,ZA8-12803-74438,s259436143152056052674472835738564726293,05/25/2021,Heart rate increased,Heart rate increased,26.0,YES,NO,,03/29/2023,ZA
vsafe-1-6-daily-dose2,ZA8-12803-74438,s259558846175941424689607970053448945159,05/26/2021,Dizziness,Dizziness,26.0,YES,NO,,03/30/2023,ZA
vsafe-1-6-daily-dose2,ZA8-12803-74438,s259558846175941424689607970053448945159,05/26/2021,Heart rate increased,Heart rate increased,26.0,YES,NO,,03/30/2023,ZA
vsafe-1-6-daily-dose2,ZA8-12803-74438,s259665750113326384350421808550358179966,05/27/2021,Dizziness,Dizziness,26.0,YES,NO,,03/30/2023,ZA
vsafe-1-6-daily-dose2,ZA8-12803-74438,s259665750113326384350421808550358179966,05/27/2021,Heart rate increased,Heart rate increased,26.0,YES,NO,,03/30/2023,ZA
vsafe-7-day-dose2,ZA8-12803-74438,s259754291412236334760285440357048145206,05/28/2021,Dizziness,Dizziness,26.0,YES,NO,,03/31/2023,ZA
vsafe-7-day-dose2,ZA8-12803-74438,s259754291412236334760285440357048145206,05/28/2021,Heart rate increased,Heart rate increased,26.0,YES,NO,,03/31/2023,ZA
vsafe-7-day-dose2,ZA8-12803-74438,s259754291412236334760285440357048145206,05/28/2021,Blood pressure increased,Elevated BP,26.0,YES,NO,,03/31/2023,ZA
vsafe-1-6-daily-dose1,ZAF-30168-73665,s268326550561787541851421882488021717176,08/18/2021,Joint stiffness,Joint stiffness,26.0,YES,NO,,07/05/2023,ZA
vsafe-1-6-daily-dose1,ZAF-30168-73665,s268326550561787541851421882488021717176,08/18/2021,Blood blister,Blood blister,26.0,YES,NO,,07/05/2023,ZA
vsafe-1-6-daily-dose2,ZAF-30168-73665,s270407351180861397196137230717290213269,09/07/2021,Rhinorrhoea,Runny nose,26.1,YES,NO,,11/03/2023,ZA
vsafe-1-6-daily-dose2,ZAF-30168-73665,s270407351180861397196137230717290213269,09/07/2021,Dizziness,Dizziness,26.1,YES,NO,,11/03/2023,ZA
vsafe-1-6-daily-dose2,ZAF-30168-73665,s270519227933507658543534611027324455483,09/08/2021,Rhinitis,Rhinitis,26.1,YES,NO,,11/03/2023,ZA
vsafe-1-6-daily-dose2,ZAF-30168-73665,s270716340043903301318917603804582691122,09/10/2021,Adverse reaction,Adverse reaction,26.1,YES,NO,,11/07/2023,ZA
vsafe-1-6-daily-dose3,ZAH-10630-31265,s273022021187515677333756298377025980209,10/02/2021,Peripheral coldness,Cold feet,26.1,YES,NO,,10/20/2023,ZA
vsafe-1-6-daily-dose3,ZAG-11222-58293,s275411748107001350052481246240927532890,10/25/2021,Lymphadenopathy,Axillary lymph nodes enlarged,26.1,YES,NO,,12/29/2023,ZA
vsafe-1-6-daily-dose3,ZAG-11222-58293,s275516554520965095590253681285379309484,10/26/2021,Lymph node pain,Lymph node pain,26.1,YES,NO,,12/29/2023,ZA
vsafe-1-6-daily-dose3,ZAG-11222-58293,s275621475992945226561741032726058418728,10/27/2021,Axillary pain,Armpit pain,26.1,YES,NO,,01/03/2024,ZA
vsafe-7-day-dose3,ZAG-11222-58293,s275830976529088345523114573600947608104,10/29/2021,Axillary pain,Armpit pain,26.1,YES,NO,,01/08/2024,ZA
vsafe-1-6-daily-dose4,ZAF-27117-69768,s293389679722239800844405102874689442529,04/15/2022,Fatigue,Fatigue,27.0,YES,NO,,04/19/2024,ZA
vsafe-1-6-daily-dose4,ZAF-27117-69768,s293389679722239800844405102874689442529,04/15/2022,Pain,Ache,27.0,YES,NO,,04/19/2024,ZA
vsafe-1-6-daily-dose4,ZAG-11222-58293,s294944064802206782529736942715071531612,04/30/2022,Oropharyngeal pain,Sore throat,27.0,YES,NO,,05/03/2024,ZA
vsafe-1-6-daily-dose4,ZAG-11222-58293,s295048053003392352048444700613201811108,05/01/2022,Lymphadenopathy,Axillary lymph nodes enlarged,27.0,YES,NO,,05/03/2024,ZA
vsafe-1-6-daily-dose4,ZAG-11222-58293,s295152843778806767814707546628951811020,05/02/2022,Discomfort,Discomfort,27.0,YES,NO,,05/06/2024,ZA
vsafe-1-6-daily-dose4,ZAG-11222-58293,s295152843778806767814707546628951811020,05/02/2022,Lymphadenopathy,Axillary lymph nodes enlarged,27.0,YES,NO,,05/06/2024,ZA
vsafe-1-6-daily-dose4,ZAG-11222-58293,s295256802385095495463275278570011374779,05/03/2022,Lymphadenopathy,Axillary lymph nodes enlarged,27.0,YES,NO,,05/06/2024,ZA
vsafe-1-6-daily-dose4,ZAG-11222-58293,s295256802385095495463275278570011374779,05/03/2022,Lymph node pain,Lymph node pain,27.0,YES,NO,,05/06/2024,ZA
vsafe-1-6-daily-dose4,ZAG-11222-58293,s295363413238828332937981415385662682463,05/04/2022,Lymphadenopathy,Swollen lymph nodes,27.0,YES,NO,,05/07/2024,ZA
vsafe-1-6-daily-dose4,ZAG-11222-58293,s295363413238828332937981415385662682463,05/04/2022,Lymph node pain,Lymph node pain,27.0,YES,NO,,05/07/2024,ZA
vsafe-1-6-daily-dose5,ZAG-11222-58293,s310093488887131296639739897222433231793,09/22/2022,Lymphadenopathy,Axillary lymph nodes enlarged,27.0,YES,NO,,06/24/2024,ZA
vsafe-1-6-daily-dose5,ZAG-11222-58293,s310198320119478785657565650634389733891,09/23/2022,Lymphadenopathy,Axillary lymph nodes enlarged,27.0,YES,NO,,06/24/2024,ZA
vsafe-1-6-daily-dose5,ZAG-11222-58293,s310198320119478785657565650634389733891,09/23/2022,Lymph node pain,Lymph node pain,27.0,YES,NO,,06/24/2024,ZA
vsafe-1-6-daily-dose5,ZAG-11222-58293,s310300666951095104887226502906399852253,09/24/2022,Lymphadenopathy,Axillary lymph nodes enlarged,27.0,YES,NO,,06/24/2024,ZA
vsafe-0-day-dose1,ZA5-23486-15418,s243781485758903519197758040230404443415,12/26/2020,Dysgeusia,Taste metallic,25.1,YES,NO,,10/26/2022,ZA
vsafe-1-6-daily-dose2,ZAD-13581-26031,s246485618808380833244618914147464802580,01/21/2021,Dyspnoea,Shortness of breath,25.1,YES,NO,,11/21/2022,ZA
vsafe-1-6-daily-dose2,ZAD-13581-26031,s246595746088048811033373996976297395796,01/22/2021,Dyspnoea,Dyspnea,25.1,YES,NO,,11/22/2022,ZA
vsafe-1-6-daily-dose2,ZAH-23275-64029,s246599261331350520185263063673793549059,01/22/2021,Hot flush,Hot flashes,25.1,YES,NO,,11/22/2022,ZA
vsafe-7-day-dose1,ZA5-14626-39012,s246601569341039753192132696106204840069,01/22/2021,Constipation,Constipation,25.1,YES,NO,,11/22/2022,ZA
vsafe-1-6-daily-dose2,ZAD-13581-26031,s246693231611293417396524878953974521536,01/23/2021,Dyspnoea exertional,Dyspnea exertional,25.1,YES,NO,,11/23/2022,ZA
vsafe-1-6-daily-dose2,ZAD-13581-26031,s246822919849613538198917964455381442949,01/24/2021,Dyspnoea,Shortness of breath,25.1,YES,NO,,11/23/2022,ZA
vsafe-1-6-daily-dose2,ZAH-23275-64029,s246802461259338550718346902643136924226,01/24/2021,Heart rate increased,Heart rate high,25.1,YES,NO,,11/23/2022,ZA
vsafe-7-day-dose2,ZAD-13581-26031,s246925101824071300951237112829148046669,01/25/2021,Dyspnoea,Short of breath,25.1,YES,NO,,11/25/2022,ZA
vsafe-7-day-dose2,ZAH-23275-64029,s247143687229759034342283380478414817621,01/27/2021,Oropharyngeal pain,Sore throat,25.1,YES,NO,,11/28/2022,ZA
vsafe-7-day-dose2,ZAH-23275-64029,s247143687229759034342283380478414817621,01/27/2021,Lymphadenopathy,Swollen lymph nodes,25.1,YES,NO,,11/28/2022,ZA
vsafe-1-6-daily-dose2,ZAA-11760-41349,s247223979411491480354901001452405795801,01/28/2021,Hypoaesthesia,Numbness of upper extremities,25.1,YES,NO,,11/29/2022,ZA
vsafe-1-6-daily-dose2,ZAA-11760-41349,s247325013916225129827763398745111812325,01/29/2021,Feeling abnormal,Foggy feeling in head,25.1,YES,NO,,11/30/2022,ZA
vsafe-0-day-dose1,ZAB-21024-40891,s247752293930077809841313268296359538169,02/02/2021,Abnormal sensation in eye,Dry-eye feeling,25.1,YES,NO,,12/02/2022,ZA
vsafe-7-day-dose1,ZAQ-93563-99185,s247840142598429800361023699582345415745,02/03/2021,Office visit,Office visit,25.1,YES,NO,,12/06/2022,ZA
vsafe-1-6-daily-dose1,ZAB-21024-40891,s247859366050036078206599003970569121184,02/03/2021,Ear discomfort,Sensation of pressure in ear,25.1,YES,NO,,12/05/2022,ZA
vsafe-1-6-daily-dose1,ZAB-21024-40891,s247859366050036078206599003970569121184,02/03/2021,Hypoacusis,Hearing decreased,25.1,YES,NO,,12/05/2022,ZA
vsafe-0-day-dose2,ZA5-14626-39012,s247972828966146652269471201058982896737,02/04/2021,Dizziness,Dizziness,25.1,YES,NO,,12/06/2022,ZA
vsafe-0-day-dose2,ZA5-14626-39012,s247972828966146652269471201058982896737,02/04/2021,Feeling abnormal,Foggy feeling in head,25.1,YES,NO,,12/06/2022,ZA
vsafe-1-6-daily-dose2,ZA5-14626-39012,s248053925373507294095084822649480345689,02/05/2021,Dizziness,Dizziness,25.1,YES,NO,,12/08/2022,ZA
vsafe-1-6-daily-dose2,ZA5-14626-39012,s248053925373507294095084822649480345689,02/05/2021,Feeling abnormal,Foggy feeling in head,25.1,YES,NO,,12/08/2022,ZA
vsafe-1-6-daily-dose1,ZAB-21024-40891,s248077728178323081175725463001918736220,02/05/2021,Discomfort,Sensation of pressure,25.1,YES,NO,,12/08/2022,ZA
vsafe-1-6-daily-dose1,ZAB-21024-40891,s248077728178323081175725463001918736220,02/05/2021,Hypoacusis,Hearing decreased,25.1,YES,NO,,12/08/2022,ZA
vsafe-1-6-daily-dose1,ZAB-21024-40891,s248283157852553944589162905596041272058,02/07/2021,Atrial fibrillation,Atrial fibrillation,25.1,NO,NO,01/01/2023,12/12/2022,ZA
vsafe-1-6-daily-dose1,ZAB-21024-40891,s248283157852553944589162905596041272058,02/07/2021,Asthenia,Weakness,25.1,YES,NO,,12/12/2022,ZA
vsafe-1-6-daily-dose1,ZAB-21024-40891,s248283157852553944589162905596041272058,02/07/2021,Tremor,Shakiness,25.1,YES,NO,,12/12/2022,ZA
vsafe-1-6-daily-dose1,ZAB-21024-40891,s248283157852553944589162905596041272058,02/07/2021,Fatigue,Tiredness,25.1,YES,NO,,12/12/2022,ZA
vsafe-1-6-daily-dose1,ZAB-21024-40891,s248283157852553944589162905596041272058,02/07/2021,Atrial fibrillation,AFib,25.1,YES,YES,01/01/2023,12/12/2022,ZA
vsafe-1-6-daily-dose1,ZAB-21024-40891,s248383037459098183690867870743581611212,02/08/2021,Heart alternation,Heart alternation,25.1,YES,NO,,12/13/2022,ZA
vsafe-7-day-dose1,ZAB-21024-40891,s248488979827373511837372522538996498884,02/09/2021,Sudden hearing loss,Sudden hearing loss,25.1,YES,NO,,12/15/2022,ZA
vsafe-1-6-daily-dose1,ZAH-29290-60561,s248815808259380092144334959397569215989,02/12/2021,Injection site pain,Injection site tenderness,25.1,YES,NO,,12/20/2022,ZA
vsafe-1-6-daily-dose1,ZAM-33459-77682,s249102079738343647502009821743368781158,02/15/2021,Night sweats,Night sweats,25.1,YES,NO,,12/22/2022,ZA
vsafe-1-6-daily-dose2,ZAQ-93563-99185,s250157836108583545860207278438266621844,02/25/2021,Fatigue,Tiredness,25.1,YES,NO,,01/03/2023,ZA
vsafe-1-6-daily-dose2,ZAQ-93563-99185,s250157836108583545860207278438266621844,02/25/2021,Pain,Ache,25.1,YES,NO,,01/03/2023,ZA
vsafe-1-6-daily-dose2,ZAM-12593-00148,s250351085078622454920960142397938490423,02/27/2021,Rash,Rash,25.1,YES,NO,,01/04/2023,ZA
vsafe-1-6-daily-dose1,ZA5-28390-34448,s250462883224029516810420240897475754885,02/28/2021,Dizziness,Light-headed,25.1,YES,NO,,01/04/2023,ZA
vsafe-1-6-daily-dose2,ZAM-12593-00148,s250454366365863468764911831527407091983,02/28/2021,Injection site rash,Injection site rash,25.1,YES,NO,,01/05/2023,ZA
vsafe-1-6-daily-dose2,ZAM-12593-00148,s250454366365863468764911831527407091983,02/28/2021,Arthralgia,Pain in elbow,25.1,YES,NO,,01/05/2023,ZA
vsafe-1-6-daily-dose2,ZAM-33459-77682,s250980512408617228682031399814413608620,03/05/2021,Arthralgia,Joint pain,25.1,YES,NO,,01/09/2023,ZA
vsafe-7-day-dose1,ZAK-33428-85155,s251224474131192442193005289056626198145,03/07/2021,Dizziness,Dizziness,25.1,YES,NO,,01/11/2023,ZA
vsafe-7-day-dose1,ZAK-33428-85155,s251224474131192442193005289056626198145,03/07/2021,Dizziness,Lightheadedness,25.1,YES,NO,,01/11/2023,ZA
vsafe-7-day-dose1,ZAF-21756-98238,s251400198694594884763747613263469874456,03/09/2021,Oropharyngeal pain,Sore throat,25.1,YES,NO,,01/12/2023,ZA
vsafe-1-6-daily-dose1,ZAC-28756-43417,s251715342897190937017632853055041620518,03/12/2021,No adverse event,No adverse reaction,25.1,YES,NO,,01/23/2023,ZA
vsafe-1-6-daily-dose2,ZAR-52995-64451,s251837631305240201869746034788086238117,03/13/2021,Rhinorrhoea,Runny nose,25.1,YES,NO,,01/24/2023,ZA
vsafe-1-6-daily-dose2,ZAR-52995-64451,s251916333709884277267870446087400224599,03/14/2021,Rhinorrhoea,Runny nose,25.1,YES,NO,,01/25/2023,ZA
vsafe-1-6-daily-dose1,ZAC-28756-43417,s252019350516143424592087296353302643016,03/15/2021,No adverse event,No adverse reaction,25.1,YES,NO,,01/26/2023,ZA
vsafe-1-6-daily-dose1,ZAC-28756-43417,s252133776094847685769471484091976783329,03/16/2021,Unevaluable event,Reaction unevaluable,25.1,YES,NO,,01/26/2023,ZA
vsafe-1-6-daily-dose2,ZAR-52995-64451,s252149380771251033465785564184372225658,03/16/2021,Rhinorrhoea,Runny nose,25.1,YES,NO,,01/26/2023,ZA
vsafe-7-day-dose2,ZAR-52995-64451,s252232560292835307116781549930704155418,03/17/2021,Rhinorrhoea,Runny nose,25.1,YES,NO,,01/28/2023,ZA
vsafe-1-6-daily-dose1,ZAY-22270-08878,s252651831059089247368004372325611534815,03/21/2021,Unevaluable event,Reaction unevaluable,25.1,YES,NO,,02/01/2023,ZA
vsafe-1-6-daily-dose1,ZAX-16849-49519,s252858584234526886038017943968754083909,03/23/2021,Back pain,Back pain,25.1,NO,NO,09/13/2024,02/02/2023,ZA
vsafe-1-6-daily-dose1,ZAX-16849-49519,s252858584234526886038017943968754083909,03/23/2021,Back pain,Low back pain,27.0,YES,YES,09/13/2024,02/02/2023,ZA
vsafe-1-6-daily-dose2,ZAK-33428-85155,s253609302998184465089198494781643872709,03/30/2021,Decreased appetite,Decreased appetite,25.1,YES,NO,,02/10/2023,ZA
vsafe-1-6-daily-dose1,ZAH-24252-30751,s253590470094521399837779363873818311083,03/30/2021,Adverse reaction,Adverse reaction,25.1,YES,NO,,02/09/2023,ZA
vsafe-0-day-dose1,ZAV-12053-02136,s255172016316158316847024706260900138564,04/14/2021,Chest discomfort,Tightness in chest,25.1,YES,NO,,02/27/2023,ZA
vsafe-1-6-daily-dose1,ZAV-12053-02136,s255277662430596326036887026293898128701,04/15/2021,Disturbance in attention,Attention concentration difficulty,25.1,YES,NO,,02/28/2023,ZA
vsafe-1-6-daily-dose1,ZAV-12053-02136,s255482645902777981724768790479362520736,04/17/2021,Dizziness,Light-headed,25.1,YES,NO,,03/02/2023,ZA
vsafe-7-day-dose1,ZAV-12053-02136,s255900044566134356829126812908644910030,04/21/2021,Axillary pain,Armpit pain,25.1,YES,NO,,03/06/2023,ZA
vsafe-1-6-daily-dose2,ZAW-19314-71881,s256520994413387985053607175745314657766,04/27/2021,Adverse reaction,Adverse reaction,26.0,YES,NO,,03/24/2023,ZA
vsafe-1-6-daily-dose2,ZAW-19314-71881,s256838884816231016731181875107440793292,04/30/2021,Urinary tract infection,UTI,26.0,YES,NO,,03/13/2023,ZA
vsafe-1-6-daily-dose2,ZAW-29989-66465,s257872580781355589960238648844322789620,05/10/2021,Nausea,Nausea,26.0,YES,NO,,03/17/2023,ZA
vsafe-1-6-daily-dose2,ZAW-29989-66465,s257872580781355589960238648844322789620,05/10/2021,Vomiting,Vomiting,26.0,YES,NO,,03/17/2023,ZA
vsafe-1-6-daily-dose2,ZAV-12053-02136,s258435439220975764980369385937147922657,05/15/2021,Cough,Cough,26.0,YES,NO,,03/22/2023,ZA
vsafe-7-day-dose2,ZAV-12053-02136,s259025920810942936905451238828079192895,05/21/2021,Cough,Cough,26.0,YES,NO,,03/29/2023,ZA
vsafe-1-6-daily-dose3,ZAN-66786-66104,s273959065256911587407111046427625324497,10/11/2021,Nasopharyngitis,Common cold,26.1,YES,NO,,11/10/2023,ZA
vsafe-7-day-dose3,ZAN-66786-66104,s274059221311982484969535765309337292310,10/12/2021,Nasopharyngitis,Common cold,26.1,YES,NO,,11/14/2023,ZA
vsafe-1-6-daily-dose3,ZA4-33489-45977,s275631520383080223048404184779134241679,10/27/2021,Nasopharyngitis,Cold symptoms,26.1,YES,NO,,01/03/2024,ZA
vsafe-1-6-daily-dose3,ZA4-33489-45977,s275727598190871132084055700760070590627,10/28/2021,Oropharyngeal pain,Sore throat,26.1,YES,NO,,01/04/2024,ZA
vsafe-1-6-daily-dose3,ZA4-33489-45977,s275727598190871132084055700760070590627,10/28/2021,Nasopharyngitis,Cold symptoms,26.1,YES,NO,,01/04/2024,ZA
vsafe-1-6-daily-dose3,ZA4-33489-45977,s275830031472594973371041371256137625101,10/29/2021,Oropharyngeal pain,Sore throat,26.1,YES,NO,,01/05/2024,ZA
vsafe-1-6-daily-dose3,ZA4-33489-45977,s275830031472594973371041371256137625101,10/29/2021,Nasopharyngitis,Cold symptoms,26.1,YES,NO,,01/05/2024,ZA
vsafe-1-6-daily-dose3,ZA4-33489-45977,s275955125152835717551709557756078461961,10/30/2021,Oropharyngeal pain,Sore throat,26.1,YES,NO,,01/09/2024,ZA
vsafe-1-6-daily-dose3,ZA4-33489-45977,s275955125152835717551709557756078461961,10/30/2021,Dysphonia,Hoarseness,26.1,YES,NO,,01/09/2024,ZA
vsafe-1-6-daily-dose3,ZA4-33489-45977,s275955125152835717551709557756078461961,10/30/2021,Nasopharyngitis,Cold symptoms,26.1,YES,NO,,01/09/2024,ZA
vsafe-1-6-daily-dose3,ZA4-33489-45977,s276055125110788774684132672944850247020,10/31/2021,Nasopharyngitis,Cold,26.1,YES,NO,,01/10/2024,ZA
vsafe-1-6-daily-dose3,ZA4-33489-45977,s276055125110788774684132672944850247020,10/31/2021,SARS-CoV-2 test negative,COVID-19 virus test negative,26.1,YES,NO,,01/10/2024,ZA
vsafe-7-day-dose3,ZA4-33489-45977,s276247995583449768864777030599881456008,11/02/2021,Oropharyngeal pain,Sore throat,26.1,YES,NO,,12/13/2023,ZA
vsafe-7-day-dose3,ZA4-33489-45977,s276247995583449768864777030599881456008,11/02/2021,Nasopharyngitis,Cold symptoms,26.1,YES,NO,,12/13/2023,ZA
vsafe-1-6-daily-dose4,ZAH-29290-60561,s294329286925404225178945479029868381699,04/24/2022,Injection site pain,Injection site tenderness,27.0,YES,NO,,04/26/2024,ZA
vsafe-0-day-dose1,ZAD-32445-02973,s244092963719065927292662274506833436897,12/29/2020,Flushing,Flushed face,25.1,NO,NO,01/17/2023,10/28/2022,ZA
vsafe-0-day-dose1,ZAD-32445-02973,s244092963719065927292662274506833436897,12/29/2020,Erythema,Red face,25.1,YES,NO,,10/28/2022,ZA
vsafe-0-day-dose1,ZAD-32445-02973,s244092963719065927292662274506833436897,12/29/2020,Blood pressure increased,Blood pressure increased,25.1,YES,NO,,10/28/2022,ZA
vsafe-0-day-dose1,ZAD-32445-02973,s244092963719065927292662274506833436897,12/29/2020,Flushing,Flushed,25.1,YES,YES,01/17/2023,10/28/2022,ZA
vsafe-1-6-daily-dose1,ZA3-13752-91799,s244644798063863259536674139161791976130,01/03/2021,Oropharyngeal pain,Sore throat,25.1,YES,NO,,11/04/2022,ZA
vsafe-1-6-daily-dose1,ZAT-22960-05838,s245168086755064539550486749196302601159,01/08/2021,Cough,Coughing,25.1,YES,NO,,11/08/2022,ZA
vsafe-1-6-daily-dose1,ZAT-22960-05838,s245339641291401741125410542234523836259,01/10/2021,Cough,Coughing,25.1,YES,NO,,11/10/2022,ZA
vsafe-7-day-dose1,ZAJ-22445-79740,s245584750158213226131685258171599433813,01/12/2021,Wheezing,Wheezing,25.1,YES,NO,,11/11/2022,ZA
vsafe-7-day-dose1,ZAJ-22445-79740,s245584750158213226131685258171599433813,01/12/2021,Dyspnoea,Shortness of breath,25.1,YES,NO,,11/11/2022,ZA
vsafe-7-day-dose1,ZAJ-22445-79740,s245584750158213226131685258171599433813,01/12/2021,Upper-airway cough syndrome,Postnasal drip,25.1,YES,NO,,11/11/2022,ZA
vsafe-1-6-daily-dose1,ZAY-15688-99201,s246507613137986525673958019856761256196,01/21/2021,Axillary pain,Armpit pain,25.1,YES,NO,,11/21/2022,ZA
vsafe-1-6-daily-dose1,ZAY-15688-99201,s246507613137986525673958019856761256196,01/21/2021,Pruritus,Itchy upper limbs,25.1,YES,NO,,11/21/2022,ZA
vsafe-1-6-daily-dose1,ZAY-15688-99201,s246507613137986525673958019856761256196,01/21/2021,Pain in extremity,Pain in arm,25.1,YES,NO,,11/21/2022,ZA
vsafe-0-day-dose1,ZAR-33824-57723,s246604911629951122301540638110362815239,01/22/2021,Myalgia,Muscle ache,25.1,YES,NO,,11/21/2022,ZA
vsafe-0-day-dose1,ZAR-33824-57723,s246604911629951122301540638110362815239,01/22/2021,Pain,General body pain,25.1,YES,NO,,11/21/2022,ZA
vsafe-1-6-daily-dose2,ZA3-12555-01772,s247449367979179759797872595699115919643,01/30/2021,Dizziness,Light-headed,25.1,YES,NO,,12/01/2022,ZA
vsafe-1-6-daily-dose2,ZAY-15688-99201,s248887635816727399785057854700972049929,02/13/2021,Dizziness,Dizziness,25.1,YES,NO,,12/21/2022,ZA
vsafe-1-6-daily-dose2,ZA8-33475-54508,s250151174563425819621775997905094208770,02/25/2021,Respiratory tract congestion,Respiratory tract congestion,25.1,YES,NO,,01/03/2023,ZA
vsafe-1-6-daily-dose2,ZA8-33475-54508,s250151174563425819621775997905094208770,02/25/2021,Rhinorrhoea,Runny nose,25.1,YES,NO,,01/03/2023,ZA
vsafe-1-6-daily-dose1,ZAV-26234-18525,s250563104053094937888647738734070626021,03/01/2021,Vision blurred,Blurring of eyes,25.1,YES,NO,,01/05/2023,ZA
vsafe-1-6-daily-dose2,ZA3-16386-85049,s251609434149087192014993757260642689989,03/11/2021,Adverse reaction,Adverse reaction,25.1,YES,NO,,01/23/2023,ZA
vsafe-1-6-daily-dose1,ZAB-18992-36229,s251716979534314111241840031374974301657,03/12/2021,Sinus pain,Sinus pain,25.1,YES,NO,,01/23/2023,ZA
vsafe-1-6-daily-dose2,ZAG-33274-05231,s252244589447056589835525455723203573367,03/17/2021,Pain in extremity,Pain in leg,25.1,YES,NO,,01/27/2023,ZA
vsafe-1-6-daily-dose2,ZAG-33274-05231,s252244589447056589835525455723203573367,03/17/2021,Arthralgia,Shoulder pain,25.1,YES,NO,,01/27/2023,ZA
vsafe-1-6-daily-dose1,ZAQ-13512-76518,s252563047612638253241900020364569354256,03/20/2021,Eye pruritus,Itchy eyes,25.1,YES,NO,,01/31/2023,ZA
vsafe-1-6-daily-dose1,ZAQ-13512-76518,s252767101549922595768260292407456318423,03/22/2021,Hot flush,Hot flashes,25.1,YES,NO,,02/02/2023,ZA
vsafe-1-6-daily-dose1,ZAQ-13512-76518,s252767101549922595768260292407456318423,03/22/2021,Menopausal symptoms,Perimenopausal symptoms,25.1,YES,NO,,02/02/2023,ZA
vsafe-1-6-daily-dose1,ZA4-12933-48499,s252858565796025359084772038275158922901,03/23/2021,Feeling abnormal,Foggy feeling in head,25.1,YES,NO,,02/02/2023,ZA
vsafe-0-day-dose2,ZAQ-13512-76518,s254351503830932374641234390206091242100,04/06/2021,Palpitations,Palpitations,25.1,YES,NO,,02/16/2023,ZA
vsafe-0-day-dose2,ZAQ-13512-76518,s254351503830932374641234390206091242100,04/06/2021,Dizziness,Dizziness,25.1,YES,NO,,02/16/2023,ZA
vsafe-1-6-daily-dose2,ZAQ-13512-76518,s254436933827151420361831243405027082753,04/07/2021,Syncope,Faint,25.1,YES,NO,,02/17/2023,ZA
vsafe-1-6-daily-dose2,ZAQ-13512-76518,s254436933827151420361831243405027082753,04/07/2021,Dizziness,Dizzy,25.1,YES,NO,,02/17/2023,ZA
vsafe-1-6-daily-dose2,ZAB-18992-36229,s254636288394538746951317005286995804080,04/09/2021,Sensitive skin,Sensitive skin,25.1,YES,NO,,02/21/2023,ZA
vsafe-1-6-daily-dose2,ZAQ-13512-76518,s254853351353654126228467821506114273860,04/11/2021,Sneezing,Sneezing,25.1,YES,NO,,02/23/2023,ZA
vsafe-1-6-daily-dose2,ZAQ-13512-76518,s254853351353654126228467821506114273860,04/11/2021,Rhinorrhoea,Runny nose,25.1,YES,NO,,02/23/2023,ZA
vsafe-7-day-dose2,ZAQ-13512-76518,s255062845507338498961386122912587207992,04/13/2021,Contusion,Bruising of leg,25.1,YES,NO,,02/27/2023,ZA
vsafe-1-6-daily-dose1,ZAR-23270-27671,s255267281187755629421338894309371038866,04/15/2021,Hypertension,Blood pressure high,25.1,YES,NO,,02/28/2023,ZA
vsafe-0-day-dose2,ZAJ-10098-11296,s255285919052592225684845919385045054042,04/15/2021,No adverse event,No adverse reaction,25.1,YES,NO,,02/27/2023,ZA
vsafe-1-6-daily-dose2,ZAJ-10098-11296,s255483156230871438664871495691177479969,04/17/2021,Pain in extremity,Pain in arm,25.1,YES,NO,,03/02/2023,ZA
vsafe-1-6-daily-dose2,ZAJ-10098-11296,s255483156230871438664871495691177479969,04/17/2021,Fatigue,Fatigue,25.1,YES,NO,,03/02/2023,ZA
vsafe-7-day-dose1,ZAC-30507-79439,s255984830966975077803487947037715616894,04/22/2021,Lymphadenopathy,Swollen lymph nodes,25.1,YES,NO,,03/07/2023,ZA
vsafe-1-6-daily-dose1,ZAH-73096-45926,s257566757532916237934240187948859005347,05/07/2021,Dizziness,Dizzy,25.1,YES,NO,,03/16/2023,ZA
vsafe-1-6-daily-dose2,ZAH-73096-45926,s260063954287595840940065959518216541554,05/31/2021,Menstruation delayed,Menstruation delayed,26.0,YES,NO,,03/31/2023,ZA
vsafe-1-6-daily-dose1,ZA3-20373-21443,s266353982226436177561031757231880331461,07/30/2021,Pre-existing disease,Pre-existing disease,26.0,YES,NO,,04/25/2023,ZA
vsafe-1-6-daily-dose1,ZA3-20373-21443,s266353982226436177561031757231880331461,07/30/2021,Asthma,Asthma aggravated,26.0,YES,NO,,04/25/2023,ZA
vsafe-1-6-daily-dose1,ZA3-20373-21443,s266433610174782862295405049880962029209,07/31/2021,Chest discomfort,Chest tightness,26.0,YES,NO,,04/27/2023,ZA
vsafe-1-6-daily-dose3,ZA3-16386-85049,s273017286147627248428137977217813218418,10/02/2021,Injection site pain,Pain injection site,26.1,YES,NO,,10/20/2023,ZA
vsafe-1-6-daily-dose3,ZA3-16386-85049,s273017286147627248428137977217813218418,10/02/2021,Fatigue,Fatigue,26.1,YES,NO,,10/20/2023,ZA
vsafe-1-6-daily-dose3,ZA3-16386-85049,s273017286147627248428137977217813218418,10/02/2021,Pyrexia,Fever,26.1,YES,NO,,10/20/2023,ZA
vsafe-1-6-daily-dose3,ZA3-16386-85049,s273017286147627248428137977217813218418,10/02/2021,Self-medication,Self-medication,26.1,YES,NO,,10/20/2023,ZA
vsafe-0-day-dose3,ZAR-11305-76388,s279287690131840374079989678742398746485,12/01/2021,No adverse event,No adverse reaction,26.1,YES,NO,,02/19/2024,ZA
vsafe-1-6-daily-dose3,ZAR-11305-76388,s279493025836439213792475717556767433016,12/03/2021,Eye pain,Painful eye movement,26.1,YES,NO,,01/19/2024,ZA
vsafe-1-6-daily-dose1,ZAK-20234-44042,s243877574262675792774573397619035997952,12/27/2020,Skin mass,Skin mass,25.1,YES,NO,,10/27/2022,ZA
vsafe-1-6-daily-dose1,ZAK-20234-44042,s243877574262675792774573397619035997952,12/27/2020,Pre-existing disease,Pre-existing disease,25.1,YES,NO,,10/27/2022,ZA
vsafe-1-6-daily-dose1,ZAJ-21127-73174,s244419909175797110165701583368954202647,01/01/2021,Oropharyngeal pain,Sore throat,25.1,YES,NO,,11/02/2022,ZA
vsafe-1-6-daily-dose1,ZAJ-21127-73174,s244419909175797110165701583368954202647,01/01/2021,Cough,Cough,25.1,YES,NO,,11/02/2022,ZA
vsafe-0-day-dose2,ZAE-13379-86521,s245963355197070429615407170276245023929,01/16/2021,Dysgeusia,Taste peculiar,25.1,YES,NO,,11/16/2022,ZA
vsafe-1-6-daily-dose2,ZAE-13379-86521,s246195312805680454566102498320394681537,01/18/2021,Dysgeusia,Taste peculiar,25.1,YES,NO,,11/18/2022,ZA
vsafe-1-6-daily-dose2,ZAE-13379-86521,s246195312805680454566102498320394681537,01/18/2021,Muscle twitching,Twitching facial,25.1,YES,NO,,11/18/2022,ZA
vsafe-1-6-daily-dose2,ZAR-24312-46548,s246903102906122985507544452966436715777,01/25/2021,Ventricular extrasystoles,Ventricular quadrigeminy,25.1,YES,NO,,11/25/2022,ZA
vsafe-1-6-daily-dose2,ZAR-24312-46548,s246903102906122985507544452966436715777,01/25/2021,Emergency care,Emergency care,25.1,YES,NO,,11/25/2022,ZA
vsafe-0-day-dose1,ZA6-19870-71896,s247234772185118829406687150553847987432,01/28/2021,Lymphadenopathy,Swollen lymph nodes,25.1,YES,NO,,11/28/2022,ZA
vsafe-1-6-daily-dose1,ZA6-19870-71896,s247335119372577036320839011040968214500,01/29/2021,Respiratory tract congestion,Respiratory tract congestion,25.1,YES,NO,,11/30/2022,ZA
vsafe-1-6-daily-dose2,ZAL-22578-16940,s247424192106408389513125099897359079462,01/30/2021,Headache,Headache,25.1,YES,NO,,12/01/2022,ZA
vsafe-1-6-daily-dose2,ZAL-22578-16940,s247424192106408389513125099897359079462,01/30/2021,Fatigue,Fatigue,25.1,YES,NO,,12/01/2022,ZA
vsafe-1-6-daily-dose2,ZA5-11743-59684,s248187485316556334948181276131511132418,02/06/2021,Self-medication,Self-medication,25.1,YES,NO,,12/09/2022,ZA
vsafe-1-6-daily-dose2,ZA5-11743-59684,s248187485316556334948181276131511132418,02/06/2021,Loss of consciousness,Passed out,25.1,YES,NO,,12/09/2022,ZA
vsafe-1-6-daily-dose2,ZA5-11743-59684,s248187485316556334948181276131511132418,02/06/2021,Fall,Fall,25.1,YES,NO,,12/09/2022,ZA
vsafe-1-6-daily-dose2,ZAY-28093-53379,s248486835640740885844180433111005944167,02/09/2021,Dizziness,Light headedness,25.1,YES,NO,,12/15/2022,ZA
vsafe-7-day-dose1,ZAH-99619-55362,s248791747185082272141681961917886408148,02/12/2021,Vertigo,Vertigo,25.1,YES,NO,,12/20/2022,ZA
vsafe-1-6-daily-dose1,ZAL-20158-80665,s249006057998017106079705466953177683557,02/14/2021,Injection site pain,Pain injection site,25.1,YES,NO,,12/21/2022,ZA
vsafe-1-6-daily-dose1,ZA9-28193-03183,s249111528200061118521742862959919114568,02/15/2021,Feeling abnormal,Fuzzy head,25.1,YES,NO,,12/22/2022,ZA
vsafe-1-6-daily-dose1,ZA9-28193-03183,s249111528200061118521742862959919114568,02/15/2021,Amnesia,Memory loss,25.1,YES,NO,,12/22/2022,ZA
vsafe-7-day-dose1,ZA9-28193-03183,s249225469075946568103320460616211802517,02/16/2021,Feeling abnormal,Foggy feeling in head,25.1,YES,NO,,12/23/2022,ZA
vsafe-1-6-daily-dose1,ZAL-20158-80665,s249418958832373967443855516821998979696,02/18/2021,Prostate cancer,Prostate cancer,25.1,YES,NO,,12/27/2022,ZA
vsafe-1-6-daily-dose1,ZA9-20986-98481,s249523710415944305690426838519846144300,02/19/2021,Lethargy,Lethargic,25.1,YES,NO,,12/28/2022,ZA
vsafe-1-6-daily-dose1,ZAL-20158-80665,s249518844091428325401586232509546025431,02/19/2021,Prostate cancer,Prostate cancer,25.1,YES,NO,,12/28/2022,ZA
vsafe-1-6-daily-dose2,ZA6-19870-71896,s249734457690593678209579790370849087942,02/21/2021,Nasopharyngitis,Cold symptoms,25.1,YES,NO,,12/29/2022,ZA
vsafe-1-6-daily-dose1,ZA9-20986-98481,s249729669955445594173683991888867804151,02/21/2021,Heart rate increased,Heart rate increased,25.1,YES,NO,,12/29/2022,ZA
vsafe-1-6-daily-dose2,ZA6-18669-13332,s249940060434983810067713064090957699830,02/23/2021,Pre-existing disease,Pre-existing disease,25.1,YES,NO,,12/30/2022,ZA
vsafe-1-6-daily-dose2,ZAR-91154-01271,s250158783957657653189215424930934072706,02/25/2021,Depression,Depression,25.1,YES,NO,,01/03/2023,ZA
vsafe-1-6-daily-dose2,ZAR-91154-01271,s250263230771587520181512039696257668810,02/26/2021,Headache,Headache,25.1,YES,NO,,01/03/2023,ZA
vsafe-1-6-daily-dose2,ZAR-91154-01271,s250263230771587520181512039696257668810,02/26/2021,Nausea,Nausea,25.1,YES,NO,,01/03/2023,ZA
vsafe-1-6-daily-dose2,ZAR-91154-01271,s250263230771587520181512039696257668810,02/26/2021,Hypertension,Blood pressure high,25.1,YES,NO,,01/03/2023,ZA
vsafe-0-day-dose2,ZAH-99619-55362,s250249361078626948928783245578443881280,02/26/2021,Dysgeusia,Taste peculiar,25.1,YES,NO,,01/03/2023,ZA
vsafe-7-day-dose2,ZAR-91154-01271,s250796976146754428622021505633904891913,03/03/2021,Constipation,Constipation,25.1,YES,NO,,01/07/2023,ZA
vsafe-1-6-daily-dose2,ZA9-28193-03183,s250785759462904700169110698284309706256,03/03/2021,Feeling abnormal,Foggy feeling in head,25.1,YES,NO,,01/06/2023,ZA
vsafe-1-6-daily-dose2,ZA9-28193-03183,s250896094419430392343596359534126999559,03/04/2021,Feeling abnormal,Foggy feeling in head,25.1,YES,NO,,01/09/2023,ZA
vsafe-1-6-daily-dose2,ZA5-21008-65878,s252026137437843473962050525527951426279,03/15/2021,No adverse event,No adverse reaction,25.1,YES,NO,,01/26/2023,ZA
vsafe-1-6-daily-dose2,ZA5-21008-65878,s252120956506673770256323614735571004917,03/16/2021,No adverse event,No adverse reaction,25.1,YES,NO,,01/26/2023,ZA
vsafe-1-6-daily-dose2,ZA5-21008-65878,s252232376550860000105077578581425173088,03/17/2021,No adverse event,No adverse reaction,25.1,YES,NO,,01/27/2023,ZA
vsafe-0-day-dose2,ZA9-20986-98481,s252333064332442605932573808440847765691,03/18/2021,Dizziness,Light-headed,25.1,YES,NO,,01/29/2023,ZA
vsafe-7-day-dose2,ZAL-20158-80665,s252642937576338248530593243006132480920,03/21/2021,Prostate cancer,Prostate cancer,25.1,YES,NO,,02/01/2023,ZA
vsafe-1-6-daily-dose2,ZA9-20986-98481,s252852025970659354868920706683909082451,03/23/2021,Sinus headache,Sinus headache,25.1,YES,NO,,02/03/2023,ZA
vsafe-1-6-daily-dose2,ZA9-20986-98481,s252852025970659354868920706683909082451,03/23/2021,Pre-existing disease,Pre-existing disease,25.1,YES,NO,,02/03/2023,ZA
vsafe-1-6-daily-dose2,ZA9-20986-98481,s252852025970659354868920706683909082451,03/23/2021,Hypersensitivity,Allergy aggravated,25.1,YES,NO,,02/03/2023,ZA
vsafe-1-6-daily-dose2,ZA9-20986-98481,s252962785452943008678316430116885511011,03/24/2021,Headache,Headache,25.1,YES,NO,,02/03/2023,ZA
vsafe-1-6-daily-dose2,ZA9-20986-98481,s252962785452943008678316430116885511011,03/24/2021,Office visit,Office visit,25.1,YES,NO,,02/03/2023,ZA
vsafe-1-6-daily-dose2,ZA9-20986-98481,s252962785452943008678316430116885511011,03/24/2021,Sinusitis,Sinus infection,25.1,YES,NO,,02/03/2023,ZA
vsafe-1-6-daily-dose2,ZA9-20986-98481,s252962785452943008678316430116885511011,03/24/2021,Pre-existing disease,Pre-existing disease,25.1,YES,NO,,02/03/2023,ZA
vsafe-1-6-daily-dose2,ZAD-16266-29167,s254650129557197322582871304688756233466,04/09/2021,Joint swelling,Swollen joint,25.1,YES,NO,,02/21/2023,ZA
vsafe-1-6-daily-dose1,ZAJ-24323-91460,s255798436974328374647743233158749508482,04/20/2021,Pain in jaw,Jaw pain,25.1,YES,NO,,03/03/2023,ZA
vsafe-1-6-daily-dose1,ZAJ-24323-91460,s255798436974328374647743233158749508482,04/20/2021,Paranasal sinus discomfort,Sinus pressure,25.1,YES,NO,,03/03/2023,ZA
vsafe-1-6-daily-dose1,ZAG-94315-97990,s256216527493966806066509161921338051360,04/24/2021,Pruritus,Itchy upper limbs,25.1,YES,NO,,03/08/2023,ZA
vsafe-1-6-daily-dose1,ZAG-94315-97990,s256315405269350182684229659981578430604,04/25/2021,Pruritus,Itchy upper limbs,26.0,YES,NO,,03/08/2023,ZA
vsafe-1-6-daily-dose1,ZAG-94315-97990,s256437460844176693433210523859274053665,04/26/2021,Pruritus,Itchy upper limbs,26.0,YES,NO,,03/09/2023,ZA
vsafe-1-6-daily-dose2,ZAE-48274-75372,s257043689760099135021250549015764422994,05/02/2021,Abnormal dreams,Dreams abnormal,26.0,YES,NO,,03/14/2023,ZA
vsafe-7-day-dose1,ZAJ-40171-53324,s258004483997288246645420839655732561895,05/11/2021,Oropharyngeal pain,Sore throat,26.0,YES,NO,,03/20/2023,ZA
vsafe-0-day-dose2,ZAJ-40171-53324,s259466708352116463012632853662430563782,05/25/2021,Oropharyngeal pain,Sore throat,26.0,YES,NO,,03/29/2023,ZA
vsafe-1-6-daily-dose2,ZAG-94315-97990,s259460633353463135834814563559834032736,05/25/2021,Dizziness,Dizzy,26.0,YES,NO,,03/29/2023,ZA
vsafe-1-6-daily-dose2,ZAG-94315-97990,s259460633353463135834814563559834032736,05/25/2021,Dizziness,Light-headed,26.0,YES,NO,,03/29/2023,ZA
vsafe-1-6-daily-dose2,ZAJ-40171-53324,s259549243466334996635055434792958611043,05/26/2021,Oropharyngeal pain,Sore throat,26.0,YES,NO,,03/30/2023,ZA
vsafe-1-6-daily-dose2,ZAG-94315-97990,s259642416892408830794935246128472019722,05/27/2021,Nasopharyngitis,Cold symptoms,26.0,YES,NO,,03/30/2023,ZA
vsafe-1-6-daily-dose2,ZAG-94315-97990,s259642416892408830794935246128472019722,05/27/2021,Oropharyngeal pain,Sore throat,26.0,YES,NO,,03/30/2023,ZA
vsafe-1-6-daily-dose2,ZAG-94315-97990,s259642416892408830794935246128472019722,05/27/2021,Nasal congestion,Nasal congestion,26.0,YES,NO,,03/30/2023,ZA
vsafe-1-6-daily-dose2,ZAG-94315-97990,s259642416892408830794935246128472019722,05/27/2021,Rhinorrhoea,Nasal discharge,26.0,YES,NO,,03/30/2023,ZA
vsafe-1-6-daily-dose2,ZAG-94315-97990,s259642416892408830794935246128472019722,05/27/2021,Paranasal sinus discomfort,Sinus pressure,26.0,YES,NO,,03/30/2023,ZA
vsafe-1-6-daily-dose2,ZAG-94315-97990,s259642416892408830794935246128472019722,05/27/2021,Headache,Headache,26.0,YES,NO,,03/30/2023,ZA
vsafe-1-6-daily-dose2,ZAJ-40171-53324,s259791783723231918079196608088439968054,05/28/2021,Oropharyngeal pain,Sore throat,26.0,YES,NO,,03/30/2023,ZA
vsafe-1-6-daily-dose2,ZAJ-40171-53324,s259869320881128014404339471246204472127,05/29/2021,Throat irritation,Throat irritation,26.0,YES,NO,,03/31/2023,ZA
vsafe-1-6-daily-dose2,ZAJ-40171-53324,s259977425817890642835841679502573454859,05/30/2021,Throat irritation,Throat irritation,26.0,YES,NO,,03/31/2023,ZA
vsafe-1-6-daily-dose2,ZAJ-40171-53324,s260071914657835681821838530142978868143,05/31/2021,Throat irritation,Throat irritation,26.0,YES,NO,,03/31/2023,ZA
vsafe-7-day-dose2,ZAJ-40171-53324,s260178129055314416257604486546147905567,06/01/2021,Oral discomfort,Burning mouth,26.0,YES,NO,,03/31/2023,ZA
vsafe-1-6-daily-dose2,ZAG-32941-21851,s262495410598898285074781508759838158924,06/23/2021,Oedema peripheral,Edema arms,26.0,YES,NO,,04/06/2023,ZA
vsafe-1-6-daily-dose2,ZAG-32941-21851,s262563573028335653844667571426676076509,06/24/2021,Oedema peripheral,Edema arms,26.0,YES,NO,,04/06/2023,ZA
vsafe-1-6-daily-dose2,ZAG-32941-21851,s262563573028335653844667571426676076509,06/24/2021,Brain fog,Brain fog,26.0,YES,NO,,04/06/2023,ZA
vsafe-1-6-daily-dose2,ZAG-32941-21851,s262669359222820562710466081193942724672,06/25/2021,Oedema peripheral,Edema arms,26.0,YES,NO,,04/06/2023,ZA
vsafe-1-6-daily-dose2,ZAG-32941-21851,s262897667094561021994429960014998934853,06/27/2021,Oedema peripheral,Edema arms,26.0,YES,NO,,04/06/2023,ZA
vsafe-0-day-dose3,ZA6-19870-71896,s272731093313089743212873678761413486876,09/29/2021,Lymphadenopathy,Lymph nodes cervical swollen,26.1,YES,NO,,10/16/2023,ZA
vsafe-1-6-daily-dose3,ZAK-14120-40925,s273021965283874835837144266607956767642,10/02/2021,No adverse event,No adverse reaction,26.1,YES,NO,,10/20/2023,ZA
vsafe-1-6-daily-dose3,ZAE-18404-25129,s273284612761039047241487316890856101298,10/04/2021,Arthralgia,Pain knee,26.1,YES,NO,,10/25/2023,ZA
vsafe-1-6-daily-dose3,ZAE-18404-25129,s273284612761039047241487316890856101298,10/04/2021,Knee arthroplasty,Knee replacement,26.1,YES,NO,,10/25/2023,ZA
vsafe-7-day-dose3,ZAK-14120-40925,s273230905554976617057277597196955044164,10/04/2021,No adverse event,No adverse reaction,26.1,YES,NO,,10/26/2023,ZA
vsafe-0-day-dose3,ZA4-40517-24410,s273558728036945638487569207659787343603,10/07/2021,Fatigue,Tiredness,26.1,YES,NO,,10/31/2023,ZA
vsafe-1-6-daily-dose1-dep,ZAM-75870-80409,s278279286705178298526531689302666693678,11/21/2021,Arthralgia,Pain in joint,26.1,YES,NO,,01/30/2024,ZA
vsafe-1-6-daily-dose1-dep,ZAM-75870-80409,s278279286705178298526531689302666693678,11/21/2021,Arthralgia,Pain in hip,26.1,YES,NO,,01/30/2024,ZA
vsafe-1-6-daily-dose1-dep,ZAM-75870-80409,s278279286705178298526531689302666693678,11/21/2021,Arthralgia,Pain in knee,26.1,YES,NO,,01/30/2024,ZA
vsafe-1-6-daily-dose1-dep,ZAM-75870-80409,s278279286705178298526531689302666693678,11/21/2021,Arthralgia,Pain in ankle,26.1,YES,NO,,01/30/2024,ZA
vsafe-1-6-daily-dose1-dep,ZAM-75870-80409,s278279286705178298526531689302666693678,11/21/2021,Pain in extremity,Pain in hand,26.1,YES,NO,,01/30/2024,ZA
vsafe-1-6-daily-dose1-dep,ZAM-75870-80409,s278279286705178298526531689302666693678,11/21/2021,Arthralgia,Wrist pain,26.1,YES,NO,,01/30/2024,ZA
vsafe-1-6-daily-dose1-dep,ZAM-75870-80409,s278557572547936037393540357297921509624,11/24/2021,Urticaria,Hives,26.1,YES,NO,,02/01/2024,ZA
vsafe-1-6-daily-dose3,ZAR-91154-01271,s279718903794275926860714919842688932933,12/05/2021,Asthenia,Feeling of total lack of energy,26.1,YES,NO,,01/22/2024,ZA
vsafe-1-6-daily-dose3,ZAR-91154-01271,s279831223260818600306833213640927790121,12/06/2021,Brain fog,Brain fog,26.1,YES,NO,,01/22/2024,ZA
vsafe-7-day-dose3,ZAR-91154-01271,s279920745170127889807213892532624311790,12/07/2021,Brain fog,Brain fog,26.1,YES,NO,,01/23/2024,ZA
vsafe-1-6-daily-dose3,ZA9-24430-35081,s280541268911902015963421008196660805867,12/13/2021,Anxiety,Anxiety,26.1,YES,NO,,01/26/2024,ZA
vsafe-1-6-daily-dose3,ZA9-24430-35081,s280541268911902015963421008196660805867,12/13/2021,Restlessness,Restless,26.1,YES,NO,,01/26/2024,ZA
vsafe-1-6-daily-dose3,ZA9-24430-35081,s280644899588809547031217282561432238620,12/14/2021,Lymphadenopathy,Swollen lymph nodes,26.1,YES,NO,,01/26/2024,ZA
vsafe-1-6-daily-dose3,ZA3-11059-35434,s287322790641364004821185733873720015366,02/16/2022,Chest pain,Chest pain,26.1,YES,NO,,03/13/2024,ZA
vsafe-1-6-daily-dose3,ZA3-11059-35434,s287322790641364004821185733873720015366,02/16/2022,Heart rate increased,Heart rate increased,26.1,YES,NO,,03/13/2024,ZA
vsafe-1-6-daily-dose4,ZAE-48274-75372,s310624790688665838003450457364292629935,09/27/2022,Insomnia,Sleeplessness,27.0,YES,NO,,06/25/2024,ZA
vsafe-1-6-daily-dose4,ZAE-48274-75372,s310729840715284521005207096953903166976,09/28/2022,Insomnia,Sleeplessness,27.0,YES,NO,,06/25/2024,ZA
vsafe-1-6-daily-dose4,ZAE-48274-75372,s310833083517425146362468762208678078363,09/29/2022,Menstrual disorder,Menstrual cycle abnormal,27.0,YES,NO,,06/26/2024,ZA
vsafe-1-6-daily-dose4,ZAE-48274-75372,s310833083517425146362468762208678078363,09/29/2022,Pre-existing disease,Pre-existing disease,27.0,YES,NO,,06/26/2024,ZA
vsafe-1-6-daily-dose4,ZAM-26525-14113,s313223285911752315132777154674038560155,10/22/2022,Dysgeusia,Taste metallic,27.0,YES,NO,,07/10/2024,ZA
vsafe-1-6-daily-dose4,ZAM-26525-14113,s313223285911752315132777154674038560155,10/22/2022,Tinnitus,Ear ringing,27.0,YES,NO,,07/10/2024,ZA
vsafe-1-6-daily-dose4,ZAM-26525-14113,s313327991377933397909564164206020406029,10/23/2022,Tinnitus,Tinnitus,27.0,YES,NO,,07/10/2024,ZA
vsafe-1-6-daily-dose4,ZAM-26525-14113,s313431192638778620169702271424773417696,10/24/2022,Tinnitus,Tinnitus,27.0,YES,NO,,07/10/2024,ZA
vsafe-1-6-daily-dose4,ZAM-26525-14113,s313536318961509836137219348278599665146,10/25/2022,Tinnitus,Tinnitus,27.0,YES,NO,,07/11/2024,ZA
vsafe-7-day-dose4,ZAM-26525-14113,s313640273394415537364581907916269449667,10/26/2022,Tinnitus,Tinnitus,27.0,YES,NO,,07/11/2024,ZA
vsafe-1-6-daily-dose1,ZAC-26039-50077,s244093620889995674886453027339823117915,12/29/2020,Palpitations,Heart racing,25.1,YES,NO,,10/31/2022,ZA
vsafe-1-6-daily-dose1,ZA3-29074-96256,s244201556548305318135630317158606220376,12/30/2020,Swelling face,Swelling face,25.1,YES,NO,,11/01/2022,ZA
vsafe-1-6-daily-dose1,ZA3-29074-96256,s244201556548305318135630317158606220376,12/30/2020,Lip swelling,Swelling lips,25.1,YES,NO,,11/01/2022,ZA
vsafe-1-6-daily-dose1,ZA3-29074-96256,s244201556548305318135630317158606220376,12/30/2020,Nasal discomfort,Nasal burning,25.1,YES,NO,,11/01/2022,ZA
vsafe-1-6-daily-dose1,ZAC-26039-50077,s244228365191981219814810520715998668219,12/30/2020,Dizziness,Dizziness,25.1,YES,NO,,11/01/2022,ZA
vsafe-1-6-daily-dose1,ZAC-26039-50077,s244228365191981219814810520715998668219,12/30/2020,Palpitations,Heart racing,25.1,YES,NO,,11/01/2022,ZA
vsafe-1-6-daily-dose1,ZAS-22281-44807,s244189296621251211301527218531592717345,12/30/2020,Dyspnoea,Shortness of breath,25.1,YES,NO,,11/01/2022,ZA
vsafe-0-day-dose1,ZAK-25924-78395,s244419877544088933618472323746674424860,01/01/2021,No adverse event,No adverse event,25.1,YES,NO,,11/02/2022,ZA
vsafe-1-6-daily-dose1,ZAC-26039-50077,s244417100623620313184091198085636194830,01/01/2021,Dizziness,Dizziness,25.1,YES,NO,,11/02/2022,ZA
vsafe-1-6-daily-dose1,ZAS-22281-44807,s244399807183260624292021604988215791441,01/01/2021,Dyspnoea,Shortness of breath,25.1,YES,NO,,11/02/2022,ZA
vsafe-1-6-daily-dose1,ZAS-22281-44807,s244399807183260624292021604988215791441,01/01/2021,Cough,Cough,25.1,NO,NO,01/17/2023,11/02/2022,ZA
vsafe-1-6-daily-dose1,ZAS-22281-44807,s244399807183260624292021604988215791441,01/01/2021,Cough,Coughing,25.1,YES,YES,01/17/2023,11/02/2022,ZA
vsafe-7-day-dose1,ZAS-22281-44807,s244712911049375673787325757932710840097,01/04/2021,Emergency care,Emergency care,25.1,YES,NO,,11/04/2022,ZA
vsafe-7-day-dose1,ZAS-22281-44807,s244712911049375673787325757932710840097,01/04/2021,Dyspnoea,Shortness of breath,25.1,YES,NO,,11/04/2022,ZA
vsafe-7-day-dose1,ZAS-22281-44807,s244712911049375673787325757932710840097,01/04/2021,SARS-CoV-2 test negative,COVID-19 virus test negative,25.1,YES,NO,,11/04/2022,ZA
vsafe-0-day-dose1,ZAK-51263-32814,s244725411510199787125149578965346339250,01/04/2021,Dizziness,Wooziness,25.1,YES,NO,,11/04/2022,ZA
vsafe-0-day-dose1,ZA7-17055-47083,s245036187497731098951437364010431479680,01/07/2021,Hyperhidrosis,Sweating,25.1,YES,NO,,11/07/2022,ZA
vsafe-0-day-dose1,ZA7-17055-47083,s245036187497731098951437364010431479680,01/07/2021,Oropharyngeal discomfort,Throat discomfort,25.1,YES,NO,,11/07/2022,ZA
vsafe-0-day-dose1,ZA7-17055-47083,s245036187497731098951437364010431479680,01/07/2021,Chest discomfort,Chest heaviness,25.1,YES,NO,,11/07/2022,ZA
vsafe-1-6-daily-dose1,ZA7-17055-47083,s245164800241405844110199182501352227108,01/08/2021,Chest discomfort,Chest discomfort,25.1,YES,NO,,11/08/2022,ZA
vsafe-1-6-daily-dose1,ZA7-17055-47083,s245164800241405844110199182501352227108,01/08/2021,Oropharyngeal discomfort,Throat discomfort,25.1,NO,NO,01/19/2023,11/08/2022,ZA
vsafe-1-6-daily-dose1,ZA7-17055-47083,s245164800241405844110199182501352227108,01/08/2021,Discomfort,Sensation of heaviness,25.1,YES,YES,01/19/2023,11/08/2022,ZA
vsafe-1-6-daily-dose2,ZAX-30562-48841,s246494118019906932211997214612252174838,01/21/2021,Arthralgia,Joint pain,25.1,YES,NO,,11/21/2022,ZA
vsafe-0-day-dose1,ZAW-14762-11614,s246605896606644765403233152596108260356,01/22/2021,Tinnitus,Tinnitus,25.1,YES,NO,,11/21/2022,ZA
vsafe-1-6-daily-dose2,ZAX-30562-48841,s246591053453132331817041204804462489930,01/22/2021,Pain in extremity,Pain foot,25.1,YES,NO,,11/22/2022,ZA
vsafe-1-6-daily-dose2,ZAX-30562-48841,s246591053453132331817041204804462489930,01/22/2021,Pain in extremity,Pain in toe,25.1,YES,NO,,11/22/2022,ZA
vsafe-1-6-daily-dose2,ZAX-30562-48841,s246591053453132331817041204804462489930,01/22/2021,Peripheral swelling,Swelling of feet,26.0,YES,YES,06/01/2023,11/22/2022,ZA
vsafe-1-6-daily-dose2,ZAX-30562-48841,s246691463317326909030741387826480994629,01/23/2021,Pain in extremity,Pain in toe,25.1,YES,NO,,11/23/2022,ZA
vsafe-1-6-daily-dose2,ZAX-30562-48841,s246691463317326909030741387826480994629,01/23/2021,Erythema,Redness,25.1,YES,NO,,11/23/2022,ZA
vsafe-1-6-daily-dose2,ZAX-30562-48841,s246691463317326909030741387826480994629,01/23/2021,Peripheral swelling,Swelling of feet,25.1,YES,NO,,11/23/2022,ZA
vsafe-1-6-daily-dose2,ZAX-30562-48841,s246810668213478417491621915094139146580,01/24/2021,Swelling,Local swelling,25.1,YES,NO,,11/23/2022,ZA
vsafe-1-6-daily-dose2,ZAX-30562-48841,s246810668213478417491621915094139146580,01/24/2021,Erythema,Redness,25.1,YES,NO,,11/23/2022,ZA
vsafe-7-day-dose2,ZAX-30562-48841,s246917608227704327001163555131366240480,01/25/2021,Swelling,Local swelling,25.1,YES,NO,,11/25/2022,ZA
vsafe-7-day-dose2,ZAX-30562-48841,s246917608227704327001163555131366240480,01/25/2021,Erythema,Redness,25.1,YES,NO,,11/25/2022,ZA
vsafe-7-day-dose1,ZAX-81076-44671,s247108879579483039164279232740155084217,01/27/2021,Dizziness,Dizzy,25.1,YES,NO,,11/28/2022,ZA
vsafe-1-6-daily-dose1,ZA6-22878-08388,s247229911471878142740575946068659458866,01/28/2021,Dysuria,Burning micturition,25.1,YES,NO,,11/29/2022,ZA
vsafe-1-6-daily-dose1,ZA6-22878-08388,s247229911471878142740575946068659458866,01/28/2021,Chest discomfort,Chest tightness,25.1,YES,NO,,11/29/2022,ZA
vsafe-1-6-daily-dose1,ZA9-90342-78588,s247548018171796453074584557618610182955,01/31/2021,Frequent bowel movements,Frequent bowel movements,25.1,YES,NO,,12/01/2022,ZA
vsafe-1-6-daily-dose1,ZA9-90342-78588,s247548018171796453074584557618610182955,01/31/2021,Diarrhoea,Diarrhea,25.1,YES,NO,,12/01/2022,ZA
vsafe-1-6-daily-dose2,ZA7-18293-97306,s247665950449072915528000192278638008168,02/01/2021,Pre-existing disease,Pre-existing disease,25.1,YES,NO,,12/02/2022,ZA
vsafe-1-6-daily-dose2,ZA7-18293-97306,s247665950449072915528000192278638008168,02/01/2021,Renal transplant,Kidney transplant,25.1,YES,NO,,12/02/2022,ZA
vsafe-1-6-daily-dose2,ZAW-18726-00566,s248077738364488925468621158345102504850,02/05/2021,Unevaluable event,Reaction unevaluable,25.1,YES,NO,,12/08/2022,ZA
vsafe-1-6-daily-dose2,ZAK-51263-32814,s248160486635146625467850856121114469357,02/06/2021,Pain,Generalized aching,25.1,YES,NO,,12/09/2022,ZA
vsafe-1-6-daily-dose2,ZAK-51263-32814,s248160486635146625467850856121114469357,02/06/2021,Headache,Headache,25.1,YES,NO,,12/09/2022,ZA
vsafe-1-6-daily-dose2,ZAK-51263-32814,s248160486635146625467850856121114469357,02/06/2021,Chills,Chills,25.1,YES,NO,,12/09/2022,ZA
vsafe-1-6-daily-dose2,ZAY-64188-12724,s249110106094915742792273936865582301442,02/15/2021,Irritable bowel syndrome,Irritable bowel syndrome,25.1,YES,NO,,12/22/2022,ZA
vsafe-1-6-daily-dose2,ZAY-64188-12724,s249230276807618551808731938665056103855,02/16/2021,Irritable bowel syndrome,Irritable bowel syndrome aggravated,25.1,YES,NO,,12/23/2022,ZA
vsafe-1-6-daily-dose2,ZAY-64188-12724,s249230276807618551808731938665056103855,02/16/2021,Pre-existing disease,Pre-existing disease,25.1,YES,NO,,12/23/2022,ZA
vsafe-1-6-daily-dose2,ZAY-64188-12724,s249529742573504653485743576157067571960,02/19/2021,Pre-existing disease,Pre-existing disease,25.1,YES,NO,,12/28/2022,ZA
vsafe-1-6-daily-dose2,ZAY-64188-12724,s249529742573504653485743576157067571960,02/19/2021,Irritable bowel syndrome,Irritable bowel syndrome aggravated,25.1,YES,NO,,12/28/2022,ZA
vsafe-0-day-dose2,ZA6-22878-08388,s249968422300831982347867828263345368253,02/23/2021,Chest discomfort,Chest tightness,25.1,YES,NO,,12/29/2022,ZA
vsafe-1-6-daily-dose2,ZA6-22878-08388,s250061775014920060012578139409968927898,02/24/2021,Back pain,Back pain,25.1,YES,NO,,12/30/2022,ZA
vsafe-0-day-dose2,ZA9-90342-78588,s250182871239578467878216302270800868800,02/25/2021,Headache,Head pain,25.1,YES,NO,,12/30/2022,ZA
vsafe-0-day-dose2,ZA9-90342-78588,s250182871239578467878216302270800868800,02/25/2021,Bell's palsy,Bell's palsy,25.1,YES,NO,,12/30/2022,ZA
vsafe-0-day-dose2,ZA9-90342-78588,s250182871239578467878216302270800868800,02/25/2021,Pre-existing disease,Pre-existing disease,25.1,YES,NO,,12/30/2022,ZA
vsafe-1-6-daily-dose2,ZAS-12383-65310,s250784777827169987352562109082621314819,03/03/2021,Arthralgia,Shoulder pain,25.1,YES,NO,,01/06/2023,ZA
vsafe-1-6-daily-dose2,ZAS-12383-65310,s250896219675699267266608480187927103423,03/04/2021,Limb immobilisation,Limb immobilization,25.1,YES,NO,,01/09/2023,ZA
vsafe-1-6-daily-dose1,ZAL-44642-01985,s251303131804552622245120996020624984987,03/08/2021,Back pain,Back ache,25.1,YES,NO,,01/11/2023,ZA
vsafe-1-6-daily-dose1,ZA9-23198-96213,s251629043802192659568390199523475609532,03/11/2021,Palpitations,Palpitations,25.1,YES,NO,,01/15/2023,ZA
vsafe-1-6-daily-dose1,ZA9-23198-96213,s251715165902638889848002035580375051430,03/12/2021,Palpitations,Palpitations,25.1,YES,NO,,01/23/2023,ZA
vsafe-1-6-daily-dose1,ZAL-27129-89726,s252132988995928584175949888661110817514,03/16/2021,Heart rate increased,Heart rate increased,25.1,YES,NO,,01/26/2023,ZA
vsafe-1-6-daily-dose1,ZAL-27129-89726,s252239020847044123544319082037051557850,03/17/2021,Heart rate increased,Heart rate increased,25.1,YES,NO,,01/27/2023,ZA
vsafe-1-6-daily-dose1,ZAL-27129-89726,s252343171902476488810583307756696678965,03/18/2021,Heart rate increased,Heart rate increased,25.1,YES,NO,,01/30/2023,ZA
vsafe-7-day-dose1,ZAL-27129-89726,s252448704074136596573887604879654573589,03/19/2021,Heart rate increased,Heart rate increased,25.1,YES,NO,,01/31/2023,ZA
vsafe-0-day-dose2,ZA9-13797-88126,s252971649790299485570625120830359227979,03/24/2021,Dry throat,Dry throat,25.1,YES,NO,,02/03/2023,ZA
vsafe-1-6-daily-dose1,ZA6-17820-79593,s252972969917214358263325625341442714337,03/24/2021,Bone pain,Bone pain,25.1,YES,NO,,02/03/2023,ZA
vsafe-1-6-daily-dose2,ZA9-13797-88126,s253071828532030025284667065696898438649,03/25/2021,Neuropathy peripheral,Neuropathy,25.1,YES,NO,,02/06/2023,ZA
vsafe-1-6-daily-dose2,ZA9-13797-88126,s253071828532030025284667065696898438649,03/25/2021,Pain,Pain,25.1,YES,NO,,02/06/2023,ZA
vsafe-1-6-daily-dose2,ZA9-13797-88126,s253071828532030025284667065696898438649,03/25/2021,Condition aggravated,Condition aggravated,25.1,YES,NO,,02/06/2023,ZA
vsafe-1-6-daily-dose1,ZAF-18573-54076,s253904888928185629558692120634413730287,04/02/2021,Hypoaesthesia,Numbness in face,25.1,YES,NO,,02/14/2023,ZA
vsafe-1-6-daily-dose1,ZAF-18573-54076,s254021144514906446049704377005237752559,04/03/2021,Hypoaesthesia,Numbness in face,25.1,YES,NO,,02/14/2023,ZA
vsafe-1-6-daily-dose1,ZAF-18573-54076,s254021144514906446049704377005237752559,04/03/2021,Paraesthesia,Facial paraesthesia,25.1,YES,NO,,02/14/2023,ZA
vsafe-1-6-daily-dose1,ZAF-18573-54076,s254109758373432577649052485293397641005,04/04/2021,Hypoaesthesia oral,Numbness lips,25.1,YES,NO,,02/15/2023,ZA
vsafe-1-6-daily-dose1,ZAF-18573-54076,s254109758373432577649052485293397641005,04/04/2021,Paraesthesia,Pricking skin sensation,25.1,YES,NO,,02/15/2023,ZA
vsafe-1-6-daily-dose1,ZA4-10790-78691,s254214596545077772732477408900897442468,04/05/2021,Sneezing,Sneezing excessive,25.1,YES,NO,,02/16/2023,ZA
vsafe-1-6-daily-dose1,ZAF-18573-54076,s254219468044447890933509331478507084705,04/05/2021,Paraesthesia,Pricking skin sensation,25.1,YES,NO,,02/16/2023,ZA
vsafe-1-6-daily-dose1,ZA4-10790-78691,s254319786779121167081034063824751826885,04/06/2021,Sneezing,Sneezing,25.1,YES,NO,,02/16/2023,ZA
vsafe-1-6-daily-dose1,ZA4-10790-78691,s254319786779121167081034063824751826885,04/06/2021,Rhinorrhoea,Runny nose,25.1,YES,NO,,02/16/2023,ZA
vsafe-1-6-daily-dose1,ZAF-18573-54076,s254347092639164134919577327856075293590,04/06/2021,Hypoaesthesia,Numbness in face,25.1,YES,NO,,02/16/2023,ZA
vsafe-1-6-daily-dose1,ZA4-10790-78691,s254424674606357298420202282862252842845,04/07/2021,Pre-existing disease,Pre-existing disease,25.1,YES,NO,,02/17/2023,ZA
vsafe-7-day-dose1,ZA4-10790-78691,s254528819634000142901885880027761519710,04/08/2021,Fatigue,Tiredness,25.1,YES,NO,,02/21/2023,ZA
vsafe-7-day-dose1,ZA4-10790-78691,s254528819634000142901885880027761519710,04/08/2021,Somnolence,Sleepy,25.1,YES,NO,,02/21/2023,ZA
vsafe-7-day-dose1,ZAF-18573-54076,s254560621781369850363089018601838638110,04/08/2021,Nasal congestion,Nasal congestion,25.1,YES,NO,,02/21/2023,ZA
vsafe-7-day-dose1,ZAF-18573-54076,s254560621781369850363089018601838638110,04/08/2021,Paraesthesia,Localized tingling,25.1,YES,NO,,02/21/2023,ZA
vsafe-7-day-dose1,ZAF-18573-54076,s254560621781369850363089018601838638110,04/08/2021,Hypoaesthesia,Numbness of head,25.1,YES,NO,,02/21/2023,ZA
vsafe-7-day-dose1,ZAE-10852-49049,s254918670315517684618747895471302951865,04/12/2021,Seizure,Seizure,25.1,YES,NO,,02/24/2023,ZA
vsafe-1-6-daily-dose1,ZA4-32290-90408,s255801664852977881070797351012763622829,04/20/2021,Contusion,Bruising,25.1,YES,NO,,03/03/2023,ZA
vsafe-0-day-dose2,ZAM-27775-35607,s256034443759317108040016980784429329635,04/22/2021,Inhalation therapy,Inhalation therapy,25.1,YES,NO,,03/06/2023,ZA
vsafe-1-6-daily-dose2,ZAM-27775-35607,s256109324532234735761506721302177252468,04/23/2021,Migraine,Migraine,25.1,YES,NO,,03/07/2023,ZA
vsafe-1-6-daily-dose2,ZAM-27775-35607,s256109324532234735761506721302177252468,04/23/2021,Nausea,Nauseous,25.1,YES,NO,,03/07/2023,ZA
vsafe-1-6-daily-dose1,ZAE-28638-29398,s256205497793314505868546144596348521849,04/24/2021,Pre-existing disease,Pre-existing disease,25.1,YES,NO,,03/08/2023,ZA
vsafe-1-6-daily-dose1,ZAE-28638-29398,s256205497793314505868546144596348521849,04/24/2021,Psoriasis,Psoriasis aggravated,25.1,YES,NO,,03/08/2023,ZA
vsafe-1-6-daily-dose2,ZA4-10790-78691,s256720157218832738594339990743961746649,04/29/2021,Headache,Headache,25.1,YES,NO,,03/10/2023,ZA
vsafe-1-6-daily-dose2,ZA4-10790-78691,s256720157218832738594339990743961746649,04/29/2021,Eye pain,Pain behind eyes,26.0,YES,NO,,03/10/2023,ZA
vsafe-1-6-daily-dose2,ZA4-10790-78691,s256720157218832738594339990743961746649,04/29/2021,Myalgia,Muscle ache,26.0,YES,NO,,03/10/2023,ZA
vsafe-1-6-daily-dose2,ZA4-32290-90408,s258714134807632277117424904637745131047,05/18/2021,Oropharyngeal pain,Sore throat,26.0,YES,NO,,03/24/2023,ZA
vsafe-1-6-daily-dose2,ZAE-28638-29398,s259328338350005385457586734058707793387,05/24/2021,Psoriasis,Psoriasis aggravated,26.0,YES,NO,,03/29/2023,ZA
vsafe-7-day-dose2,ZAK-15275-49911,s265497331783418650704868493682864210530,07/22/2021,Chest pain,Chest pain,26.1,YES,NO,,11/02/2023,ZA
vsafe-1-6-daily-dose3,ZA9-90342-78588,s275536996711899855242866097590660415376,10/26/2021,Headache,Headache,26.1,YES,NO,,12/29/2023,ZA
vsafe-1-6-daily-dose3,ZA9-90342-78588,s275536996711899855242866097590660415376,10/26/2021,Pre-existing disease,Pre-existing disease,26.1,YES,NO,,12/29/2023,ZA
vsafe-1-6-daily-dose3,ZAM-27775-35607,s275633688508762396672907695985840007833,10/27/2021,Nausea,Nauseous,26.1,YES,NO,,01/03/2024,ZA
vsafe-1-6-daily-dose3,ZAM-27775-35607,s275633688508762396672907695985840007833,10/27/2021,Migraine,Migraine,26.1,YES,NO,,01/03/2024,ZA
vsafe-1-6-daily-dose3,ZAY-45173-93503,s280644158102141332936424984495576999769,12/14/2021,Nausea,Nausea,26.1,YES,NO,,01/26/2024,ZA
vsafe-1-6-daily-dose3,ZA6-17820-79593,s292986054984749899025361744885615073451,04/11/2022,Lymphadenopathy,Axillary lymph nodes enlarged,27.0,YES,NO,,04/17/2024,ZA
vsafe-1-6-daily-dose3,ZA6-17820-79593,s292986054984749899025361744885615073451,04/11/2022,Lymph node pain,Lymph node pain,27.0,YES,NO,,04/17/2024,ZA
vsafe-1-6-daily-dose3,ZA6-17820-79593,s293101834415672869204506560677896972639,04/12/2022,Lymphadenopathy,Axillary lymph nodes enlarged,27.0,YES,NO,,04/17/2024,ZA
vsafe-1-6-daily-dose3,ZA6-17820-79593,s293204658272309671645519459657471150560,04/13/2022,Lymphadenopathy,Axillary lymph nodes enlarged,27.0,YES,NO,,04/18/2024,ZA
vsafe-1-6-daily-dose3,ZA6-17820-79593,s293310849674995715741677620331232807427,04/14/2022,Lymphadenopathy,Axillary lymph nodes enlarged,27.0,YES,NO,,04/18/2024,ZA
vsafe-7-day-dose3,ZA6-17820-79593,s293393823462865701394208416931563345592,04/15/2022,Lymphadenopathy,Axillary lymph nodes enlarged,27.0,YES,NO,,04/22/2024,ZA
vsafe-1-6-daily-dose4,ZAM-27775-35607,s294447810497920002928198304584161743980,04/25/2022,Rhinorrhoea,Runny nose,27.0,YES,NO,,04/29/2024,ZA
vsafe-1-6-daily-dose4,ZAM-27775-35607,s294447810497920002928198304584161743980,04/25/2022,Cough,Coughing,27.0,YES,NO,,04/29/2024,ZA
vsafe-1-6-daily-dose4,ZAM-27775-35607,s294447810497920002928198304584161743980,04/25/2022,Dyspnoea,Breathlessness,27.0,YES,NO,,04/29/2024,ZA
vsafe-7-day-dose4,ZA6-11638-57439,s296507211456306321843730088241496988639,05/15/2022,No adverse event,No adverse reaction,27.0,YES,NO,,05/15/2024,ZA
vsafe-1-6-daily-dose1,ZA5-49383-37425,s297178429011023991825487819259052210116,05/21/2022,Abdominal distension,Bloated feeling,27.0,YES,NO,,05/17/2024,ZA
vsafe-1-6-daily-dose1,ZA5-49383-37425,s297559930321501406532404270684076406023,05/25/2022,Urticaria,Hives,27.0,YES,NO,,05/21/2024,ZA
vsafe-1-6-daily-dose1,ZA5-49383-37425,s297559930321501406532404270684076406023,05/25/2022,Skin warm,Skin warm,27.0,YES,NO,,05/21/2024,ZA
vsafe-1-6-daily-dose1,ZA5-49383-37425,s297559930321501406532404270684076406023,05/25/2022,Skin burning sensation,Skin burning sensation,27.0,YES,NO,,05/21/2024,ZA
vsafe-1-6-daily-dose4,ZAW-18726-00566,s314710573578882199044284243999747377281,11/05/2022,Adverse reaction,Adverse reaction,27.0,YES,NO,,07/17/2024,ZA
vsafe-1-6-daily-dose1,ZAA-12690-28220,s245029790048534549149608764044487619295,01/07/2021,Oropharyngeal pain,Sore throat,25.1,YES,NO,,11/08/2022,ZA
vsafe-1-6-daily-dose1,ZAA-12690-28220,s245029790048534549149608764044487619295,01/07/2021,Abscess,Abscess,25.1,YES,NO,,11/08/2022,ZA
vsafe-1-6-daily-dose1,ZAA-12690-28220,s245550956049553499327151267820660784159,01/12/2021,Unevaluable event,Reaction unevaluable,25.1,YES,NO,,11/11/2022,ZA
vsafe-1-6-daily-dose1,ZAB-23534-95501,s245552878714344661927514310952599874755,01/12/2021,Oropharyngeal pain,Sore throat,25.1,YES,NO,,11/11/2022,ZA
vsafe-1-6-daily-dose1,ZAY-64919-98430,s246201448959648992170213222936493047219,01/18/2021,Pain,Generalized aching,25.1,YES,NO,,11/18/2022,ZA
vsafe-1-6-daily-dose1,ZAD-17507-97464,s247327592618016264248075575052567461516,01/29/2021,Irritability,Irritability,25.1,YES,NO,,11/30/2022,ZA
vsafe-1-6-daily-dose2,ZAY-64919-98430,s248191408358118485338271787100618291579,02/06/2021,Respiratory tract congestion,Respiratory tract congestion,25.1,YES,NO,,12/09/2022,ZA
vsafe-0-day-dose1,ZAJ-33211-48902,s248178123125851553575634085473342343236,02/06/2021,Dizziness,Light-headed,25.1,YES,NO,,12/09/2022,ZA
vsafe-1-6-daily-dose2,ZAY-64919-98430,s248487968651334819720133660481610720992,02/09/2021,Oedema peripheral,Edema arms,25.1,YES,NO,,12/15/2022,ZA
vsafe-1-6-daily-dose2,ZAY-64919-98430,s248587167984024708044880974083651198729,02/10/2021,Lymphadenopathy,Axillary lymph nodes enlarged,25.1,YES,NO,,12/16/2022,ZA
vsafe-0-day-dose1,ZA7-23956-09339,s248684501816335921227761377804175426784,02/11/2021,Ear pain,Ear ache,25.1,YES,NO,,12/19/2022,ZA
vsafe-1-6-daily-dose2,ZAY-64919-98430,s248697607652059781093488240377192947875,02/11/2021,Lymphadenopathy,Axillary lymph nodes enlarged,25.1,YES,NO,,12/19/2022,ZA
vsafe-1-6-daily-dose1,ZA7-23956-09339,s248797903220629229187849958389363396793,02/12/2021,Ear pain,Ear ache,25.1,YES,NO,,12/20/2022,ZA
vsafe-1-6-daily-dose1,ZA7-23956-09339,s248893148187721500615396782286454793924,02/13/2021,Ear discomfort,Ear discomfort,25.1,YES,NO,,12/21/2022,ZA
vsafe-7-day-dose2,ZAY-64919-98430,s249023381671184880327499308918381379309,02/14/2021,Lymphadenopathy,Swollen lymph nodes,25.1,YES,NO,,12/22/2022,ZA
vsafe-1-6-daily-dose1,ZA7-23956-09339,s249010466090575958831678334738794960650,02/14/2021,Ear discomfort,Ear discomfort,25.1,YES,NO,,12/21/2022,ZA
vsafe-1-6-daily-dose1,ZAQ-73096-38838,s249420670110753810171894956006499311572,02/18/2021,Rhinorrhoea,Runny nose,25.1,YES,NO,,12/27/2022,ZA
vsafe-1-6-daily-dose1,ZAJ-74500-10686,s249520206885530178056259674108137715444,02/19/2021,Swelling,Swelling,25.1,YES,NO,,12/28/2022,ZA
vsafe-1-6-daily-dose1,ZAJ-74500-10686,s249624202451544739417591105290855179115,02/20/2021,Joint swelling,Shoulder joint swelling,25.1,YES,NO,,12/28/2022,ZA
vsafe-1-6-daily-dose1,ZAJ-74500-10686,s249624202451544739417591105290855179115,02/20/2021,Pain,Pain,25.1,YES,NO,,12/28/2022,ZA
vsafe-7-day-dose2,ZAD-91275-50585,s249935141072896140824514067416492984709,02/23/2021,Fatigue,Exhaustion,25.1,YES,NO,,12/30/2022,ZA
vsafe-1-6-daily-dose1,ZAC-28655-13364,s250570394549960837924352045460501490365,03/01/2021,Sinusitis,Sinus infection,25.1,YES,NO,,01/05/2023,ZA
vsafe-7-day-dose2,ZAD-17507-97464,s250675465085007763848930604592711485285,03/02/2021,Pre-existing disease,Pre-existing disease,25.1,YES,NO,,01/06/2023,ZA
vsafe-7-day-dose2,ZAD-17507-97464,s250675465085007763848930604592711485285,03/02/2021,Asthma,Asthma aggravated,25.1,YES,NO,,01/06/2023,ZA
vsafe-1-6-daily-dose2,ZA7-15358-67459,s251298557201304842503687885472328737439,03/08/2021,Axillary pain,Armpit pain,25.1,YES,NO,,01/11/2023,ZA
vsafe-1-6-daily-dose2,ZAF-18032-48026,s251304698782915868934002053882615347992,03/08/2021,Unevaluable event,Reaction unevaluable,25.1,YES,NO,,01/11/2023,ZA
vsafe-1-6-daily-dose2,ZA7-15358-67459,s251618085402168685434349510318011060031,03/11/2021,Diarrhoea,Loose stools,25.1,YES,NO,,01/23/2023,ZA
vsafe-7-day-dose2,ZA7-23956-09339,s253061173499072919592524226450843955241,03/25/2021,No adverse event,No adverse reaction,25.1,YES,NO,,02/06/2023,ZA
vsafe-0-day-dose2,ZA6-26771-22115,s253594841867102128854274624178168140139,03/30/2021,Dysgeusia,Taste metallic,25.1,YES,NO,,02/09/2023,ZA
vsafe-1-6-daily-dose2,ZAQ-19414-12375,s254842012789803064696952063009099505401,04/11/2021,Axillary pain,Armpit pain,25.1,YES,NO,,02/23/2023,ZA
vsafe-1-6-daily-dose2,ZAQ-19414-12375,s254952246673808189564510110526825228821,04/12/2021,Tenderness,Tenderness,25.1,YES,NO,,02/24/2023,ZA
vsafe-1-6-daily-dose2,ZAQ-19414-12375,s255054883940297114410553698449407790504,04/13/2021,Axillary pain,Armpit pain,25.1,YES,NO,,02/26/2023,ZA
vsafe-1-6-daily-dose2,ZAQ-19414-12375,s255158715278246146415478347005927495739,04/14/2021,Axillary pain,Axillary pain,25.1,YES,NO,,03/01/2023,ZA
vsafe-7-day-dose2,ZAQ-19414-12375,s255261041333854200377472988193135136153,04/15/2021,Injection site pain,Injection site tenderness,25.1,NO,NO,09/17/2024,02/28/2023,ZA
vsafe-7-day-dose2,ZAQ-19414-12375,s255261041333854200377472988193135136153,04/15/2021,Tenderness,Tenderness,27.0,YES,YES,09/17/2024,02/28/2023,ZA
vsafe-1-6-daily-dose2,ZAJ-82290-11367,s255482517575407395515970292453347091158,04/17/2021,Pre-existing disease,Pre-existing disease,25.1,YES,NO,,03/02/2023,ZA
vsafe-1-6-daily-dose2,ZAJ-82290-11367,s255482517575407395515970292453347091158,04/17/2021,Condition aggravated,Condition aggravated,25.1,YES,NO,,03/02/2023,ZA
vsafe-1-6-daily-dose2,ZAJ-82290-11367,s255482517575407395515970292453347091158,04/17/2021,Arthralgia,Joint pain,25.1,YES,NO,,03/02/2023,ZA
vsafe-1-6-daily-dose2,ZAJ-82290-11367,s255482517575407395515970292453347091158,04/17/2021,Joint warmth,Joint warmth,25.1,YES,NO,,03/02/2023,ZA
vsafe-0-day-dose2,ZAY-32356-49041,s256517083213466814046124651827341959442,04/27/2021,No adverse event,No adverse reaction,26.0,YES,NO,,03/24/2023,ZA
vsafe-1-6-daily-dose2,ZAY-32356-49041,s257042660693845504195863329639909489484,05/02/2021,Joint swelling,Swollen joint,26.0,YES,NO,,03/14/2023,ZA
vsafe-1-6-daily-dose2,ZAY-32356-49041,s257042660693845504195863329639909489484,05/02/2021,Arthralgia,Pain in elbow,26.0,YES,NO,,03/14/2023,ZA
vsafe-1-6-daily-dose3,ZAY-64919-98430,s273647821113929671790248188542131510219,10/08/2021,Lymphadenopathy,Axillary lymph nodes enlarged,26.1,YES,NO,,11/02/2023,ZA
vsafe-1-6-daily-dose3,ZAY-64919-98430,s273647821113929671790248188542131510219,10/08/2021,Lymph node pain,Lymph node pain,26.1,YES,NO,,11/02/2023,ZA
vsafe-1-6-daily-dose3,ZAY-64919-98430,s273746835848398565703682704909200430856,10/09/2021,Lymphadenopathy,Axillary lymph nodes enlarged,26.1,YES,NO,,11/09/2023,ZA
vsafe-1-6-daily-dose3,ZAY-64919-98430,s274060442104449968330972927913347426585,10/12/2021,Lymphadenopathy,Axillary lymph nodes enlarged,26.1,YES,NO,,11/13/2023,ZA
vsafe-7-day-dose3,ZAY-64919-98430,s274163365387161974805242118221679230286,10/13/2021,Lymphadenopathy,Axillary lymph nodes enlarged,26.1,YES,NO,,11/15/2023,ZA
vsafe-7-day-dose3,ZA8-11358-18246,s276895005478455916285710088946552830642,11/08/2021,Arthralgia,Joint pain,26.1,YES,NO,,12/21/2023,ZA
vsafe-7-day-dose3,ZA8-11358-18246,s276895005478455916285710088946552830642,11/08/2021,Nausea,Nausea,26.1,YES,NO,,12/21/2023,ZA
vsafe-7-day-dose3,ZA8-11358-18246,s276895005478455916285710088946552830642,11/08/2021,Headache,Headache,26.1,YES,NO,,12/21/2023,ZA
vsafe-7-day-dose3,ZA8-11358-18246,s276895005478455916285710088946552830642,11/08/2021,Pyrexia,Fever,26.1,YES,NO,,12/21/2023,ZA
vsafe-7-day-dose3,ZA8-11358-18246,s276895005478455916285710088946552830642,11/08/2021,Alanine aminotransferase increased,ALT increased,26.1,YES,NO,,12/21/2023,ZA
vsafe-7-day-dose3,ZA8-11358-18246,s276895005478455916285710088946552830642,11/08/2021,Aspartate aminotransferase increased,AST increased,26.1,YES,NO,,12/21/2023,ZA
vsafe-7-day-dose3,ZA8-11358-18246,s276895005478455916285710088946552830642,11/08/2021,Lymphopenia,Lymphopenia,26.1,YES,NO,,12/21/2023,ZA
vsafe-7-day-dose3,ZA8-11358-18246,s276895005478455916285710088946552830642,11/08/2021,Chills,Chills,26.1,YES,NO,,12/21/2023,ZA
vsafe-0-day-dose3,ZA6-26771-22115,s283880548312061634574508571175867299696,01/14/2022,Dysgeusia,Taste metallic,27.0,YES,NO,,08/27/2024,ZA
vsafe-0-day-dose1,ZAA-13701-06043,s244527366642223682168162663384467828212,01/02/2021,Lymphadenopathy,Axillary lymph nodes enlarged,25.1,YES,NO,,11/03/2022,ZA
vsafe-1-6-daily-dose1,ZAA-13701-06043,s244606582449335856072204207443157861308,01/03/2021,Immediate post-injection reaction,Immediate post-injection reaction,25.1,YES,NO,,11/04/2022,ZA
vsafe-1-6-daily-dose1,ZAA-13701-06043,s244606582449335856072204207443157861308,01/03/2021,Flushing,Facial flushing,25.1,YES,NO,,11/04/2022,ZA
vsafe-1-6-daily-dose1,ZAA-13701-06043,s244606582449335856072204207443157861308,01/03/2021,Lymphadenopathy,Axillary lymph nodes enlarged,25.1,YES,NO,,11/04/2022,ZA
vsafe-1-6-daily-dose1,ZAA-13701-06043,s244606582449335856072204207443157861308,01/03/2021,Axillary pain,Axillary pain,25.1,YES,NO,,11/04/2022,ZA
vsafe-1-6-daily-dose1,ZAA-13701-06043,s244708795550171437451514222661878830403,01/04/2021,Pre-existing disease,Pre-existing disease,25.1,YES,NO,,11/04/2022,ZA
vsafe-1-6-daily-dose1,ZAA-13701-06043,s244923389433327707072247609145774717186,01/06/2021,Condition aggravated,Condition aggravated,25.1,YES,NO,,11/07/2022,ZA
vsafe-1-6-daily-dose1,ZAA-13701-06043,s244923389433327707072247609145774717186,01/06/2021,Pre-existing disease,Pre-existing disease,26.0,YES,NO,,11/07/2022,ZA
vsafe-1-6-daily-dose1,ZAA-13701-06043,s244923389433327707072247609145774717186,01/06/2021,Arthralgia,Joint pain,26.0,YES,NO,,11/07/2022,ZA
vsafe-1-6-daily-dose1,ZAA-13701-06043,s244923389433327707072247609145774717186,01/06/2021,Myalgia,Muscle pain,26.0,YES,NO,,11/07/2022,ZA
vsafe-7-day-dose1,ZA9-29510-98843,s245025469727060867445189351824742328656,01/07/2021,Injection site pruritus,Injection site itching,25.1,YES,NO,,11/08/2022,ZA
vsafe-1-6-daily-dose2,ZAK-29581-03810,s245164096896419820670568359929875958585,01/08/2021,Headache,Headache,25.1,YES,NO,,11/09/2022,ZA
vsafe-1-6-daily-dose2,ZAK-29581-03810,s245164096896419820670568359929875958585,01/08/2021,Syncope,Syncope,25.1,YES,NO,,11/09/2022,ZA
vsafe-1-6-daily-dose2,ZAK-29581-03810,s245164096896419820670568359929875958585,01/08/2021,Asthenia,Weakness,25.1,YES,NO,,11/09/2022,ZA
vsafe-1-6-daily-dose1,ZAA-13701-06043,s245124518174894536403560703109741843011,01/08/2021,Lymphadenopathy,Axillary lymph nodes enlarged,25.1,YES,NO,,11/08/2022,ZA
vsafe-1-6-daily-dose1,ZAA-13701-06043,s245124518174894536403560703109741843011,01/08/2021,Biopsy lymph gland,Axillary lymph node biopsy,25.1,YES,YES,01/19/2023,11/08/2022,ZA
vsafe-1-6-daily-dose1,ZAE-47123-72442,s245143099007754395370213822018848726226,01/08/2021,Cough,Dry cough,25.1,YES,NO,,11/08/2022,ZA
vsafe-7-day-dose1,ZAA-13701-06043,s245238057957929705228052029216834359281,01/09/2021,Lymphadenopathy,Axillary lymph nodes enlarged,25.1,NO,NO,01/20/2023,11/09/2022,ZA
vsafe-7-day-dose1,ZAA-13701-06043,s245238057957929705228052029216834359281,01/09/2021,Lymphadenopathy,Reactive lymphadenopathy,25.1,YES,YES,01/20/2023,11/09/2022,ZA
vsafe-7-day-dose1,ZAA-13701-06043,s245238057957929705228052029216834359281,01/09/2021,Lymphadenopathy,Lymphadenopathy axillary,25.1,YES,YES,01/20/2023,11/09/2022,ZA
vsafe-1-6-daily-dose1,ZAE-47123-72442,s245243037939885507689476337079350372939,01/09/2021,Cough,Dry cough,25.1,YES,NO,,11/09/2022,ZA
vsafe-1-6-daily-dose1,ZAE-47123-72442,s245243037939885507689476337079350372939,01/09/2021,Feeling abnormal,Foggy feeling in head,25.1,YES,NO,,11/09/2022,ZA
vsafe-1-6-daily-dose1,ZAE-47123-72442,s245452931775638652327219246028141791567,01/11/2021,Cough,Dry cough,25.1,YES,NO,,11/10/2022,ZA
vsafe-1-6-daily-dose1,ZAD-87378-28106,s245564270164266036223150199165873205072,01/12/2021,Myalgia,Muscle pain,25.1,NO,NO,01/20/2023,11/11/2022,ZA
vsafe-1-6-daily-dose1,ZAD-87378-28106,s245564270164266036223150199165873205072,01/12/2021,Injection site pain,Injection site muscle pain,25.1,YES,YES,01/20/2023,11/11/2022,ZA
vsafe-7-day-dose1,ZAE-47123-72442,s245562621159539093690430969240370159285,01/12/2021,Cough,Dry cough,25.1,YES,NO,,11/11/2022,ZA
vsafe-7-day-dose1,ZAE-47123-72442,s245562621159539093690430969240370159285,01/12/2021,Feeling abnormal,Foggy feeling in head,25.1,YES,NO,,11/11/2022,ZA
vsafe-1-6-daily-dose1,ZA2-28367-91859,s246171512266797615164411451448742313357,01/18/2021,Dyspnoea,Shortness of breath,25.1,YES,NO,,11/18/2022,ZA
vsafe-1-6-daily-dose1,ZAC-15800-54628,s246612108464872243622385009119334153606,01/22/2021,No adverse event,No adverse reaction,25.1,YES,NO,,11/22/2022,ZA
vsafe-0-day-dose2,ZAA-13701-06043,s247436323689706615614185872962678858430,01/30/2021,Nervousness,Shaky feelings,25.1,YES,NO,,11/30/2022,ZA
vsafe-0-day-dose2,ZAA-13701-06043,s247436323689706615614185872962678858430,01/30/2021,Feeling jittery,Jitteriness,25.1,YES,NO,,11/30/2022,ZA
vsafe-0-day-dose2,ZAA-13701-06043,s247436323689706615614185872962678858430,01/30/2021,Malaise,Feeling unwell,25.1,YES,NO,,11/30/2022,ZA
vsafe-1-6-daily-dose2,ZAA-13701-06043,s247528514985467725800498143619533408868,01/31/2021,Lymphadenopathy,Axillary lymph nodes enlarged,25.1,YES,NO,,12/01/2022,ZA
vsafe-1-6-daily-dose2,ZAA-13701-06043,s247647220222468497037743201291592153137,02/01/2021,Lymphadenopathy,Swollen lymph nodes,25.1,YES,NO,,12/02/2022,ZA
vsafe-1-6-daily-dose2,ZAA-13701-06043,s247647220222468497037743201291592153137,02/01/2021,Lymph node pain,Lymph node pain,25.1,YES,NO,,12/02/2022,ZA
vsafe-1-6-daily-dose2,ZAA-13701-06043,s247738636498067997213671641085565871246,02/02/2021,Lymphadenopathy,Axillary lymph nodes enlarged,25.1,YES,NO,,12/05/2022,ZA
vsafe-1-6-daily-dose2,ZAA-13701-06043,s247843133256174119805538274281695934935,02/03/2021,Lymphadenopathy,Axillary lymph nodes enlarged,25.1,YES,NO,,12/06/2022,ZA
vsafe-1-6-daily-dose2,ZAA-13701-06043,s247945988752013523621737171494103563454,02/04/2021,Lymphadenopathy,Lymph nodes cervical swollen,25.1,YES,NO,,12/07/2022,ZA
vsafe-1-6-daily-dose2,ZAA-13701-06043,s247945988752013523621737171494103563454,02/04/2021,Lymphadenopathy,Axillary lymph nodes enlarged,25.1,YES,NO,,12/07/2022,ZA
vsafe-1-6-daily-dose2,ZAR-26250-30865,s247952534792043153804529707228427064265,02/04/2021,No adverse event,No adverse reaction,25.1,YES,NO,,12/07/2022,ZA
vsafe-1-6-daily-dose2,ZAA-13701-06043,s248050547657528593026853128673157629131,02/05/2021,Lymphadenopathy,Reactive lymphadenopathy,25.1,YES,NO,,12/08/2022,ZA
vsafe-1-6-daily-dose2,ZAE-47123-72442,s248072970560792713273461479346826518871,02/05/2021,Ear pain,Ear pain,25.1,YES,NO,,12/08/2022,ZA
vsafe-7-day-dose2,ZAA-13701-06043,s248154316166442419726705925182024504257,02/06/2021,Adverse reaction,Adverse reaction,25.1,YES,NO,,12/10/2022,ZA
vsafe-1-6-daily-dose2,ZAE-47123-72442,s248177062681724688139254577038885564178,02/06/2021,Ear pain,Pain ear,25.1,YES,NO,,12/09/2022,ZA
vsafe-1-6-daily-dose1,ZAY-14601-27303,s248405659411452795743633552263657209356,02/08/2021,Peripheral swelling,Swelling of feet,25.1,YES,NO,,12/13/2022,ZA
vsafe-1-6-daily-dose1,ZAY-14601-27303,s248405659411452795743633552263657209356,02/08/2021,Inflammation,Inflammation,25.1,NO,NO,07/25/2023,12/13/2022,ZA
vsafe-1-6-daily-dose1,ZAY-14601-27303,s248405659411452795743633552263657209356,02/08/2021,Arthritis,Joint inflammation,26.0,YES,YES,07/25/2023,12/13/2022,ZA
vsafe-7-day-dose1,ZAY-14601-27303,s248478943903267222227073684186210159792,02/09/2021,Gout,Gout,25.1,YES,NO,,12/15/2022,ZA
vsafe-7-day-dose2,ZA5-19564-48957,s248895514446911219311764955474854322620,02/13/2021,Adverse reaction,Adverse reaction,25.1,YES,NO,,12/21/2022,ZA
vsafe-1-6-daily-dose2,ZAW-98100-14899,s249830806412399965449107748988786482634,02/22/2021,Lymphadenopathy,Axillary lymph nodes enlarged,25.1,YES,NO,,12/29/2022,ZA
vsafe-1-6-daily-dose1,ZAT-30902-16649,s250368849173464145916196619475843964356,02/27/2021,Insomnia,Difficulty sleeping,25.1,YES,NO,,01/04/2023,ZA
vsafe-1-6-daily-dose1,ZAT-30902-16649,s250368849173464145916196619475843964356,02/27/2021,Pain,Pain,25.1,YES,NO,,01/04/2023,ZA
vsafe-1-6-daily-dose1,ZAT-30902-16649,s250472530271379032557135355454174162176,02/28/2021,Mobility decreased,Mobility decreased,25.1,YES,NO,,01/04/2023,ZA
vsafe-7-day-dose2,ZAV-31406-66161,s250482415864345057403636218256645871161,02/28/2021,Sinus disorder,Sinus disorder,25.1,YES,NO,,01/05/2023,ZA
vsafe-1-6-daily-dose1,ZAT-30902-16649,s250570896045763283320637672737961826658,03/01/2021,Injection site pain,Pain injection site,25.1,YES,NO,,01/05/2023,ZA
vsafe-1-6-daily-dose1,ZAT-30902-16649,s250570896045763283320637672737961826658,03/01/2021,Insomnia,Difficulty sleeping,25.1,YES,NO,,01/05/2023,ZA
vsafe-1-6-daily-dose1,ZAT-30902-16649,s250676009464155270391197616742301599328,03/02/2021,Mobility decreased,Mobility decreased,25.1,YES,NO,,01/05/2023,ZA
vsafe-1-6-daily-dose1,ZAT-30902-16649,s250676009464155270391197616742301599328,03/02/2021,Pain,Pain upon movement,25.1,YES,NO,,01/05/2023,ZA
vsafe-1-6-daily-dose1,ZAT-30902-16649,s250782449474035694503876168173379809079,03/03/2021,Arthralgia,Shoulder pain,25.1,YES,NO,,01/06/2023,ZA
vsafe-1-6-daily-dose1,ZAT-30902-16649,s250782449474035694503876168173379809079,03/03/2021,Pain in extremity,Pain in arm,25.1,YES,NO,,01/06/2023,ZA
vsafe-1-6-daily-dose1,ZAT-30902-16649,s250893144474444916859205360175958091030,03/04/2021,Mobility decreased,Mobility decreased,25.1,YES,NO,,01/09/2023,ZA
vsafe-1-6-daily-dose1,ZAT-30902-16649,s250893144474444916859205360175958091030,03/04/2021,Pain in extremity,Pain in arm,25.1,YES,NO,,01/09/2023,ZA
vsafe-7-day-dose1,ZAT-30902-16649,s250991764963205975267620467819944780275,03/05/2021,Office visit,Office visit,25.1,YES,NO,,01/10/2023,ZA
vsafe-1-6-daily-dose1,ZAP-23373-70453,s251085765930672123964373119678984889098,03/06/2021,Dizziness,Light headedness,25.1,YES,NO,,01/10/2023,ZA
vsafe-0-day-dose2,ZAH-11525-03483,s252456099362047669173111665961661518933,03/19/2021,Pruritus,Itchy upper limbs,25.1,YES,NO,,01/30/2023,ZA
vsafe-1-6-daily-dose2,ZAZ-24305-62108,s252544694842168966570372451906043403544,03/20/2021,Headache,Headache,25.1,YES,NO,,02/01/2023,ZA
vsafe-1-6-daily-dose2,ZAH-11525-03483,s252766506409451677327172247978288783890,03/22/2021,Asthenia,Feelings of weakness,25.1,YES,NO,,02/02/2023,ZA
vsafe-1-6-daily-dose1,ZAW-24146-89627,s252863254269827526052927051486007583506,03/23/2021,Injection site pain,Pain injection site,25.1,YES,NO,,02/02/2023,ZA
vsafe-1-6-daily-dose1,ZAW-24146-89627,s252863254269827526052927051486007583506,03/23/2021,Fatigue,Fatigue,25.1,YES,NO,,02/02/2023,ZA
vsafe-1-6-daily-dose2,ZAH-11525-03483,s252975468781053431526615628273374911247,03/24/2021,Dizziness,Dizziness,25.1,YES,NO,,02/03/2023,ZA
vsafe-1-6-daily-dose1,ZAW-24146-89627,s253176607668342176506523296469762109579,03/26/2021,Abdominal pain upper,Stomach pain,25.1,YES,NO,,02/07/2023,ZA
vsafe-1-6-daily-dose1,ZAW-24146-89627,s253176607668342176506523296469762109579,03/26/2021,Dizziness,Dizzy,25.1,YES,NO,,02/07/2023,ZA
vsafe-1-6-daily-dose1,ZAW-24146-89627,s253176607668342176506523296469762109579,03/26/2021,Pruritus,Localized itching,25.1,YES,NO,,02/07/2023,ZA
vsafe-1-6-daily-dose1,ZAW-24146-89627,s253176607668342176506523296469762109579,03/26/2021,Eyelid rash,Eyelid rash,25.1,YES,NO,,02/07/2023,ZA
vsafe-1-6-daily-dose1,ZAW-24146-89627,s253274687985120819458102915033222267908,03/27/2021,Dizziness,Dizziness,25.1,YES,NO,,02/07/2023,ZA
vsafe-1-6-daily-dose2,ZAP-23373-70453,s254420289346764188568893782955496448487,04/07/2021,Pre-existing disease,Pre-existing disease,25.1,YES,NO,,02/17/2023,ZA
vsafe-1-6-daily-dose1,ZA6-23141-11015,s254738578854367785873585775996350138069,04/10/2021,Injection site pain,Pain injection site,25.1,YES,NO,,02/22/2023,ZA
vsafe-1-6-daily-dose1,ZAB-23272-63722,s255470266895174985226694874768538772691,04/17/2021,Hypersensitivity,Allergic reaction,25.1,YES,NO,,03/02/2023,ZA
vsafe-1-6-daily-dose1,ZAB-23272-63722,s255470266895174985226694874768538772691,04/17/2021,Oropharyngeal discomfort,Throat discomfort,25.1,YES,NO,,03/02/2023,ZA
vsafe-1-6-daily-dose1,ZAB-23272-63722,s255470266895174985226694874768538772691,04/17/2021,Self-medication,Self-medication,25.1,YES,NO,,03/02/2023,ZA
vsafe-1-6-daily-dose1,ZAB-23272-63722,s255601377925342142993195420018125998261,04/18/2021,Urticaria,Hives,26.0,YES,NO,,03/23/2023,ZA
vsafe-1-6-daily-dose1,ZAB-23272-63722,s255601377925342142993195420018125998261,04/18/2021,Throat tightness,Throat tightness,26.0,YES,NO,,03/23/2023,ZA
vsafe-1-6-daily-dose1,ZAB-23272-63722,s255601377925342142993195420018125998261,04/18/2021,Self-medication,Self-medication,27.0,YES,YES,09/17/2024,03/23/2023,ZA
vsafe-1-6-daily-dose1,ZAB-23272-63722,s255709379956403885945540023842757033016,04/19/2021,Discomfort,Sensation of pressure,25.1,YES,NO,,03/03/2023,ZA
vsafe-1-6-daily-dose1,ZAB-23272-63722,s255709379956403885945540023842757033016,04/19/2021,Oropharyngeal discomfort,Throat discomfort,25.1,YES,NO,,03/03/2023,ZA
vsafe-1-6-daily-dose2,ZAP-83384-51113,s255807210471423063098762842497773887445,04/20/2021,Dizziness,Dizzy,25.1,YES,NO,,03/03/2023,ZA
vsafe-7-day-dose1,ZAB-23272-63722,s255791276258149994052740396991405267420,04/20/2021,Throat tightness,Throat tightness,25.1,YES,NO,,03/05/2023,ZA
vsafe-0-day-dose2,ZAC-24509-18607,s255921694899283263348065669403743287248,04/21/2021,Muscle spasms,Muscle spasms,25.1,YES,NO,,03/06/2023,ZA
vsafe-0-day-dose2,ZAN-31695-25134,s259891966984712068039953243747688032328,05/29/2021,Muscle spasms,Foot cramps,26.0,YES,NO,,03/31/2023,ZA
vsafe-1-6-daily-dose2,ZAN-31695-25134,s260071035143587223470721521362506749510,05/31/2021,Muscle spasms,Foot cramps,26.0,YES,NO,,03/31/2023,ZA
vsafe-1-6-daily-dose2,ZAH-30453-73726,s261317607998061702379844488973047697425,06/12/2021,Head discomfort,Head pressure,26.0,YES,NO,,04/04/2023,ZA
vsafe-1-6-daily-dose2,ZAH-30453-73726,s261317607998061702379844488973047697425,06/12/2021,Pain of skin,Scalp tenderness,26.0,YES,NO,,04/04/2023,ZA
vsafe-1-6-daily-dose2,ZAH-30453-73726,s261317607998061702379844488973047697425,06/12/2021,Headache,Pain head,26.0,YES,NO,,04/04/2023,ZA
vsafe-1-6-daily-dose2,ZAH-30453-73726,s261317607998061702379844488973047697425,06/12/2021,Oropharyngeal pain,Sore throat,26.0,YES,NO,,04/04/2023,ZA
vsafe-1-6-daily-dose2,ZAH-30453-73726,s261317607998061702379844488973047697425,06/12/2021,Back pain,Upper back pain,26.0,YES,NO,,04/04/2023,ZA
vsafe-1-6-daily-dose2,ZAH-30453-73726,s261431860935134617054334484951339797119,06/13/2021,Pain,Shooting pain,26.0,YES,NO,,04/04/2023,ZA
vsafe-1-6-daily-dose2,ZAH-30453-73726,s261431860935134617054334484951339797119,06/13/2021,Headache,Pain head,26.0,YES,NO,,04/04/2023,ZA
vsafe-1-6-daily-dose2,ZAH-30453-73726,s261431860935134617054334484951339797119,06/13/2021,Tenderness,Tenderness,26.0,YES,NO,,04/04/2023,ZA
vsafe-1-6-daily-dose2,ZAH-30453-73726,s261431860935134617054334484951339797119,06/13/2021,Back pain,Upper back pain,26.0,YES,NO,,04/04/2023,ZA
vsafe-1-6-daily-dose2,ZAH-30453-73726,s261431860935134617054334484951339797119,06/13/2021,Abdominal pain upper,Stomach pain,26.0,YES,NO,,04/04/2023,ZA
vsafe-1-6-daily-dose2,ZAH-30453-73726,s261431860935134617054334484951339797119,06/13/2021,Swelling,Neck swelling,26.0,YES,NO,,04/04/2023,ZA
vsafe-1-6-daily-dose2,ZAH-30453-73726,s261431860935134617054334484951339797119,06/13/2021,Neck pain,Neck pain,26.0,YES,NO,,04/04/2023,ZA
vsafe-1-6-daily-dose2,ZAH-30453-73726,s261541466306567534370218892571374696336,06/14/2021,Pain,Shooting pain,26.0,YES,NO,,04/04/2023,ZA
vsafe-1-6-daily-dose2,ZAH-30453-73726,s261541466306567534370218892571374696336,06/14/2021,Headache,Pain head,26.0,YES,NO,,04/04/2023,ZA
vsafe-1-6-daily-dose2,ZAH-30453-73726,s261541466306567534370218892571374696336,06/14/2021,Ear discomfort,Sensation of pressure in ear,26.0,YES,NO,,04/04/2023,ZA
vsafe-1-6-daily-dose2,ZAH-30453-73726,s261541466306567534370218892571374696336,06/14/2021,Abdominal pain upper,Pain stomach,26.0,YES,NO,,04/04/2023,ZA
vsafe-1-6-daily-dose2,ZAH-30453-73726,s261541466306567534370218892571374696336,06/14/2021,Back pain,Upper back pain,26.0,YES,NO,,04/04/2023,ZA
vsafe-1-6-daily-dose2,ZAH-30453-73726,s261541466306567534370218892571374696336,06/14/2021,Tenderness,Tenderness,26.0,YES,NO,,04/04/2023,ZA
vsafe-1-6-daily-dose2,ZAH-30453-73726,s261541466306567534370218892571374696336,06/14/2021,Musculoskeletal discomfort,Neck discomfort,26.0,YES,NO,,04/04/2023,ZA
vsafe-1-6-daily-dose2,ZAH-30453-73726,s261541466306567534370218892571374696336,06/14/2021,Headache,Head pain,26.0,YES,NO,,04/04/2023,ZA
vsafe-1-6-daily-dose2,ZAH-30453-73726,s261637788312284822085753707422154401710,06/15/2021,Musculoskeletal stiffness,Stiffness,26.0,YES,NO,,04/05/2023,ZA
vsafe-1-6-daily-dose2,ZAH-30453-73726,s261637788312284822085753707422154401710,06/15/2021,Musculoskeletal stiffness,Stiff back,26.0,YES,NO,,04/05/2023,ZA
vsafe-1-6-daily-dose2,ZAH-30453-73726,s261637788312284822085753707422154401710,06/15/2021,Tenderness,Tenderness,26.0,YES,NO,,04/05/2023,ZA
vsafe-1-6-daily-dose2,ZAH-30453-73726,s261637788312284822085753707422154401710,06/15/2021,Headache,Pain head,26.0,YES,NO,,04/05/2023,ZA
vsafe-1-6-daily-dose2,ZAH-30453-73726,s261637788312284822085753707422154401710,06/15/2021,Musculoskeletal stiffness,Neck stiff,26.0,YES,NO,,04/05/2023,ZA
vsafe-1-6-daily-dose2,ZAH-30453-73726,s261742982810898128022287146798776251290,06/16/2021,Oropharyngeal discomfort,Throat discomfort,26.0,YES,NO,,04/05/2023,ZA
vsafe-1-6-daily-dose2,ZAH-30453-73726,s261742982810898128022287146798776251290,06/16/2021,Pain,Shooting pain,26.0,YES,NO,,04/05/2023,ZA
vsafe-1-6-daily-dose2,ZAH-30453-73726,s261742982810898128022287146798776251290,06/16/2021,Headache,Head pain,26.0,YES,NO,,04/05/2023,ZA
vsafe-1-6-daily-dose2,ZAH-30453-73726,s261742982810898128022287146798776251290,06/16/2021,Tenderness,Tenderness,26.0,YES,NO,,04/05/2023,ZA
vsafe-1-6-daily-dose2,ZAH-30453-73726,s261742982810898128022287146798776251290,06/16/2021,Ear pain,Pain ear,26.0,YES,NO,,04/05/2023,ZA
vsafe-1-6-daily-dose2,ZAH-30453-73726,s261742982810898128022287146798776251290,06/16/2021,Ear discomfort,Sensation of pressure in ear,26.0,YES,NO,,04/05/2023,ZA
vsafe-1-6-daily-dose2,ZAH-30453-73726,s261742982810898128022287146798776251290,06/16/2021,Back pain,Upper back pain,26.0,YES,NO,,04/05/2023,ZA
vsafe-7-day-dose2,ZAH-30453-73726,s261844774786279343090177679127380412649,06/17/2021,Back pain,Upper back pain,26.0,YES,NO,,04/05/2023,ZA
vsafe-7-day-dose2,ZAH-30453-73726,s261844774786279343090177679127380412649,06/17/2021,Musculoskeletal discomfort,Back discomfort,26.0,YES,NO,,04/05/2023,ZA
vsafe-7-day-dose2,ZAH-30453-73726,s261844774786279343090177679127380412649,06/17/2021,Ear discomfort,Sensation of pressure in ear,26.0,YES,NO,,04/05/2023,ZA
vsafe-7-day-dose2,ZAH-30453-73726,s261844774786279343090177679127380412649,06/17/2021,Ear pain,Pain ear,26.0,YES,NO,,04/05/2023,ZA
vsafe-7-day-dose2,ZAH-30453-73726,s261844774786279343090177679127380412649,06/17/2021,Ear discomfort,Ear discomfort,26.0,YES,NO,,04/05/2023,ZA
vsafe-7-day-dose2,ZAH-30453-73726,s261844774786279343090177679127380412649,06/17/2021,Neck pain,Pain neck,26.0,YES,NO,,04/05/2023,ZA
vsafe-7-day-dose2,ZAH-30453-73726,s261844774786279343090177679127380412649,06/17/2021,Musculoskeletal discomfort,Neck discomfort,26.0,YES,NO,,04/05/2023,ZA
vsafe-7-day-dose2,ZAH-30453-73726,s261844774786279343090177679127380412649,06/17/2021,Discomfort,Sensation of pressure,26.0,YES,NO,,04/05/2023,ZA
vsafe-7-day-dose2,ZAH-30453-73726,s261844774786279343090177679127380412649,06/17/2021,Eye pain,Eye pain,26.0,YES,NO,,04/05/2023,ZA
vsafe-7-day-dose2,ZAH-30453-73726,s261844774786279343090177679127380412649,06/17/2021,Tenderness,Tenderness,26.0,YES,NO,,04/05/2023,ZA
vsafe-7-day-dose2,ZAH-30453-73726,s261844774786279343090177679127380412649,06/17/2021,Head discomfort,Head pressure,26.0,YES,NO,,04/05/2023,ZA
vsafe-7-day-dose2,ZAH-30453-73726,s261844774786279343090177679127380412649,06/17/2021,Headache,Pain head,26.0,YES,NO,,04/05/2023,ZA
vsafe-7-day-dose2,ZAH-30453-73726,s261844774786279343090177679127380412649,06/17/2021,Head discomfort,Head discomfort,26.0,YES,NO,,04/05/2023,ZA
vsafe-1-6-daily-dose2,ZAQ-25412-73960,s264352933165757074320521142477819378694,07/11/2021,Dizziness,Dizziness,26.0,YES,NO,,04/09/2023,ZA
vsafe-1-6-daily-dose2,ZAQ-25412-73960,s264561914327041570086659813038520727186,07/13/2021,Dizziness,Dizziness,26.0,YES,NO,,04/10/2023,ZA
vsafe-1-6-daily-dose2,ZAB-27000-40964,s273744506706656491245491349240563823952,10/09/2021,Oropharyngeal pain,Sore throat,26.1,YES,NO,,11/08/2023,ZA
vsafe-1-6-daily-dose2,ZAB-27000-40964,s273856308824547102311369829300952532125,10/10/2021,Oropharyngeal pain,Sore throat,26.1,YES,NO,,11/09/2023,ZA
vsafe-1-6-daily-dose2,ZAB-27000-40964,s273856308824547102311369829300952532125,10/10/2021,Oral herpes,Fever blister,26.1,YES,NO,,11/09/2023,ZA
vsafe-7-day-dose2,ZAB-27000-40964,s273967734465011612981518495832947184326,10/11/2021,Oropharyngeal pain,Sore throat,26.1,YES,NO,,11/13/2023,ZA
vsafe-7-day-dose2,ZAB-27000-40964,s273967734465011612981518495832947184326,10/11/2021,Stomatitis,Sores mouth,26.1,YES,NO,,11/13/2023,ZA
vsafe-1-6-daily-dose3,ZAS-10749-64482,s275857111622871085718626079201177551280,10/29/2021,Sensitive skin,Sensitive skin,26.1,YES,NO,,01/05/2024,ZA
vsafe-1-6-daily-dose3,ZAP-23373-70453,s276145324035444660249114610095387992163,11/01/2021,Arthralgia,Joint pain,26.1,YES,NO,,01/11/2024,ZA
vsafe-1-6-daily-dose3,ZAM-99826-68274,s277613962404740073152745651806776483591,11/15/2021,Pain,Prick pain,26.1,YES,NO,,01/12/2024,ZA
vsafe-1-6-daily-dose3,ZAM-99826-68274,s277613962404740073152745651806776483591,11/15/2021,Pain of skin,Scalp pain,26.1,YES,NO,,01/12/2024,ZA
vsafe-1-6-daily-dose3,ZAM-99826-68274,s277717640142755928408277679298048586686,11/16/2021,Herpes zoster,Shingles,26.1,YES,NO,,01/12/2024,ZA
vsafe-1-6-daily-dose3,ZAM-99826-68274,s277821995675305807238656764324075952710,11/17/2021,Herpes zoster,Shingles,26.1,YES,NO,,01/15/2024,ZA
vsafe-1-6-daily-dose3,ZAM-99826-68274,s277926494798293645610594202511752208178,11/18/2021,Herpes zoster,Shingles,26.1,YES,NO,,01/16/2024,ZA
vsafe-1-6-daily-dose3,ZAM-99826-68274,s277926494798293645610594202511752208178,11/18/2021,Ear discomfort,Sensation of pressure in ear,26.1,YES,NO,,01/16/2024,ZA
vsafe-1-6-daily-dose3,ZAM-99826-68274,s277926494798293645610594202511752208178,11/18/2021,Ocular discomfort,Sensation of pressure in eye,26.1,YES,NO,,01/16/2024,ZA
vsafe-1-6-daily-dose3,ZAM-99826-68274,s277926494798293645610594202511752208178,11/18/2021,Mass,Mass,26.1,YES,NO,,01/16/2024,ZA
vsafe-1-6-daily-dose3,ZAM-99826-68274,s278033124065206564429316891562899860896,11/19/2021,Herpes zoster,Shingles,26.1,YES,NO,,01/16/2024,ZA
vsafe-7-day-dose3,ZAM-99826-68274,s278136532557631366377060759908421090208,11/20/2021,Herpes zoster,Shingles,26.1,YES,NO,,01/30/2024,ZA
vsafe-7-day-dose3,ZAM-99826-68274,s278136532557631366377060759908421090208,11/20/2021,Lymphadenopathy,Swollen lymph nodes,26.1,YES,NO,,01/30/2024,ZA
vsafe-1-6-daily-dose4,ZAW-24146-89627,s302343260548666972315267545140527024014,07/10/2022,Rash,Neck rash,27.0,YES,NO,,06/07/2024,ZA
vsafe-1-6-daily-dose4,ZAW-24146-89627,s302343260548666972315267545140527024014,07/10/2022,Rash pruritic,Itchy rash,27.0,YES,NO,,06/07/2024,ZA
vsafe-1-6-daily-dose4,ZAW-24146-89627,s302343260548666972315267545140527024014,07/10/2022,Burning sensation,Burning sensation,27.0,YES,NO,,06/07/2024,ZA
vsafe-1-6-daily-dose4,ZAW-24146-89627,s302463779785563565505364483445535467441,07/11/2022,Rash,Neck rash,27.0,YES,NO,,06/07/2024,ZA
vsafe-1-6-daily-dose4,ZAW-24146-89627,s302463779785563565505364483445535467441,07/11/2022,Rash,Rash on face,27.0,YES,NO,,06/07/2024,ZA
vsafe-1-6-daily-dose4,ZAW-24146-89627,s302463779785563565505364483445535467441,07/11/2022,Office visit,Office visit,27.0,YES,NO,,06/07/2024,ZA
vsafe-1-6-daily-dose4,ZAW-24146-89627,s302463779785563565505364483445535467441,07/11/2022,Pruritus,Itching,27.0,YES,NO,,06/07/2024,ZA
vsafe-1-6-daily-dose4,ZAW-24146-89627,s302463779785563565505364483445535467441,07/11/2022,Burning sensation,Burning sensation,27.0,YES,NO,,06/07/2024,ZA
vsafe-1-6-daily-dose4,ZAW-24146-89627,s302568175517805720199281642554293618562,07/12/2022,Rash,Neck rash,27.0,YES,NO,,06/07/2024,ZA
vsafe-1-6-daily-dose4,ZAW-24146-89627,s302568175517805720199281642554293618562,07/12/2022,Rash pruritic,Itchy rash,27.0,YES,NO,,06/07/2024,ZA
vsafe-1-6-daily-dose4,ZAW-24146-89627,s302568175517805720199281642554293618562,07/12/2022,Rash,Rash on face,27.0,YES,NO,,06/07/2024,ZA
vsafe-1-6-daily-dose4,ZAW-24146-89627,s302568175517805720199281642554293618562,07/12/2022,Pruritus,Itch burning,27.0,YES,NO,,06/07/2024,ZA
vsafe-1-6-daily-dose4,ZAW-24146-89627,s302672788496937865854839887424234639989,07/13/2022,Throat irritation,Scratchy throat,27.0,YES,NO,,06/07/2024,ZA
vsafe-1-6-daily-dose4,ZAW-24146-89627,s302672788496937865854839887424234639989,07/13/2022,Dry eye,Eyes dry,27.0,YES,NO,,06/07/2024,ZA
vsafe-1-6-daily-dose4,ZAW-24146-89627,s302672788496937865854839887424234639989,07/13/2022,Rash,Rash over arms,27.0,YES,NO,,06/07/2024,ZA
vsafe-1-6-daily-dose4,ZAW-24146-89627,s302788607294920415220216051653176605593,07/14/2022,Office visit,Office visit,27.0,YES,NO,,06/10/2024,ZA
vsafe-1-6-daily-dose4,ZAW-24146-89627,s302788607294920415220216051653176605593,07/14/2022,Hypersensitivity,Allergic reaction,27.0,YES,NO,,06/10/2024,ZA
vsafe-1-6-daily-dose4,ZAW-24146-89627,s302788607294920415220216051653176605593,07/14/2022,Self-medication,Self-medication,27.0,YES,NO,,06/10/2024,ZA
vsafe-7-day-dose4,ZAW-24146-89627,s303092179076077962333309706997739444111,07/17/2022,Rash,Rash,27.0,YES,NO,,06/10/2024,ZA
vsafe-7-day-dose4,ZAW-24146-89627,s303092179076077962333309706997739444111,07/17/2022,Swelling,Swelling,27.0,YES,NO,,06/10/2024,ZA
vsafe-1-6-daily-dose5,ZAZ-28807-98477,s308643134896514813050297970127350141192,09/08/2022,Pruritus,Itching,27.0,YES,NO,,06/20/2024,ZA
vsafe-1-6-daily-dose4,ZAH-11525-03483,s313235929225861003908711171723079890580,10/22/2022,No adverse event,No adverse reaction,27.0,YES,NO,,07/10/2024,ZA
vsafe-1-6-daily-dose4,ZAH-11525-03483,s313549035588188103630454073931042811868,10/25/2022,Muscular weakness,Weakness muscle,27.0,YES,NO,,07/11/2024,ZA
vsafe-1-6-daily-dose2,ZAU-12684-45040,s245756710073745576659514211789838148415,01/14/2021,Throat tightness,Throat tightness,25.1,YES,NO,,11/15/2022,ZA
vsafe-1-6-daily-dose2,ZAU-12684-45040,s245873120804926658091479406312409435863,01/15/2021,Dysphonia,Hoarse voice,25.1,YES,NO,,11/16/2022,ZA
vsafe-1-6-daily-dose2,ZAU-12684-45040,s245873120804926658091479406312409435863,01/15/2021,Pharyngeal swelling,Throat swelling,25.1,YES,NO,,11/16/2022,ZA
vsafe-1-6-daily-dose2,ZAU-12684-45040,s245873120804926658091479406312409435863,01/15/2021,Lip swelling,Swelling lips,25.1,YES,NO,,11/16/2022,ZA
vsafe-1-6-daily-dose1,ZA2-11735-94571,s245874439244146747840490421113173230284,01/15/2021,Lymphadenopathy,Enlarged lymph nodes (excl infective),25.1,YES,NO,,11/16/2022,ZA
vsafe-1-6-daily-dose1,ZA2-11735-94571,s245978583426064657591645924264067632649,01/16/2021,Lymphadenopathy,Lymph nodes enlarged,25.1,YES,NO,,11/16/2022,ZA
vsafe-1-6-daily-dose2,ZAU-12684-45040,s245960875092483551478968361848165563403,01/16/2021,Pharyngeal swelling,Throat swelling,25.1,YES,NO,,11/17/2022,ZA
vsafe-1-6-daily-dose1,ZA2-11735-94571,s246076933381814492503800130467630027767,01/17/2021,Lymphadenopathy,Swollen lymph nodes,25.1,YES,NO,,11/17/2022,ZA
vsafe-1-6-daily-dose2,ZAU-12684-45040,s246075098494675713266823819160210558974,01/17/2021,Pharyngeal swelling,Throat swelling,25.1,YES,NO,,11/17/2022,ZA
vsafe-1-6-daily-dose1,ZA2-11735-94571,s246176209944831329172212841867710746288,01/18/2021,Lymphadenopathy,Swollen lymph nodes,25.1,YES,NO,,11/18/2022,ZA
vsafe-7-day-dose2,ZAU-12684-45040,s246193696373044210193417521813076506349,01/18/2021,Dysphonia,Hoarse voice,25.1,YES,NO,,11/18/2022,ZA
vsafe-1-6-daily-dose1,ZA2-11735-94571,s246286188837360740559547474181335188397,01/19/2021,Lymphadenopathy,Swollen lymph nodes,25.1,YES,NO,,11/18/2022,ZA
vsafe-7-day-dose1,ZAS-30600-86003,s246911844373037030888237068227395074341,01/25/2021,Asthma,Asthma aggravated,25.1,YES,NO,,11/25/2022,ZA
vsafe-1-6-daily-dose1,ZA8-92343-77067,s247755690029683790762169572667930839361,02/02/2021,Pyrexia,Fever,25.1,YES,NO,,12/04/2022,ZA
vsafe-1-6-daily-dose1,ZA8-92343-77067,s247755690029683790762169572667930839361,02/02/2021,Pain,Generalized aching,25.1,YES,NO,,12/04/2022,ZA
vsafe-1-6-daily-dose1,ZA8-92343-77067,s247755690029683790762169572667930839361,02/02/2021,Chills,Chills,25.1,YES,NO,,12/04/2022,ZA
vsafe-1-6-daily-dose2,ZAR-31157-26829,s250148364285130137239185593635223263187,02/25/2021,Chest pain,Chest burning,25.1,YES,NO,,01/03/2023,ZA
vsafe-1-6-daily-dose2,ZAK-30367-76793,s251404224371829114336802645552352871776,03/09/2021,Cough,Cough,25.1,YES,NO,,01/12/2023,ZA
vsafe-1-6-daily-dose1,ZAU-32612-58383,s251515757200585331546355941492191291773,03/10/2021,Musculoskeletal stiffness,Stiffness,25.1,YES,NO,,01/13/2023,ZA
vsafe-1-6-daily-dose1,ZAU-32612-58383,s251515757200585331546355941492191291773,03/10/2021,Injection site reaction,Injection site reaction,25.1,YES,NO,,01/13/2023,ZA
vsafe-1-6-daily-dose1,ZAU-32612-58383,s251621743529306585526154885989938133355,03/11/2021,No adverse event,No adverse reaction,25.1,YES,NO,,01/15/2023,ZA
vsafe-1-6-daily-dose1,ZAD-49823-63676,s251818970274039145332286214221777741158,03/13/2021,Myalgia,Muscle ache,25.1,YES,NO,,01/24/2023,ZA
vsafe-1-6-daily-dose1,ZAD-49823-63676,s251916337060395703446153223404885042787,03/14/2021,Injection site pain,Injection site muscle pain,25.1,YES,NO,,01/25/2023,ZA
vsafe-1-6-daily-dose1,ZAW-32687-96110,s252570842903961795666511619020915633054,03/20/2021,Myalgia,Muscle ache,25.1,YES,NO,,01/31/2023,ZA
vsafe-1-6-daily-dose1,ZAW-32687-96110,s252570842903961795666511619020915633054,03/20/2021,Musculoskeletal stiffness,Stiffness,25.1,YES,NO,,01/31/2023,ZA
vsafe-1-6-daily-dose1,ZAW-32687-96110,s252570842903961795666511619020915633054,03/20/2021,Injection site reaction,Injection site reaction,25.1,YES,NO,,01/31/2023,ZA
vsafe-1-6-daily-dose1,ZAW-32687-96110,s252570842903961795666511619020915633054,03/20/2021,Headache,Headache,25.1,YES,NO,,01/31/2023,ZA
vsafe-1-6-daily-dose2,ZAM-33298-13084,s252550450829615517085650896200286253059,03/20/2021,Pruritus,Itching,25.1,YES,NO,,02/01/2023,ZA
vsafe-1-6-daily-dose1,ZAW-32687-96110,s252647017081433558634978156335640267931,03/21/2021,Arthritis,Arthritis,25.1,YES,NO,,02/01/2023,ZA
vsafe-1-6-daily-dose1,ZAW-32687-96110,s252647017081433558634978156335640267931,03/21/2021,Arthralgia,Joint pain,25.1,YES,NO,,02/01/2023,ZA
vsafe-1-6-daily-dose2,ZAM-33298-13084,s252646855362888486484975761545134487185,03/21/2021,Pruritus,Itching,25.1,YES,NO,,02/01/2023,ZA
vsafe-1-6-daily-dose2,ZAM-33298-13084,s252759068889712358126483039466296056988,03/22/2021,Pruritus,Itching,25.1,YES,NO,,02/02/2023,ZA
vsafe-1-6-daily-dose2,ZAM-33298-13084,s252759068889712358126483039466296056988,03/22/2021,Dizziness,Dizzy,25.1,YES,NO,,02/02/2023,ZA
vsafe-1-6-daily-dose2,ZAM-33298-13084,s252759068889712358126483039466296056988,03/22/2021,Vertigo,Vertigo,25.1,YES,NO,,02/02/2023,ZA
vsafe-1-6-daily-dose2,ZAM-33298-13084,s252862923553280916832843122719243013641,03/23/2021,Pruritus,Itching,25.1,YES,NO,,02/03/2023,ZA
vsafe-1-6-daily-dose2,ZAM-33298-13084,s252862923553280916832843122719243013641,03/23/2021,Dizziness,Dizziness,25.1,YES,NO,,02/03/2023,ZA
vsafe-0-day-dose1,ZA8-16644-50816,s252876907147370877208854954779760821016,03/23/2021,Immediate post-injection reaction,Immediate post-injection reaction,25.1,YES,NO,,02/02/2023,ZA
vsafe-0-day-dose1,ZA8-16644-50816,s252876907147370877208854954779760821016,03/23/2021,Cold sweat,Clammy,25.1,YES,NO,,02/02/2023,ZA
vsafe-7-day-dose2,ZAM-33298-13084,s252961618941158252676779679638987909781,03/24/2021,Pruritus,Itching,25.1,YES,NO,,02/05/2023,ZA
vsafe-7-day-dose2,ZAM-33298-13084,s252961618941158252676779679638987909781,03/24/2021,Rash erythematous,Red rash,25.1,YES,NO,,02/05/2023,ZA
vsafe-7-day-dose2,ZAM-33298-13084,s252961618941158252676779679638987909781,03/24/2021,Rash pruritic,Itchy rash,25.1,YES,NO,,02/05/2023,ZA
vsafe-7-day-dose2,ZAM-33298-13084,s252961618941158252676779679638987909781,03/24/2021,Urticaria,Hives,25.1,YES,NO,,02/05/2023,ZA
vsafe-1-6-daily-dose1,ZA8-16644-50816,s253085404475921473400161954731708270337,03/25/2021,Lymph node pain,Lymph node tenderness,25.1,YES,NO,,02/06/2023,ZA
vsafe-1-6-daily-dose1,ZA8-16644-50816,s253173156752844228744411303101885738164,03/26/2021,Oropharyngeal pain,Sore throat,25.1,YES,NO,,02/07/2023,ZA
vsafe-1-6-daily-dose1,ZA8-16644-50816,s253173156752844228744411303101885738164,03/26/2021,Cough,Cough,25.1,YES,NO,,02/07/2023,ZA
vsafe-1-6-daily-dose1,ZAN-17968-90321,s253187472732995263461356612782639464106,03/26/2021,Dizziness,Dizziness,25.1,YES,NO,,02/07/2023,ZA
vsafe-1-6-daily-dose1,ZAN-17968-90321,s253187472732995263461356612782639464106,03/26/2021,Cough,Cough,25.1,YES,NO,,02/07/2023,ZA
vsafe-1-6-daily-dose1,ZAT-15807-55031,s253417553935216653381372148219885811365,03/28/2021,Paraesthesia oral,Tingling tongue,25.1,YES,NO,,02/08/2023,ZA
vsafe-1-6-daily-dose1,ZAT-15807-55031,s253417553935216653381372148219885811365,03/28/2021,Paraesthesia oral,Tingling lips,25.1,YES,NO,,02/08/2023,ZA
vsafe-1-6-daily-dose1,ZAT-15807-55031,s253417553935216653381372148219885811365,03/28/2021,Immediate post-injection reaction,Immediate post-injection reaction,25.1,YES,NO,,02/08/2023,ZA
vsafe-1-6-daily-dose1,ZAT-15807-55031,s253417553935216653381372148219885811365,03/28/2021,Dysgeusia,Taste metallic,25.1,YES,NO,,02/08/2023,ZA
vsafe-1-6-daily-dose1,ZA8-16644-50816,s253481940789343897333092835234740318307,03/29/2021,Cough,Cough,25.1,YES,NO,,02/09/2023,ZA
vsafe-1-6-daily-dose1,ZAG-16269-95433,s253508017591856739298470560505199782414,03/29/2021,No adverse event,No adverse reaction,25.1,YES,NO,,02/09/2023,ZA
vsafe-0-day-dose2,ZAD-49823-63676,s253897144463889591523965457187493038930,04/02/2021,Paraesthesia oral,Tingling lips,25.1,YES,NO,,02/13/2023,ZA
vsafe-0-day-dose2,ZAD-49823-63676,s253897144463889591523965457187493038930,04/02/2021,Immediate post-injection reaction,Immediate post-injection reaction,25.1,YES,NO,,02/13/2023,ZA
vsafe-1-6-daily-dose2,ZAD-49823-63676,s254112524546590222486040260878669592625,04/04/2021,Lymph node pain,Lymph node pain,25.1,YES,NO,,02/15/2023,ZA
vsafe-1-6-daily-dose2,ZAD-49823-63676,s254212359891326777982868521882613319458,04/05/2021,Lymphadenopathy,Swollen lymph nodes,25.1,YES,NO,,02/16/2023,ZA
vsafe-1-6-daily-dose2,ZAD-49823-63676,s254212359891326777982868521882613319458,04/05/2021,Lymph node pain,Lymph node pain,25.1,YES,NO,,02/16/2023,ZA
vsafe-1-6-daily-dose2,ZAD-49823-63676,s254316856695563942357598484990092009496,04/06/2021,Axillary pain,Armpit pain,25.1,YES,NO,,02/17/2023,ZA
vsafe-1-6-daily-dose2,ZAD-49823-63676,s254316856695563942357598484990092009496,04/06/2021,Oedema peripheral,Edema arms,25.1,YES,NO,,02/17/2023,ZA
vsafe-0-day-dose2,ZAZ-69562-64120,s254328785600788957553030503788014350457,04/06/2021,Dizziness,Dizziness,25.1,YES,NO,,02/16/2023,ZA
vsafe-0-day-dose2,ZA8-16644-50816,s255078835849905240450797702956177872417,04/13/2021,Unevaluable event,Reaction unevaluable,25.1,YES,NO,,02/24/2023,ZA
vsafe-0-day-dose1,ZAV-43864-57814,s255178586598263023347193463693434854532,04/14/2021,Pain in extremity,Pain in arm,25.1,YES,NO,,02/27/2023,ZA
vsafe-1-6-daily-dose1,ZAV-43864-57814,s255683070302955510851717011994785253498,04/19/2021,Unevaluable event,Reaction unevaluable,25.1,YES,NO,,03/03/2023,ZA
vsafe-1-6-daily-dose1,ZAA-27056-06169,s256108223890296469220698944512931316025,04/23/2021,Oropharyngeal pain,Sore throat,25.1,YES,NO,,03/07/2023,ZA
vsafe-1-6-daily-dose1,ZAV-21016-12214,s256203900610139026765663122532009132920,04/24/2021,Skin burning sensation,Burning sensation skin,25.1,YES,NO,,03/08/2023,ZA
vsafe-1-6-daily-dose1,ZAV-21016-12214,s256203900610139026765663122532009132920,04/24/2021,Rash,Rash,25.1,YES,NO,,03/08/2023,ZA
vsafe-1-6-daily-dose2,ZAW-32687-96110,s256199948203905116629898852231931395500,04/24/2021,Headache,Headache,25.1,YES,NO,,03/08/2023,ZA
vsafe-1-6-daily-dose2,ZAW-32687-96110,s256199948203905116629898852231931395500,04/24/2021,Injection site pain,Injection site tenderness,25.1,YES,NO,,03/08/2023,ZA
vsafe-1-6-daily-dose2,ZAW-32687-96110,s256199948203905116629898852231931395500,04/24/2021,Injection site discomfort,Injection site discomfort,25.1,YES,NO,,03/08/2023,ZA
vsafe-1-6-daily-dose2,ZAW-32687-96110,s256199948203905116629898852231931395500,04/24/2021,Chills,Chills,25.1,YES,NO,,03/08/2023,ZA
vsafe-1-6-daily-dose2,ZAW-32687-96110,s256199948203905116629898852231931395500,04/24/2021,Fatigue,Tiredness,25.1,YES,NO,,03/08/2023,ZA
vsafe-1-6-daily-dose2,ZAW-32687-96110,s256199948203905116629898852231931395500,04/24/2021,Dermatitis contact,Poison ivy rash,25.1,YES,NO,,03/08/2023,ZA
vsafe-1-6-daily-dose1,ZAA-27056-06169,s256309104673611663343916015601056386410,04/25/2021,Insomnia,Insomnia,25.1,YES,NO,,03/08/2023,ZA
vsafe-1-6-daily-dose1,ZAA-27056-06169,s256522383345476453409223524189270111068,04/27/2021,Insomnia,Insomnia,26.0,YES,NO,,03/24/2023,ZA
vsafe-1-6-daily-dose2,ZAV-43864-57814,s257873549644358133154476336013506118577,05/10/2021,Flatulence,Gas,26.0,YES,NO,,03/17/2023,ZA
vsafe-1-6-daily-dose2,ZAA-27056-06169,s258816090259960737086441915622735101137,05/19/2021,Brain fog,Brain fog,26.0,YES,NO,,03/25/2023,ZA
vsafe-1-6-daily-dose2,ZAV-21016-12214,s258929468121044508578577930189309351943,05/20/2021,Pruritus,Itching,26.0,YES,NO,,03/27/2023,ZA
vsafe-1-6-daily-dose2,ZAE-31777-50996,s263298035035279971844999450330674133332,07/01/2021,Headache,Headache,26.0,YES,NO,,04/07/2023,ZA
vsafe-1-6-daily-dose2,ZAE-31777-50996,s263298035035279971844999450330674133332,07/01/2021,Injection site pain,Injection site pain,26.0,YES,NO,,04/07/2023,ZA
vsafe-1-6-daily-dose2,ZAE-31777-50996,s263298035035279971844999450330674133332,07/01/2021,Fatigue,Tiredness,26.0,YES,NO,,04/07/2023,ZA
vsafe-0-day-dose3,ZAD-49823-63676,s276588516367053515039239305058132307298,11/05/2021,Paraesthesia oral,Tingling lips,26.1,YES,NO,,12/15/2023,ZA
vsafe-0-day-dose3,ZAD-49823-63676,s276588516367053515039239305058132307298,11/05/2021,Paraesthesia,Localized tingling,26.1,YES,NO,,12/15/2023,ZA
vsafe-1-6-daily-dose3,ZAD-49823-63676,s277193886292461992580086200900011077200,11/11/2021,Lymphadenopathy,Axillary lymph nodes enlarged,26.1,YES,NO,,12/26/2023,ZA
vsafe-1-6-daily-dose3,ZAD-49823-63676,s277193886292461992580086200900011077200,11/11/2021,Lymph node pain,Lymph node pain,26.1,YES,NO,,12/26/2023,ZA
vsafe-1-6-daily-dose2-dep,ZAY-17055-21713,s277713937275273575032749875416481307642,11/16/2021,Ageusia,Loss of taste,26.1,YES,NO,,01/12/2024,ZA
vsafe-1-6-daily-dose2-dep,ZAY-17055-21713,s277713937275273575032749875416481307642,11/16/2021,Anosmia,Loss of smell,26.1,YES,NO,,01/12/2024,ZA
vsafe-1-6-daily-dose3,ZAR-16274-38439,s280669088921113684484938101662868460882,12/14/2021,Muscle spasms,Cramps legs,26.1,YES,NO,,01/26/2024,ZA
vsafe-1-6-daily-dose3,ZAR-16274-38439,s280669088921113684484938101662868460882,12/14/2021,Muscle spasms,Cramps of upper extremities,26.1,YES,NO,,01/26/2024,ZA
vsafe-1-6-daily-dose3,ZAR-16274-38439,s281070520830684292380705527067488961885,12/18/2021,Limb mass,Upper extremity mass,26.1,YES,NO,,01/29/2024,ZA
vsafe-1-6-daily-dose3,ZAR-16274-38439,s281070520830684292380705527067488961885,12/18/2021,Pain in extremity,Pain in arm,26.1,YES,NO,,01/29/2024,ZA
vsafe-7-day-dose3,ZAR-16274-38439,s281277703996471871852883920542574998525,12/20/2021,Dizziness,Dizziness,26.1,YES,NO,,02/20/2024,ZA
vsafe-1-6-daily-dose2,ZAF-32309-15137,s287457391724054070117911380617505448367,02/17/2022,Oropharyngeal pain,Sore throat,26.1,YES,NO,,03/13/2024,ZA
vsafe-1-6-daily-dose2,ZAF-32309-15137,s287536005927807221901398010894744193148,02/18/2022,Oropharyngeal pain,Sore throat,26.1,YES,NO,,03/14/2024,ZA
vsafe-1-6-daily-dose2,ZAF-32309-15137,s287641615219365661797860413088792771018,02/19/2022,Oropharyngeal pain,Sore throat,26.1,YES,NO,,03/15/2024,ZA
vsafe-1-6-daily-dose2,ZAF-32309-15137,s287849334484802902884296319625216014963,02/21/2022,Chest pain,Chest pain,26.1,YES,NO,,03/15/2024,ZA
vsafe-1-6-daily-dose2,ZAF-32309-15137,s287849334484802902884296319625216014963,02/21/2022,Oropharyngeal pain,Sore throat,26.1,YES,NO,,03/15/2024,ZA
vsafe-1-6-daily-dose2,ZAF-32309-15137,s287953916182827160284412645322839979284,02/22/2022,Cough,Cough,26.1,YES,NO,,03/18/2024,ZA
vsafe-1-6-daily-dose2,ZAF-32309-15137,s287953916182827160284412645322839979284,02/22/2022,Oropharyngeal pain,Sore throat,26.1,YES,NO,,03/18/2024,ZA
vsafe-7-day-dose2,ZAF-32309-15137,s288058498510042718506351006621656336244,02/23/2022,Chest pain,Chest pain,26.1,YES,NO,,03/19/2024,ZA
vsafe-7-day-dose2,ZAF-32309-15137,s288058498510042718506351006621656336244,02/23/2022,Oropharyngeal pain,Sore throat,26.1,YES,NO,,03/19/2024,ZA
vsafe-1-6-daily-dose4,ZAJ-58744-01338,s293815403863811209503788478958712570767,04/19/2022,Blood glucose increased,Blood sugar increased,27.0,YES,NO,,04/23/2024,ZA
vsafe-1-6-daily-dose4,ZAD-49823-63676,s296928664871715452197410364278535022343,05/19/2022,Oropharyngeal pain,Sore throat,27.0,YES,NO,,05/16/2024,ZA
vsafe-0-day-dose3,ZAF-32309-15137,s303966469231957497144563912787079373114,07/25/2022,Oropharyngeal pain,Sore throat,27.0,YES,NO,,06/12/2024,ZA
vsafe-0-day-dose3,ZAF-32309-15137,s303966469231957497144563912787079373114,07/25/2022,Pain,Generalized aching,27.0,YES,NO,,06/12/2024,ZA
vsafe-1-6-daily-dose3,ZAF-32309-15137,s304034998310260682603064689833951264571,07/26/2022,Dizziness,Dizzy,27.0,YES,NO,,06/12/2024,ZA
vsafe-1-6-daily-dose3,ZAF-32309-15137,s304139431806898383707322849254382913642,07/27/2022,Dizziness,Dizziness,27.0,YES,NO,,06/12/2024,ZA
vsafe-1-6-daily-dose3,ZAF-32309-15137,s304452871026839009899802924432308714788,07/30/2022,Oropharyngeal pain,Sore throat,27.0,YES,NO,,06/13/2024,ZA
vsafe-1-6-daily-dose3,ZAF-32309-15137,s304452871026839009899802924432308714788,07/30/2022,Hyperhidrosis,Sweating,27.0,YES,NO,,06/13/2024,ZA
vsafe-1-6-daily-dose3,ZAF-32309-15137,s304452871026839009899802924432308714788,07/30/2022,Increased upper airway secretion,Throat secretion increased,27.0,YES,NO,,06/13/2024,ZA
vsafe-1-6-daily-dose3,ZAF-32309-15137,s304452871026839009899802924432308714788,07/30/2022,Oropharyngeal pain,Throat pain,27.0,YES,NO,,06/13/2024,ZA
vsafe-7-day-dose3,ZAF-32309-15137,s304696254191061343826844064894465741375,08/01/2022,Hyperhidrosis,Sweating,27.0,YES,NO,,06/13/2024,ZA
vsafe-7-day-dose5,ZAD-49823-63676,s311760239827578218017081435850887794870,10/08/2022,Dizziness,Dizzy,27.0,YES,NO,,07/01/2024,ZA
vsafe-0-day-dose1,ZA5-18230-74480,s242966320838065207137555244005091603221,12/18/2020,Dizziness,Dizziness,25.1,YES,NO,,10/18/2022,ZA
vsafe-0-day-dose1,ZA5-18230-74480,s242966320838065207137555244005091603221,12/18/2020,Immediate post-injection reaction,Immediate post-injection reaction,25.1,YES,NO,,10/18/2022,ZA
vsafe-1-6-daily-dose1,ZA5-18230-74480,s243143572719304897040816172089828092327,12/20/2020,Rhinorrhoea,Runny nose,25.1,YES,NO,,10/21/2022,ZA
vsafe-1-6-daily-dose2,ZAH-17934-30827,s245338701476670624929324468762913170846,01/10/2021,Hyperhidrosis,Sweating,25.1,YES,NO,,11/10/2022,ZA
vsafe-1-6-daily-dose2,ZAH-17934-30827,s245456678568662659399005057184124542022,01/11/2021,Hyperhidrosis,Sweating,25.1,YES,NO,,11/10/2022,ZA
vsafe-0-day-dose1,ZAB-18707-02248,s246905382118491390901487062925645057526,01/25/2021,No adverse event,No adverse reaction,25.1,YES,NO,,11/23/2022,ZA
vsafe-1-6-daily-dose1,ZAB-18707-02248,s247012451445433979287136579692115174786,01/26/2021,Unevaluable event,Reaction unevaluable,25.1,YES,NO,,11/25/2022,ZA
vsafe-1-6-daily-dose1,ZA3-23555-07928,s247555385484631005057895014403586843227,01/31/2021,Pain in extremity,Pain in arm,25.1,YES,NO,,12/01/2022,ZA
vsafe-1-6-daily-dose1,ZA3-23555-07928,s247555385484631005057895014403586843227,01/31/2021,Injection site bruising,Injection site bruising,25.1,YES,NO,,12/01/2022,ZA
vsafe-1-6-daily-dose1,ZA3-23555-07928,s247743643886948107620327334071941903098,02/02/2021,Injection site pain,Pain injection site,25.1,YES,NO,,12/04/2022,ZA
vsafe-0-day-dose2,ZAA-23041-19146,s248398731074437385206659715411342930796,02/08/2021,Paraesthesia oral,Tingling tongue,25.1,YES,NO,,12/13/2022,ZA
vsafe-0-day-dose2,ZAA-23041-19146,s248398731074437385206659715411342930796,02/08/2021,Throat tightness,Throat tightness,25.1,YES,NO,,12/13/2022,ZA
vsafe-0-day-dose2,ZAA-23041-19146,s248398731074437385206659715411342930796,02/08/2021,Oropharyngeal pain,Throat sore,25.1,YES,NO,,12/13/2022,ZA
vsafe-0-day-dose2,ZAA-23041-19146,s248398731074437385206659715411342930796,02/08/2021,Immediate post-injection reaction,Immediate post-injection reaction,25.1,YES,NO,,12/13/2022,ZA
vsafe-1-6-daily-dose2,ZAB-77529-58241,s248490369972712833181467602153368115519,02/09/2021,Cough,Cough,25.1,YES,NO,,12/15/2022,ZA
vsafe-1-6-daily-dose2,ZAB-77529-58241,s248593495015011137002525586698430767217,02/10/2021,Cough,Cough,25.1,YES,NO,,12/16/2022,ZA
vsafe-1-6-daily-dose2,ZAB-77529-58241,s248700163809482332331687872310534652208,02/11/2021,Cough,Cough,25.1,YES,NO,,12/19/2022,ZA
vsafe-7-day-dose2,ZAB-77529-58241,s248814608504333233159067194094342774655,02/12/2021,Cough,Coughing,25.1,YES,NO,,12/20/2022,ZA
vsafe-1-6-daily-dose2,ZAA-23041-19146,s248805193884406891690456609991758109262,02/12/2021,Oropharyngeal pain,Sore throat,25.1,YES,NO,,12/20/2022,ZA
vsafe-1-6-daily-dose2,ZAA-23041-19146,s248805193884406891690456609991758109262,02/12/2021,Hypoaesthesia oral,Numb mouth,25.1,YES,NO,,12/20/2022,ZA
vsafe-1-6-daily-dose2,ZAA-23041-19146,s248898451361942271467534036382352328321,02/13/2021,Paraesthesia oral,Perioral tingling,25.1,YES,NO,,12/21/2022,ZA
vsafe-1-6-daily-dose2,ZA3-23555-07928,s250454412332247015488812853908241781497,02/28/2021,Pruritus,Itchy,25.1,YES,NO,,01/05/2023,ZA
vsafe-1-6-daily-dose2,ZAR-32972-09673,s251327032133274921174836742975021297501,03/08/2021,Respiratory tract congestion,Respiratory tract congestion,25.1,YES,NO,,01/11/2023,ZA
vsafe-1-6-daily-dose2,ZAR-32972-09673,s251327032133274921174836742975021297501,03/08/2021,Sneezing,Sneezing,25.1,YES,NO,,01/11/2023,ZA
vsafe-1-6-daily-dose2,ZAR-32972-09673,s251327032133274921174836742975021297501,03/08/2021,Anosmia,Loss of smell,25.1,YES,NO,,01/11/2023,ZA
vsafe-1-6-daily-dose2,ZAR-32972-09673,s251402346288632945087401045072418612189,03/09/2021,SARS-CoV-2 test positive,COVID-19 virus test positive,25.1,YES,NO,,01/12/2023,ZA
vsafe-1-6-daily-dose2,ZAR-32972-09673,s251508799345944379977850284715016888135,03/10/2021,Nasal congestion,Nasal congestion,25.1,YES,NO,,01/13/2023,ZA
vsafe-1-6-daily-dose2,ZAR-32972-09673,s251508799345944379977850284715016888135,03/10/2021,Cough,Cough,25.1,YES,NO,,01/13/2023,ZA
vsafe-1-6-daily-dose2,ZAR-32972-09673,s251508799345944379977850284715016888135,03/10/2021,Lymphadenopathy,Swollen glands,25.1,YES,NO,,01/13/2023,ZA
vsafe-1-6-daily-dose2,ZAR-32972-09673,s251508799345944379977850284715016888135,03/10/2021,SARS-CoV-2 test positive,COVID-19 virus test positive,25.1,YES,NO,,01/13/2023,ZA
vsafe-1-6-daily-dose2,ZAR-32972-09673,s251613504858311311492797325943767746305,03/11/2021,SARS-CoV-2 test positive,COVID-19 virus test positive,25.1,YES,NO,,01/23/2023,ZA
vsafe-7-day-dose2,ZAR-32972-09673,s251717894034096605005651363804771659570,03/12/2021,SARS-CoV-2 test positive,COVID-19 virus test positive,25.1,YES,NO,,01/24/2023,ZA
vsafe-1-6-daily-dose2,ZAM-16369-75476,s251925518269525874163296697646077057239,03/14/2021,Hyperhidrosis,Sweating,25.1,YES,NO,,01/25/2023,ZA
vsafe-1-6-daily-dose2,ZA2-28217-32574,s253191970937785317618921385061356554643,03/26/2021,Feeling abnormal,Foggy feeling in head,25.1,YES,NO,,02/07/2023,ZA
vsafe-1-6-daily-dose2,ZAE-26645-31856,s253812350799808423164054761237448904505,04/01/2021,Lymph node pain,Lymph node pain,25.1,YES,NO,,02/13/2023,ZA
vsafe-1-6-daily-dose2,ZAE-26645-31856,s253812350799808423164054761237448904505,04/01/2021,Tenderness,Tenderness,25.1,YES,NO,,02/13/2023,ZA
vsafe-1-6-daily-dose1,ZA4-13746-52157,s254014508144583553897462385757014088911,04/03/2021,Dizziness,Light-headed,25.1,YES,NO,,02/14/2023,ZA
vsafe-1-6-daily-dose2,ZAE-26645-31856,s254245975927511809998630256388896109118,04/05/2021,Lymphadenopathy,Swollen lymph nodes,25.1,YES,NO,,02/16/2023,ZA
vsafe-1-6-daily-dose2,ZAH-17785-76871,s254222162294620045458205390496649053843,04/05/2021,Vertigo,Vertigo,25.1,YES,NO,,02/16/2023,ZA
vsafe-1-6-daily-dose1,ZAS-12054-74225,s254638825393862086081815855592477733036,04/09/2021,No adverse event,No adverse reaction,25.1,YES,NO,,02/21/2023,ZA
vsafe-0-day-dose1,ZAV-38590-41851,s254750226019412666626441429723613120188,04/10/2021,No adverse event,No adverse reaction,25.1,YES,NO,,02/22/2023,ZA
vsafe-1-6-daily-dose1,ZAS-12054-74225,s254864886837214593299348189709540714602,04/11/2021,No adverse event,No adverse reaction,25.1,YES,NO,,02/23/2023,ZA
vsafe-1-6-daily-dose1,ZA6-78768-35436,s254959905947988603684197127108436857152,04/12/2021,Feeling abnormal,Fuzzy head,25.1,YES,NO,,02/23/2023,ZA
vsafe-7-day-dose1,ZAS-12054-74225,s255265450993778795041127788841169237047,04/15/2021,No adverse event,No adverse reaction,25.1,YES,NO,,02/28/2023,ZA
vsafe-1-6-daily-dose2,ZAA-26778-08822,s256942637722532653898488154368485503982,05/01/2021,Abdominal pain,Abdominal pain,25.1,YES,NO,,03/13/2023,ZA
vsafe-1-6-daily-dose2,ZA6-78768-35436,s257384925810304931108312709070915776295,05/05/2021,Feeling abnormal,Fuzzy head,26.0,YES,NO,,03/15/2023,ZA
vsafe-1-6-daily-dose2,ZA6-78768-35436,s257473429268845599885402662855695314958,05/06/2021,Feeling abnormal,Fuzzy head,26.0,YES,NO,,03/16/2023,ZA
vsafe-7-day-dose2,ZA6-78768-35436,s257577269455403715569566660771323714099,05/07/2021,Feeling abnormal,Fuzzy head,26.0,YES,NO,,03/16/2023,ZA
vsafe-1-6-daily-dose1,ZAS-11427-93981,s259445609254433921905786989567569220316,05/25/2021,Pulse abnormal,Pulse weak,26.0,YES,NO,,03/29/2023,ZA
vsafe-1-6-daily-dose1,ZAS-11427-93981,s259445609254433921905786989567569220316,05/25/2021,Dizziness,Dizzy,26.0,YES,NO,,03/29/2023,ZA
vsafe-1-6-daily-dose3,ZAC-10167-49093,s279931332182334215232866091993628566587,12/07/2021,Respiratory tract congestion,Respiratory tract congestion,26.1,YES,NO,,01/23/2024,ZA
vsafe-1-6-daily-dose3,ZAC-10167-49093,s280142612296874670541576732029701755120,12/09/2021,Respiratory tract congestion,Respiratory tract congestion,26.1,YES,NO,,01/24/2024,ZA
vsafe-7-day-dose3,ZA2-28217-32574,s280651121366726459135719071654045451273,12/14/2021,Menstruation irregular,Irregular periods,26.1,YES,NO,,01/26/2024,ZA
vsafe-1-6-daily-dose4,ZAG-31977-66420,s311244345922435910977342366155801244230,10/03/2022,Lymphadenopathy,Lymphadenopathy,27.0,YES,NO,,06/27/2024,ZA
vsafe-1-6-daily-dose4,ZAG-31977-66420,s311348428812948944237666447214980554723,10/04/2022,Lymphadenopathy,Lymphadenopathy,27.0,YES,NO,,06/28/2024,ZA
vsafe-1-6-daily-dose2,ZAG-88632-56757,s245759319524127432157465830646107270684,01/14/2021,Hypoaesthesia,Numbness in fingers,25.1,YES,NO,,11/15/2022,ZA
vsafe-1-6-daily-dose2,ZAG-88632-56757,s245759319524127432157465830646107270684,01/14/2021,Paraesthesia,Tingling of extremity,25.1,YES,NO,,11/15/2022,ZA
vsafe-1-6-daily-dose2,ZAG-88632-56757,s245759319524127432157465830646107270684,01/14/2021,Pre-existing disease,Pre-existing disease,25.1,YES,NO,,11/15/2022,ZA
vsafe-1-6-daily-dose2,ZAG-88632-56757,s245759319524127432157465830646107270684,01/14/2021,Herpes zoster reactivation,Herpes zoster reactivation,25.1,NO,NO,07/20/2023,11/15/2022,ZA
vsafe-1-6-daily-dose2,ZAG-88632-56757,s245759319524127432157465830646107270684,01/14/2021,Herpes simplex,Herpes simplex aggravated,26.0,YES,YES,07/20/2023,11/15/2022,ZA
vsafe-1-6-daily-dose1,ZAC-21077-40386,s246705270612243931736259576837610043883,01/23/2021,Pre-existing disease,Pre-existing disease,25.1,YES,NO,,11/22/2022,ZA
vsafe-1-6-daily-dose1,ZAC-21077-40386,s246705270612243931736259576837610043883,01/23/2021,Condition aggravated,Condition aggravated,25.1,YES,NO,,11/22/2022,ZA
vsafe-1-6-daily-dose1,ZAK-30844-55686,s251617842430990357785310651245537158933,03/11/2021,Disorientation,Disorientation,25.1,YES,NO,,01/15/2023,ZA
vsafe-1-6-daily-dose1,ZAK-30844-55686,s251617842430990357785310651245537158933,03/11/2021,Cognitive disorder,Cognitive function abnormal,25.1,YES,NO,,01/15/2023,ZA
vsafe-1-6-daily-dose1,ZAK-30844-55686,s251721490442850800701547215208883833705,03/12/2021,Fall,Fall,25.1,YES,NO,,01/23/2023,ZA
vsafe-1-6-daily-dose1,ZAK-30844-55686,s251721490442850800701547215208883833705,03/12/2021,Lip injury,Lip injury,25.1,YES,NO,,01/23/2023,ZA
vsafe-1-6-daily-dose1,ZAK-30844-55686,s251721490442850800701547215208883833705,03/12/2021,Face injury,Face injury,25.1,YES,NO,,01/23/2023,ZA
vsafe-1-6-daily-dose1,ZAB-33576-90424,s253286770797057273853279658897943740064,03/27/2021,Ear pain,Earache,25.1,YES,NO,,02/07/2023,ZA
vsafe-1-6-daily-dose1,ZAB-33576-90424,s253286770797057273853279658897943740064,03/27/2021,Ear discomfort,Ear feels clogged,25.1,YES,NO,,02/07/2023,ZA
vsafe-0-day-dose1,ZAJ-32690-64932,s253593677776145718163115193605590488942,03/30/2021,Dizziness,Felt faint,25.1,YES,NO,,02/09/2023,ZA
vsafe-0-day-dose1,ZAJ-32690-64932,s253593677776145718163115193605590488942,03/30/2021,Hypotension,Blood pressure low,25.1,YES,NO,,02/09/2023,ZA
vsafe-0-day-dose1,ZAJ-32690-64932,s253593677776145718163115193605590488942,03/30/2021,Immediate post-injection reaction,Immediate post-injection reaction,25.1,YES,NO,,02/09/2023,ZA
vsafe-1-6-daily-dose2,ZAK-30844-55686,s255161629451931094148413241777336226103,04/14/2021,Confusional state,Confusion,25.1,YES,NO,,03/01/2023,ZA
vsafe-1-6-daily-dose2,ZAK-30844-55686,s255267769353224231649430044353921481940,04/15/2021,Confusional state,Confusion,25.1,YES,NO,,02/28/2023,ZA
vsafe-1-6-daily-dose1,ZAX-20916-41901,s255513269387847475739962479313494407140,04/17/2021,Feeling abnormal,Foggy feeling in head,25.1,YES,NO,,03/02/2023,ZA
vsafe-1-6-daily-dose2,ZAF-28663-00953,s257139267729991184243066697605616170284,05/03/2021,Constipation,Constipation,25.1,YES,NO,,03/14/2023,ZA
vsafe-1-6-daily-dose2,ZAF-28663-00953,s257265370070499939167922431103098089349,05/04/2021,Constipation,Constipation,25.1,YES,NO,,03/14/2023,ZA
vsafe-1-6-daily-dose2,ZA7-20909-81208,s258819706982666526468581029262953972095,05/19/2021,Unevaluable event,Reaction unevaluable,26.0,YES,NO,,03/25/2023,ZA
vsafe-1-6-daily-dose2,ZAX-10740-54489,s259333035902095562341710555327981350190,05/24/2021,Ageusia,Loss of taste,26.0,YES,NO,,03/29/2023,ZA
vsafe-0-day-dose2,ZA8-42982-15067,s260487895344374879967093449411349080544,06/04/2021,Injection site pain,Injection site muscle pain,26.0,YES,NO,,04/03/2023,ZA
vsafe-1-6-daily-dose4,ZAK-30786-46545,s295786535831713935407541225212200230197,05/08/2022,Muscle spasms,Cramps in legs,27.0,YES,NO,,05/09/2024,ZA
vsafe-1-6-daily-dose4,ZAG-88632-56757,s300379154223335625672116246793719308732,06/21/2022,Oedema peripheral,Edema arms,27.0,YES,NO,,06/03/2024,ZA
vsafe-1-6-daily-dose4,ZAG-88632-56757,s300379154223335625672116246793719308732,06/21/2022,Axillary pain,Axillary pain,27.0,YES,NO,,06/03/2024,ZA
vsafe-1-6-daily-dose4,ZAG-88632-56757,s300484907098078115775155337820052807409,06/22/2022,Lymphadenopathy,Axillary lymph nodes enlarged,27.0,YES,NO,,06/03/2024,ZA
vsafe-1-6-daily-dose4,ZAG-88632-56757,s300583724294396450962027903995188228403,06/23/2022,Lymphadenopathy,Supraclavicular lymph nodes enlarged,27.0,YES,NO,,06/03/2024,ZA
vsafe-1-6-daily-dose4,ZAG-88632-56757,s300583724294396450962027903995188228403,06/23/2022,Lymphadenopathy,Axillary lymph nodes enlarged,27.0,YES,NO,,06/03/2024,ZA
vsafe-1-6-daily-dose4,ZAG-88632-56757,s300583724294396450962027903995188228403,06/23/2022,Lymph node pain,Lymph node pain,27.0,YES,NO,,06/03/2024,ZA
vsafe-1-6-daily-dose4,ZAG-88632-56757,s300698155288919628291330574733095390379,06/24/2022,Breast pain,Painful breasts,27.0,YES,NO,,06/03/2024,ZA
vsafe-1-6-daily-dose4,ZAG-88632-56757,s300698155288919628291330574733095390379,06/24/2022,Axillary pain,Axillary pain,27.0,YES,NO,,06/03/2024,ZA
vsafe-1-6-daily-dose4,ZAG-88632-56757,s300698155288919628291330574733095390379,06/24/2022,Breast swelling,Breast swelling,27.0,YES,NO,,06/03/2024,ZA
vsafe-1-6-daily-dose4,ZAG-88632-56757,s300698155288919628291330574733095390379,06/24/2022,Pain,Pain localized,27.0,YES,NO,,06/03/2024,ZA
vsafe-1-6-daily-dose4,ZAG-88632-56757,s300698155288919628291330574733095390379,06/24/2022,Swelling,Local swelling,27.0,YES,NO,,06/03/2024,ZA
vsafe-1-6-daily-dose4,ZAG-88632-56757,s300698155288919628291330574733095390379,06/24/2022,Oedema peripheral,Edema arms,27.0,YES,NO,,06/03/2024,ZA
vsafe-1-6-daily-dose4,ZAG-88632-56757,s300796861812558559430741571482814156792,06/25/2022,Oedema peripheral,Edema arms,27.0,YES,NO,,06/03/2024,ZA
vsafe-1-6-daily-dose4,ZAG-88632-56757,s300796861812558559430741571482814156792,06/25/2022,Breast swelling,Breast swelling,27.0,YES,NO,,06/03/2024,ZA
vsafe-1-6-daily-dose4,ZAG-88632-56757,s300796861812558559430741571482814156792,06/25/2022,Swelling,Swelling,27.0,YES,NO,,06/03/2024,ZA
vsafe-7-day-dose4,ZAG-88632-56757,s300901246144671478647360031059281116991,06/26/2022,Lymphadenopathy,Swollen lymph nodes,27.0,YES,NO,,06/04/2024,ZA
vsafe-1-6-daily-dose4,ZAM-20667-50785,s301332754306897469312437644541098095342,06/30/2022,Pain,Generalized aching,27.0,YES,NO,,06/04/2024,ZA
vsafe-1-6-daily-dose1,ZAM-30369-00043,s246709164513128450250076923743852744499,01/23/2021,Nervousness,Shaky feelings,25.1,YES,NO,,11/22/2022,ZA
vsafe-0-day-dose1,ZAF-19507-64910,s247116185038599833211069185417252852987,01/27/2021,Systemic lupus erythematosus,Lupus erythematosus systemic,25.1,YES,NO,,11/27/2022,ZA
vsafe-0-day-dose1,ZAF-19507-64910,s247116185038599833211069185417252852987,01/27/2021,Asthma,Asthma,25.1,YES,NO,,11/27/2022,ZA
vsafe-1-6-daily-dose1,ZA6-33252-86698,s247327521184256330645403530595467452743,01/29/2021,Musculoskeletal stiffness,Stiff neck,25.1,YES,NO,,11/30/2022,ZA
vsafe-1-6-daily-dose1,ZAE-32321-66120,s247858677395748332843836715220872129958,02/03/2021,Decreased appetite,Appetite lost,25.1,YES,NO,,12/05/2022,ZA
vsafe-1-6-daily-dose2,ZA6-44545-80247,s248161189238162267833784576666751349640,02/06/2021,Tachycardia,Tachycardia,25.1,YES,NO,,12/09/2022,ZA
vsafe-1-6-daily-dose1,ZAJ-22523-06289,s248401108778840663670087705353897248980,02/08/2021,Adverse reaction,Adverse reaction,25.1,YES,NO,,12/13/2022,ZA
vsafe-1-6-daily-dose2,ZA6-44545-80247,s248476764376961058149112105028773612748,02/09/2021,Insomnia,Insomnia,25.1,YES,NO,,12/15/2022,ZA
vsafe-1-6-daily-dose2,ZA6-44545-80247,s248678667846306612946978018295917771992,02/11/2021,Insomnia,Insomnia,25.1,YES,NO,,12/19/2022,ZA
vsafe-1-6-daily-dose2,ZAQ-38662-91678,s249726755362556912105788983597154865382,02/21/2021,Back pain,Back pain,25.1,YES,NO,,12/29/2022,ZA
vsafe-1-6-daily-dose2,ZAQ-38662-91678,s249726755362556912105788983597154865382,02/21/2021,Flank pain,Flank pain,25.1,YES,NO,,12/29/2022,ZA
vsafe-1-6-daily-dose2,ZAQ-38662-91678,s249833385246944904070014571798439039841,02/22/2021,Myalgia,Muscle pain,25.1,YES,NO,,12/29/2022,ZA
vsafe-1-6-daily-dose2,ZAQ-38662-91678,s249937892084218678252344365269673210509,02/23/2021,Neck pain,Neck pain,25.1,YES,NO,,12/30/2022,ZA
vsafe-1-6-daily-dose1,ZAJ-11747-21402,s250266965188256675520696044699358252832,02/26/2021,Rash,Rash over arms,25.1,YES,NO,,01/03/2023,ZA
vsafe-1-6-daily-dose1,ZAJ-11747-21402,s250266965188256675520696044699358252832,02/26/2021,Self-medication,Self-medication,25.1,YES,NO,,01/03/2023,ZA
vsafe-1-6-daily-dose1,ZAJ-11747-21402,s250266965188256675520696044699358252832,02/26/2021,Immediate post-injection reaction,Immediate post-injection reaction,27.0,YES,YES,09/11/2024,01/03/2023,ZA
vsafe-1-6-daily-dose1,ZAY-35823-34557,s251092711721136899779203035603088898216,03/06/2021,No adverse event,No adverse reaction,25.1,YES,NO,,01/10/2023,ZA
vsafe-7-day-dose1,ZAY-35823-34557,s251626222918680366818116162491897247119,03/11/2021,Unevaluable event,Reaction unevaluable,25.1,YES,NO,,01/23/2023,ZA
vsafe-1-6-daily-dose1,ZAK-14652-02721,s251817640063566320530642780133081655344,03/13/2021,Pruritus,Itching,25.1,YES,NO,,01/24/2023,ZA
vsafe-7-day-dose1,ZAV-30515-35112,s252555512075071562254770416456999561508,03/20/2021,Asthma,Asthma,25.1,YES,NO,,02/01/2023,ZA
vsafe-1-6-daily-dose1,ZAJ-13808-75659,s252857166703962969253477618111405010217,03/23/2021,Lymphadenopathy,Swollen glands,25.1,YES,NO,,02/02/2023,ZA
vsafe-1-6-daily-dose2,ZAJ-13808-75659,s254839220326343493259560979941122800999,04/11/2021,Oropharyngeal pain,Sore throat,25.1,YES,NO,,02/23/2023,ZA
vsafe-0-day-dose2,ZAA-70376-42917,s255166256009380969692329691708559869313,04/14/2021,Pre-existing disease,Pre-existing disease,25.1,YES,NO,,02/27/2023,ZA
vsafe-0-day-dose2,ZAA-70376-42917,s255166256009380969692329691708559869313,04/14/2021,Condition aggravated,Condition aggravated,25.1,YES,NO,,02/27/2023,ZA
vsafe-0-day-dose2,ZAC-29968-40204,s262460458157762258928867207072352704802,06/23/2021,Dizziness,Dizziness,26.0,YES,NO,,04/06/2023,ZA
vsafe-0-day-dose2,ZAC-29968-40204,s262460458157762258928867207072352704802,06/23/2021,Hot flush,Hot flashes,26.0,YES,NO,,04/06/2023,ZA
vsafe-0-day-dose2,ZAC-29968-40204,s262460458157762258928867207072352704802,06/23/2021,Dizziness,Light-headed,26.0,YES,NO,,04/06/2023,ZA
vsafe-0-day-dose2,ZAC-29968-40204,s262460458157762258928867207072352704802,06/23/2021,Tremor,Shaking,26.0,YES,NO,,04/06/2023,ZA
vsafe-1-6-daily-dose2,ZAC-29968-40204,s262669715567257396556982194307691353230,06/25/2021,Tremor,Shakiness,26.0,YES,NO,,04/06/2023,ZA
vsafe-1-6-daily-dose1-dep,ZA4-14197-72192,s268312954461830737546859242149821194960,08/18/2021,Oropharyngeal pain,Sore throat,26.0,YES,NO,,07/05/2023,ZA
vsafe-1-6-daily-dose1,ZAZ-12226-22608,s269041293269077412975602101727389204471,08/25/2021,Intermenstrual bleeding,Spotting menstrual,26.0,YES,NO,,07/27/2023,ZA
vsafe-1-6-daily-dose1,ZAZ-12226-22608,s269145910353799289553335609140441683053,08/26/2021,Heavy menstrual bleeding,Heavy menstrual bleeding,26.0,YES,NO,,08/01/2023,ZA
vsafe-1-6-daily-dose1,ZAZ-12226-22608,s269145910353799289553335609140441683053,08/26/2021,Dysmenorrhoea,Menstrual cramps,26.0,YES,NO,,08/01/2023,ZA
vsafe-0-day-dose1,ZAZ-28883-62613,s269268902561775029430085654508338858135,08/27/2021,Brain fog,Brain fog,26.0,YES,NO,,08/04/2023,ZA
vsafe-0-day-dose1,ZAZ-28883-62613,s269268902561775029430085654508338858135,08/27/2021,Dizziness,Dizzy,26.0,YES,NO,,08/04/2023,ZA
vsafe-0-day-dose1,ZAZ-28883-62613,s269268902561775029430085654508338858135,08/27/2021,Dizziness,Light-headed,26.0,YES,NO,,08/04/2023,ZA
vsafe-1-6-daily-dose1,ZAZ-12226-22608,s269249655263484219004244572280340499075,08/27/2021,Heavy menstrual bleeding,Heavy menstrual bleeding,26.0,YES,NO,,08/07/2023,ZA
vsafe-1-6-daily-dose1,ZAZ-28883-62613,s269378324409057885664731610324277062095,08/28/2021,Brain fog,Brain fog,26.0,YES,NO,,08/10/2023,ZA
vsafe-1-6-daily-dose1,ZAZ-28883-62613,s269378324409057885664731610324277062095,08/28/2021,Unevaluable event,Reaction unevaluable,26.0,YES,NO,,08/10/2023,ZA
vsafe-1-6-daily-dose1,ZAZ-12226-22608,s269354179641751000940639369629623021440,08/28/2021,Menstruation irregular,Menstruation irregular,26.0,YES,NO,,08/10/2023,ZA
vsafe-1-6-daily-dose1,ZAZ-12226-22608,s269465792476440463409144850485770634604,08/29/2021,Menstruation irregular,Irregular menstrual cycle,26.0,YES,NO,,08/14/2023,ZA
vsafe-1-6-daily-dose1,ZAZ-28883-62613,s269470465104764979621449560530149356332,08/29/2021,Brain fog,Brain fog,26.0,YES,NO,,08/14/2023,ZA
vsafe-1-6-daily-dose1,ZAZ-28883-62613,s269470465104764979621449560530149356332,08/29/2021,Oropharyngeal pain,Throat sore,26.0,YES,NO,,08/14/2023,ZA
vsafe-7-day-dose1,ZAZ-12226-22608,s269562298968690280936813674324881462525,08/30/2021,Menstruation irregular,Irregular menstrual cycle,26.0,YES,NO,,08/18/2023,ZA
vsafe-7-day-dose1,ZAZ-12226-22608,s269562298968690280936813674324881462525,08/30/2021,Dysgeusia,Taste metallic,26.0,YES,NO,,08/18/2023,ZA
vsafe-1-6-daily-dose1,ZAZ-28883-62613,s269574883585497165596642571617655490145,08/30/2021,Brain fog,Brain fog,26.0,YES,NO,,08/16/2023,ZA
vsafe-1-6-daily-dose1,ZAZ-28883-62613,s269784749953647935790555964543584620900,09/01/2021,Brain fog,Brain fog,26.0,YES,NO,,08/23/2023,ZA
vsafe-1-6-daily-dose1,ZAZ-28883-62613,s269892621031804431600687818443357595340,09/02/2021,Brain fog,Brain fog,26.0,YES,NO,,08/25/2023,ZA
vsafe-7-day-dose1,ZAZ-28883-62613,s269995079211204434038241474032739989412,09/03/2021,Brain fog,Brain fog,26.0,YES,NO,,09/04/2023,ZA
vsafe-1-6-daily-dose2,ZAZ-28883-62613,s272219126748504928192939823331086598115,09/24/2021,Nausea,Nauseous,26.1,YES,NO,,10/04/2023,ZA
vsafe-1-6-daily-dose2,ZAZ-28883-62613,s272219126748504928192939823331086598115,09/24/2021,Brain fog,Brain fog,26.1,YES,NO,,10/04/2023,ZA
vsafe-1-6-daily-dose2,ZAZ-28883-62613,s272290942322168089624566015892717727687,09/25/2021,Brain fog,Brain fog,26.1,YES,NO,,12/05/2023,ZA
vsafe-1-6-daily-dose2,ZAZ-28883-62613,s272626374812662218461779724856776591547,09/28/2021,Brain fog,Brain fog,26.1,YES,NO,,10/13/2023,ZA
vsafe-1-6-daily-dose2,ZAZ-28883-62613,s272740151453972565750179503921921968084,09/29/2021,Brain fog,Brain fog,26.1,YES,NO,,10/16/2023,ZA
vsafe-7-day-dose2,ZAZ-28883-62613,s272813677634809530235792082029863644524,09/30/2021,Brain fog,Brain fog,26.1,YES,NO,,10/20/2023,ZA
vsafe-1-6-daily-dose3,ZA9-21042-20020,s274575388894895188532912294766098154289,10/17/2021,Lymphadenopathy,Swollen lymph nodes,26.1,YES,NO,,11/17/2023,ZA
vsafe-1-6-daily-dose3,ZA9-21042-20020,s274680375472808289015902215214958542618,10/18/2021,Lymphadenopathy,Swollen lymph nodes,26.1,YES,NO,,11/20/2023,ZA
vsafe-1-6-daily-dose3,ZAJ-13808-75659,s274895274199711488925029440019956913151,10/20/2021,Pain of skin,Scalp pain,26.1,YES,NO,,11/21/2023,ZA
vsafe-1-6-daily-dose3,ZA6-33252-86698,s275938077940221008693989164004290525118,10/30/2021,Pyrexia,Low grade fever,26.1,YES,NO,,01/09/2024,ZA
vsafe-1-6-daily-dose3,ZA6-33252-86698,s275938077940221008693989164004290525118,10/30/2021,Fatigue,Tiredness,26.1,YES,NO,,01/09/2024,ZA
vsafe-1-6-daily-dose3,ZA6-33252-86698,s275938077940221008693989164004290525118,10/30/2021,Pain in extremity,Pain in arm,26.1,YES,NO,,01/09/2024,ZA
vsafe-1-6-daily-dose3,ZA6-33252-86698,s275938077940221008693989164004290525118,10/30/2021,Injection site erythema,Injection site redness,26.1,YES,NO,,01/09/2024,ZA
vsafe-1-6-daily-dose3,ZA6-33252-86698,s275938077940221008693989164004290525118,10/30/2021,Injection site swelling,Swelling of injection site,26.1,YES,NO,,01/09/2024,ZA
vsafe-1-6-daily-dose3,ZA6-33252-86698,s275938077940221008693989164004290525118,10/30/2021,Injection site pruritus,Injection site itching,26.1,YES,NO,,01/09/2024,ZA
vsafe-1-6-daily-dose3,ZA6-33252-86698,s275938077940221008693989164004290525118,10/30/2021,Loss of personal independence in daily activities,Activities of daily living impaired,26.1,YES,NO,,01/09/2024,ZA
vsafe-1-6-daily-dose3,ZAM-31590-59778,s277205766667101724039169407638018076645,11/11/2021,Dry mouth,Dry mouth,26.1,YES,NO,,12/26/2023,ZA
vsafe-1-6-daily-dose3,ZAM-31590-59778,s277310273265615297172869625290269840953,11/12/2021,Cough,Cough,26.1,YES,NO,,12/27/2023,ZA
vsafe-1-6-daily-dose3,ZAM-31590-59778,s277404636771538490914143370776505136325,11/13/2021,Discharge,Discharge,26.1,YES,NO,,12/28/2023,ZA
vsafe-1-6-daily-dose3,ZAM-31590-59778,s277515995776963271126721297994417353065,11/14/2021,Cough,Cough,26.1,YES,NO,,12/28/2023,ZA
vsafe-1-6-daily-dose3,ZAM-31590-59778,s277515995776963271126721297994417353065,11/14/2021,Oropharyngeal pain,Sore throat,26.1,YES,NO,,12/28/2023,ZA
vsafe-1-6-daily-dose3,ZAM-31590-59778,s277723922644868897591083827631896563260,11/16/2021,COVID-19,COVID-19,26.1,YES,NO,,01/12/2024,ZA
vsafe-1-6-daily-dose3,ZAM-31590-59778,s277723922644868897591083827631896563260,11/16/2021,Dyspnoea,Shortness of breath,26.1,YES,NO,,01/12/2024,ZA
vsafe-1-6-daily-dose3,ZAM-31590-59778,s277723922644868897591083827631896563260,11/16/2021,Cough,Cough,26.1,YES,NO,,01/12/2024,ZA
vsafe-7-day-dose3,ZAM-31590-59778,s277826147153326987184248159662439532903,11/17/2021,Cough,Cough,26.1,YES,NO,,01/16/2024,ZA
vsafe-7-day-dose3,ZAM-31590-59778,s277826147153326987184248159662439532903,11/17/2021,Dyspnoea,Shortness of breath,26.1,YES,NO,,01/16/2024,ZA
vsafe-7-day-dose3,ZAM-31590-59778,s277826147153326987184248159662439532903,11/17/2021,COVID-19,COVID-19,26.1,YES,NO,,01/16/2024,ZA
vsafe-0-day-dose1,ZAT-21674-35108,s279805028485157319856761750553205802085,12/06/2021,No adverse event,No adverse reaction,26.1,YES,NO,,01/22/2024,ZA
vsafe-1-6-daily-dose2,ZAT-21674-35108,s282535630486375786481359889080183871964,01/01/2022,Cystitis,Bladder infection,26.1,YES,NO,,02/08/2024,ZA
vsafe-1-6-daily-dose4,ZAQ-38662-91678,s296723558936757845103503124310205843574,05/17/2022,No adverse event,No adverse reaction,27.0,YES,NO,,05/15/2024,ZA
vsafe-1-6-daily-dose4,ZAQ-38662-91678,s297062146359198505372818563129148079288,05/20/2022,Anger,Rage,27.0,YES,NO,,05/17/2024,ZA
vsafe-1-6-daily-dose4,ZAQ-38662-91678,s297062146359198505372818563129148079288,05/20/2022,Crying,Crying,27.0,YES,NO,,05/17/2024,ZA
vsafe-1-6-daily-dose4,ZAQ-38662-91678,s297062146359198505372818563129148079288,05/20/2022,Depressed mood,Depressed mood,27.0,YES,NO,,05/17/2024,ZA
vsafe-1-6-daily-dose4,ZAQ-38662-91678,s297141226356361494371826096241625463751,05/21/2022,Anxiety,Anxiety,27.0,YES,NO,,05/17/2024,ZA
vsafe-1-6-daily-dose4,ZAQ-38662-91678,s297245641328467565791931808613527083961,05/22/2022,Anxiety,Anxiety,27.0,YES,NO,,05/20/2024,ZA
vsafe-1-6-daily-dose5,ZA9-21042-20020,s309984774480503930619722438168019613245,09/21/2022,Ocular discomfort,Sensation of pressure in eye,27.0,YES,NO,,06/21/2024,ZA
vsafe-1-6-daily-dose5,ZA9-21042-20020,s309984774480503930619722438168019613245,09/21/2022,Chest discomfort,Chest pressure,27.0,YES,NO,,06/21/2024,ZA
